,date,AssetPrice,RV_t (Realized Variance),RV_(t-1),RV_t Weekly,RV_t Monthly
4292,8/23/18,285.79,9.1e-06,8.5e-06,8.82e-06,1.27e-05
4293,8/24/18,287.52,7e-06,9.1e-06,8.83e-06,1.22e-05
4294,8/27/18,289.73,5.41e-06,7e-06,7.28e-06,1.18e-05
4295,8/28/18,289.915,6.92e-06,5.41e-06,7.18e-06,1.17e-05
4296,8/29/18,291.45,5.04e-06,6.92e-06,7.39e-06,1.1e-05
4297,8/30/18,290.32,1.63e-05,5.04e-06,6.69e-06,1.04e-05
4298,8/31/18,290.27,1.09e-05,1.63e-05,8.13e-06,1.06e-05
4299,9/4/18,289.84,1.74e-05,1.09e-05,8.91e-06,1.06e-05
4300,9/5/18,289.07,2.42e-05,1.74e-05,1.13e-05,1.07e-05
4301,9/6/18,288.16,2.32e-05,2.42e-05,1.48e-05,1.15e-05
4302,9/7/18,287.53,2.18e-05,2.32e-05,1.84e-05,1.24e-05
4303,9/10/18,288.09,1.05e-05,2.18e-05,1.95e-05,1.31e-05
4304,9/11/18,289.13,9.63e-06,1.05e-05,1.94e-05,1.33e-05
4305,9/12/18,289.18,1.77e-05,9.63e-06,1.79e-05,1.35e-05
4306,9/13/18,290.8,1.07e-05,1.77e-05,1.66e-05,1.34e-05
4307,9/14/18,290.92,8.98e-06,1.07e-05,1.4e-05,1.3e-05
4308,9/17/18,289.4,8.26e-06,8.98e-06,1.15e-05,1.29e-05
4309,9/18/18,290.92,8.66e-06,8.26e-06,1.1e-05,1.17e-05
4310,9/19/18,291.25,7.8e-06,8.66e-06,1.09e-05,1.17e-05
4311,9/20/18,293.53,4.96e-06,7.8e-06,8.88e-06,1.14e-05
4312,9/21/18,292.04,4.46e-06,4.96e-06,7.73e-06,1.13e-05
4313,9/24/18,291.08,6.98e-06,4.46e-06,6.83e-06,1.12e-05
4314,9/25/18,290.7,7.58e-06,6.98e-06,6.57e-06,1.12e-05
4315,9/26/18,289.84,1.84e-05,7.58e-06,6.36e-06,1.11e-05
4316,9/27/18,290.68,9.26e-06,1.84e-05,8.49e-06,1.16e-05
4317,9/28/18,290.57,9.49e-06,9.26e-06,9.35e-06,1.18e-05
4318,10/1/18,291.7,8.99e-06,9.49e-06,1.03e-05,1.19e-05
4319,10/2/18,291.61,1.16e-05,8.99e-06,1.08e-05,1.21e-05
4320,10/3/18,291.76,1.13e-05,1.16e-05,1.16e-05,1.19e-05
4321,10/4/18,289.53,3.08e-05,1.13e-05,1.01e-05,1.19e-05
4322,10/5/18,287.81,4.01e-05,3.08e-05,1.44e-05,1.25e-05
4323,10/8/18,287.8,3.07e-05,4.01e-05,2.06e-05,1.32e-05
4324,10/9/18,287.48,3.36e-05,3.07e-05,2.49e-05,1.36e-05
4325,10/10/18,278.27,0.000107869,3.36e-05,2.93e-05,1.41e-05
4326,10/11/18,272.54,0.000292887,0.000107869,4.86e-05,1.85e-05
4327,10/12/18,276.01,0.000138612,0.000292887,0.000101023,3.14e-05
4328,10/15/18,274.49,6.12e-05,0.000138612,0.00012073,3.69e-05
4329,10/16/18,280.24,3.05e-05,6.12e-05,0.000126842,3.92e-05
4330,10/17/18,280.42,7.46e-05,3.05e-05,0.000126216,4.02e-05
4331,10/18/18,276.39,9.48e-05,7.46e-05,0.000119557,4.32e-05
4332,10/19/18,276.22,7.53e-05,9.48e-05,7.99e-05,4.71e-05
4333,10/22/18,275.03,7.4e-05,7.53e-05,6.73e-05,5.02e-05
4334,10/23/18,273.52,9.88e-05,7.4e-05,6.98e-05,5.33e-05
4335,10/24/18,265.21,0.000163398,9.88e-05,8.35e-05,5.76e-05
4336,10/25/18,270.01,9.64e-05,0.000163398,0.000101245,6.47e-05
4337,10/26/18,265.22,0.000273592,9.64e-05,0.000101562,6.87e-05
4338,10/29/18,263.69,0.000205774,0.000273592,0.00014122,8.03e-05
4339,10/30/18,267.88,0.00017588,0.000205774,0.000167584,8.93e-05
4340,10/31/18,270.69,6.23e-05,0.00017588,0.000183001,9.68e-05
4341,11/1/18,273.37,6.13e-05,6.23e-05,0.000162779,9.93e-05
4342,11/2/18,271.8,0.000102498,6.13e-05,0.000155762,0.000101521
4343,11/5/18,273.47,3.02e-05,0.000102498,0.000121543,0.000105667
4344,11/6/18,275.11,2.56e-05,3.02e-05,8.64e-05,0.00010564
4345,11/7/18,281,2.9e-05,2.56e-05,5.64e-05,0.000104984
4346,11/8/18,280.48,2.84e-05,2.9e-05,4.97e-05,0.000104906
4347,11/9/18,277.82,4.27e-05,2.84e-05,4.31e-05,0.000104671
4348,11/12/18,272.54,7.8e-05,4.27e-05,3.12e-05,0.00010171
4349,11/13/18,272.04,0.000115209,7.8e-05,4.07e-05,9.19e-05
4350,11/14/18,270.15,0.000109616,0.000115209,5.87e-05,9.09e-05
4351,11/15/18,273.01,0.000145456,0.000109616,7.48e-05,9.31e-05
4352,11/16/18,273.73,8.2e-05,0.000145456,9.82e-05,9.83e-05
4353,11/19/18,269.22,8.69e-05,8.2e-05,0.000106053,9.86e-05
4354,11/20/18,264.15,0.000153971,8.69e-05,0.000107837,9.83e-05
4355,11/21/18,265.03,3.62e-05,0.000153971,0.000115589,0.000101858
4356,11/23/18,263.32,2.47e-05,3.62e-05,0.000100907,0.000100143
4357,11/26/18,267.43,3.45e-05,2.47e-05,7.68e-05,9.68e-05
4358,11/27/18,268.29,4.94e-05,3.45e-05,6.72e-05,9.09e-05
4359,11/28/18,274.36,7.2e-05,4.94e-05,5.98e-05,8.88e-05
4360,11/29/18,273.95,2.99e-05,7.2e-05,4.34e-05,7.96e-05
4361,11/30/18,275.685,2.11e-05,2.99e-05,4.21e-05,7.16e-05
4362,12/3/18,279.26,4.49e-05,2.11e-05,4.14e-05,6.46e-05
4363,12/4/18,270.39,0.000136587,4.49e-05,4.35e-05,6.38e-05
4364,12/6/18,269.77,0.000196953,0.000136587,6.09e-05,6.72e-05
4365,12/7/18,263.66,0.000204979,0.000196953,8.59e-05,7.15e-05
4366,12/10/18,264.07,0.000218717,0.000204979,0.000120909,7.95e-05
4367,12/11/18,264.11,0.000123232,0.000218717,0.000160433,8.82e-05
4368,12/12/18,265.53,6.99e-05,0.000123232,0.000176094,9.25e-05
4369,12/13/18,265.38,8.76e-05,6.99e-05,0.00016275,9.44e-05
4370,12/14/18,260.57,8.13e-05,8.76e-05,0.000140873,9.64e-05
4371,12/17/18,255.17,0.000128076,8.13e-05,0.00011614,9.66e-05
4372,12/18/18,255.11,0.000111046,0.000128076,9.8e-05,9.72e-05
4373,12/19/18,251.04,0.000354208,0.000111046,9.56e-05,9.72e-05
4374,12/20/18,247.11,0.000271552,0.000354208,0.000152443,0.000106735
4375,12/21/18,240.61,0.000269488,0.000271552,0.000189239,0.00011535
4376,12/24/18,234.37,0.000176404,0.000269488,0.000226874,0.00012365
4377,12/26/18,246.06,0.000244318,0.000176404,0.00023654,0.00012467
4378,12/27/18,248.21,0.000331882,0.000244318,0.000263194,0.000134129
4379,12/28/18,247.73,0.00019784,0.000331882,0.000258729,0.000148093
4380,12/31/18,250.08,6.77e-05,0.00019784,0.000243986,0.00015552
4381,1/2/19,250.23,0.000118253,6.77e-05,0.000203635,0.000156351
4382,1/3/19,244.15,0.000193565,0.000118253,0.000192004,0.000158453
4383,1/4/19,252.39,0.000135182,0.000193565,0.000181854,0.000165891
4384,1/7/19,254.29,6.35e-05,0.000135182,0.000142514,0.000171077
4385,1/8/19,256.62,7.48e-05,6.35e-05,0.000115656,0.000171923
4386,1/9/19,257.92,5.83e-05,7.48e-05,0.000117064,0.000169113
4387,1/10/19,258.98,5.3e-05,5.83e-05,0.000105083,0.000162813
4388,1/11/19,258.81,2.62e-05,5.3e-05,7.7e-05,0.000155905
4389,1/14/19,257.35,2.33e-05,2.62e-05,5.52e-05,0.000147154
4390,1/15/19,260.23,4.73e-05,2.33e-05,4.71e-05,0.000142613
4391,1/16/19,260.96,2.08e-05,4.73e-05,4.16e-05,0.000141585
4392,1/17/19,263,5.72e-05,2.08e-05,3.41e-05,0.000138549
4393,1/18/19,266.42,3.06e-05,5.72e-05,3.5e-05,0.000137455
4394,1/22/19,262.94,5.92e-05,3.06e-05,3.58e-05,0.000133025
4395,1/23/19,263.35,5.1e-05,5.92e-05,4.3e-05,0.000130668
4396,1/24/19,263.6,3.83e-05,5.1e-05,4.38e-05,0.000116887
4397,1/25/19,265.78,2.12e-05,3.83e-05,4.73e-05,0.000106285
4398,1/28/19,263.78,3.07e-05,2.12e-05,4.01e-05,9.5e-05
4399,1/29/19,263.52,2.74e-05,3.07e-05,4.01e-05,8.84e-05
4400,1/30/19,267.44,4.69e-05,2.74e-05,3.38e-05,7.85e-05
4401,1/31/19,269.81,2.77e-05,4.69e-05,3.29e-05,6.56e-05
4402,2/1/19,270.08,2.74e-05,2.77e-05,3.08e-05,5.78e-05
4403,2/4/19,272.01,1.79e-05,2.74e-05,3.2e-05,5.6e-05
4404,2/5/19,273.16,1.25e-05,1.79e-05,2.95e-05,5.14e-05
4405,2/6/19,272.83,1.81e-05,1.25e-05,2.65e-05,4.32e-05
4406,2/7/19,270.17,4.96e-05,1.81e-05,2.07e-05,3.79e-05
4407,2/8/19,270.54,2.48e-05,4.96e-05,2.51e-05,3.73e-05
4408,2/11/19,270.69,1.66e-05,2.48e-05,2.46e-05,3.5e-05
4409,2/12/19,274.06,1.22e-05,1.66e-05,2.43e-05,3.31e-05
4410,2/13/19,274.95,1.4e-05,1.22e-05,2.43e-05,3.12e-05
4411,2/14/19,274.46,2.93e-05,1.4e-05,2.34e-05,3.07e-05
4412,2/15/19,277.38,1.42e-05,2.93e-05,1.94e-05,3.09e-05
4413,2/19/19,277.88,8.92e-06,1.42e-05,1.73e-05,2.94e-05
4414,2/20/19,278.43,2.18e-05,8.92e-06,1.57e-05,2.89e-05
4415,2/21/19,277.46,1.85e-05,2.18e-05,1.76e-05,2.73e-05
4416,2/22/19,279.16,1.14e-05,1.85e-05,1.85e-05,2.67e-05
4417,2/25/19,279.59,1.03e-05,1.14e-05,1.5e-05,2.46e-05
4418,2/26/19,279.34,1.82e-05,1.03e-05,1.42e-05,2.27e-05
4419,2/27/19,279.18,1.66e-05,1.82e-05,1.61e-05,2.18e-05
4420,2/28/19,278.65,1.31e-05,1.66e-05,1.5e-05,2.16e-05
4421,3/1/19,280.41,1.31e-05,1.31e-05,1.39e-05,2.08e-05
4422,3/4/19,279.38,4.39e-05,1.31e-05,1.43e-05,2.01e-05
4423,3/5/19,279.06,1.79e-05,4.39e-05,2.1e-05,2e-05
4424,3/6/19,277.34,2.11e-05,1.79e-05,2.09e-05,1.96e-05
4425,3/7/19,275.13,4.05e-05,2.11e-05,2.18e-05,1.93e-05
4426,3/8/19,274.49,3.72e-05,4.05e-05,2.73e-05,2.03e-05
4427,3/11/19,278.48,1.07e-05,3.72e-05,3.21e-05,2.14e-05
4428,3/12/19,279.44,1.67e-05,1.07e-05,2.55e-05,2.11e-05
4429,3/13/19,281.33,1.38e-05,1.67e-05,2.52e-05,1.96e-05
4430,3/14/19,281.2,1.1e-05,1.38e-05,2.38e-05,1.91e-05
4431,3/15/19,281.34,1.16e-05,1.1e-05,1.79e-05,1.88e-05
4432,3/18/19,282.42,1.29e-05,1.16e-05,1.28e-05,1.88e-05
4433,3/19/19,282.51,2.61e-05,1.29e-05,1.32e-05,1.88e-05
4434,3/20/19,281.5,4.77e-05,2.61e-05,1.51e-05,1.86e-05
4435,3/21/19,284.58,2.42e-05,4.77e-05,2.18e-05,2.01e-05
4436,3/22/19,279.34,6.57e-05,2.42e-05,2.45e-05,2.08e-05
4437,3/25/19,279,6.88e-05,6.57e-05,3.53e-05,2.28e-05
4438,3/26/19,281.04,3e-05,6.88e-05,4.65e-05,2.51e-05
4439,3/27/19,279.55,4.33e-05,3e-05,4.73e-05,2.6e-05
4440,3/28/19,280.71,2.18e-05,4.33e-05,4.64e-05,2.75e-05
4441,3/29/19,282.45,1.51e-05,2.18e-05,4.59e-05,2.76e-05
0,4/1/19,285.74,8.73e-06,1.51e-05,3.58e-05,2.75e-05
1,4/2/19,285.99,7.53e-06,8.73e-06,2.38e-05,2.73e-05
2,4/3/19,286.45,1.53e-05,7.53e-06,1.93e-05,2.71e-05
3,4/4/19,287.18,1.62e-05,1.53e-05,1.37e-05,2.58e-05
4,4/5/19,288.52,7.09e-06,1.62e-05,1.26e-05,2.57e-05
5,4/8/19,288.8,7.18e-06,7.09e-06,1.1e-05,2.51e-05
6,4/9/19,287.33,1.31e-05,7.18e-06,1.06e-05,2.36e-05
7,4/10/19,288.29,6.88e-06,1.31e-05,1.18e-05,2.25e-05
8,4/11/19,288.23,1.09e-05,6.88e-06,1.01e-05,2.23e-05
9,4/12/19,290.13,7.6e-06,1.09e-05,9.03e-06,2.2e-05
10,4/15/19,289.98,5.48e-06,7.6e-06,9.14e-06,2.18e-05
11,4/16/19,290.14,8.35e-06,5.48e-06,8.8e-06,2.15e-05
12,4/17/19,289.47,1.32e-05,8.35e-06,7.85e-06,2.14e-05
13,4/18/19,289.99,1.03e-05,1.32e-05,9.12e-06,2.14e-05
14,4/22/19,290.3,5.82e-06,1.03e-05,9e-06,2.07e-05
15,4/23/19,292.89,9.94e-06,5.82e-06,8.64e-06,1.88e-05
16,4/24/19,292.21,8.33e-06,9.94e-06,9.53e-06,1.81e-05
17,4/25/19,292.13,1.83e-05,8.33e-06,9.53e-06,1.55e-05
18,4/26/19,293.41,1.23e-05,1.83e-05,1.05e-05,1.32e-05
19,4/29/19,293.78,4.56e-06,1.23e-05,1.09e-05,1.24e-05
20,4/30/19,293.87,1.35e-05,4.56e-06,1.07e-05,1.06e-05
21,5/1/19,291.82,2.47e-05,1.35e-05,1.14e-05,1.03e-05
22,5/2/19,291.13,3.33e-05,2.47e-05,1.47e-05,1.07e-05
23,5/3/19,293.98,8.15e-06,3.33e-05,1.77e-05,1.18e-05
24,5/6/19,292.83,2.64e-05,8.15e-06,1.68e-05,1.18e-05
25,5/7/19,288.05,9.43e-05,2.64e-05,2.12e-05,1.23e-05
26,5/8/19,287.73,4.47e-05,9.43e-05,3.74e-05,1.59e-05
27,5/9/19,286.67,7.45e-05,4.47e-05,4.14e-05,1.76e-05
28,5/10/19,288.03,9.27e-05,7.45e-05,4.96e-05,2.07e-05
29,5/13/19,280.991,8.47e-05,9.27e-05,6.65e-05,2.43e-05
30,5/14/19,283.38,3.64e-05,8.47e-05,7.82e-05,2.78e-05
31,5/15/19,285.15,3.7e-05,3.64e-05,6.66e-05,2.9e-05
32,5/16/19,287.68,2.15e-05,3.7e-05,6.51e-05,3.03e-05
33,5/17/19,285.94,4.58e-05,2.15e-05,5.45e-05,3.1e-05
34,5/20/19,283.96,4.78e-05,4.58e-05,4.51e-05,3.27e-05
35,5/21/19,286.48,1.18e-05,4.78e-05,3.77e-05,3.43e-05
36,5/22/19,285.62,1.76e-05,1.18e-05,3.28e-05,3.44e-05
37,5/23/19,282.19,3.93e-05,1.76e-05,2.89e-05,3.49e-05
38,5/24/19,282.95,1.52e-05,3.93e-05,3.25e-05,3.63e-05
39,5/28/19,280.3,2.14e-05,1.52e-05,2.63e-05,3.66e-05
40,5/29/19,278.26,5.64e-05,2.14e-05,2.11e-05,3.67e-05
41,5/30/19,278.98,2.65e-05,5.64e-05,3e-05,3.87e-05
42,5/31/19,275.37,2.92e-05,2.65e-05,3.18e-05,3.97e-05
43,6/3/19,274.61,8.53e-05,2.92e-05,2.97e-05,4.04e-05
44,6/4/19,280.49,2.67e-05,8.53e-05,4.38e-05,4.32e-05
45,6/5/19,282.87,3.06e-05,2.67e-05,4.48e-05,4.29e-05
46,6/6/19,284.78,2.42e-05,3.06e-05,3.97e-05,4.39e-05
47,6/7/19,287.58,2.44e-05,2.42e-05,3.92e-05,4.38e-05
48,6/10/19,288.98,1.66e-05,2.44e-05,3.82e-05,4.06e-05
49,6/11/19,288.91,2.5e-05,1.66e-05,2.45e-05,3.93e-05
50,6/12/19,288.3,1.52e-05,2.5e-05,2.42e-05,3.71e-05
51,6/13/19,289.58,1.81e-05,1.52e-05,2.11e-05,3.36e-05
52,6/14/19,289.23,1.28e-05,1.81e-05,1.99e-05,3.05e-05
53,6/17/19,289.47,6.74e-06,1.28e-05,1.75e-05,2.95e-05
54,6/18/19,292.32,3.04e-05,6.74e-06,1.56e-05,2.81e-05
55,6/19/19,293.01,2.42e-05,3.04e-05,1.66e-05,2.85e-05
56,6/20/19,295.88,2.17e-05,2.42e-05,1.84e-05,2.75e-05
57,6/21/19,294,1.43e-05,2.17e-05,1.92e-05,2.63e-05
58,6/24/19,293.66,6.22e-06,1.43e-05,1.95e-05,2.64e-05
59,6/25/19,290.78,2.57e-05,6.22e-06,1.94e-05,2.59e-05
60,6/26/19,290.51,1.52e-05,2.57e-05,1.84e-05,2.53e-05
61,6/27/19,291.52,6.74e-06,1.52e-05,1.66e-05,2.53e-05
62,6/28/19,292.99,9.24e-06,6.74e-06,1.36e-05,2.46e-05
63,7/1/19,295.58,1.64e-05,9.24e-06,1.26e-05,2.25e-05
64,7/2/19,296.44,1.21e-05,1.64e-05,1.47e-05,2.2e-05
65,7/3/19,298.8,3.63e-06,1.21e-05,1.19e-05,2.13e-05
66,7/5/19,298.27,1.39e-05,3.63e-06,9.61e-06,1.76e-05
67,7/8/19,296.86,1.01e-05,1.39e-05,1.1e-05,1.7e-05
68,7/9/19,297.23,6.78e-06,1.01e-05,1.12e-05,1.6e-05
69,7/10/19,298.61,1.34e-05,6.78e-06,9.28e-06,1.52e-05
70,7/11/19,299.32,7.64e-06,1.34e-05,9.55e-06,1.47e-05
71,7/12/19,300.65,3.67e-06,7.64e-06,1.04e-05,1.43e-05
72,7/15/19,300.84,4.25e-06,3.67e-06,8.32e-06,1.34e-05
73,7/16/19,299.78,8.75e-06,4.25e-06,7.15e-06,1.29e-05
74,7/17/19,297.78,1.03e-05,8.75e-06,7.55e-06,1.24e-05
75,7/18/19,298.87,1.41e-05,1.03e-05,6.92e-06,1.23e-05
76,7/19/19,297.26,1.88e-05,1.41e-05,8.21e-06,1.27e-05
77,7/22/19,297.81,1.15e-05,1.88e-05,1.12e-05,1.21e-05
78,7/23/19,299.98,1.08e-05,1.15e-05,1.27e-05,1.16e-05
79,7/24/19,301.4,7.47e-06,1.08e-05,1.31e-05,1.11e-05
80,7/25/19,299.97,2.05e-05,7.47e-06,1.25e-05,1.08e-05
81,7/26/19,301.96,4.36e-06,2.05e-05,1.38e-05,1.14e-05
82,7/29/19,301.49,6.13e-06,4.36e-06,1.09e-05,1.04e-05
83,7/30/19,300.79,1.1e-05,6.13e-06,9.85e-06,1e-05
84,7/31/19,297.23,9.85e-05,1.1e-05,9.89e-06,1.02e-05
85,8/1/19,295,0.000117833,9.85e-05,2.81e-05,1.43e-05
86,8/2/19,292.62,5.61e-05,0.000117833,4.76e-05,1.89e-05
87,8/5/19,284.05,9.79e-05,5.61e-05,5.79e-05,2.09e-05
88,8/6/19,287.73,7.85e-05,9.79e-05,7.63e-05,2.52e-05
89,8/7/19,288.16,0.000145507,7.85e-05,8.98e-05,2.81e-05
90,8/8/19,293.59,2.37e-05,0.000145507,9.92e-05,3.43e-05
91,8/9/19,291.6,6.9e-05,2.37e-05,8.04e-05,3.5e-05
92,8/12/19,288.12,4.23e-05,6.9e-05,8.29e-05,3.76e-05
93,8/13/19,292.42,0.000178151,4.23e-05,7.18e-05,3.91e-05
94,8/14/19,284.02,8.19e-05,0.000178151,9.17e-05,4.71e-05
95,8/15/19,284.65,7.95e-05,8.19e-05,7.9e-05,5.06e-05
96,8/16/19,288.81,2.69e-05,7.95e-05,9.02e-05,5.38e-05
97,8/19/19,292.32,9.72e-06,2.69e-05,8.18e-05,5.46e-05
98,8/20/19,290.02,2.57e-05,9.72e-06,7.52e-05,5.44e-05
99,8/21/19,292.41,1.3e-05,2.57e-05,4.47e-05,5.47e-05
100,8/22/19,292.33,3.61e-05,1.3e-05,3.1e-05,5.47e-05
101,8/23/19,284.88,0.000179412,3.61e-05,2.23e-05,5.59e-05
102,8/26/19,287.95,3.72e-05,0.000179412,5.28e-05,6.37e-05
103,8/27/19,286.7,4.09e-05,3.72e-05,5.83e-05,6.45e-05
104,8/28/19,288.84,2.43e-05,4.09e-05,6.13e-05,6.61e-05
105,8/29/19,292.58,1.88e-05,2.43e-05,6.36e-05,6.7e-05
106,8/30/19,292.36,2.56e-05,1.88e-05,6.01e-05,6.73e-05
107,9/3/19,290.75,4.48e-05,2.56e-05,2.94e-05,6.4e-05
108,9/4/19,293.97,8.24e-06,4.48e-05,3.09e-05,6.07e-05
109,9/5/19,297.75,1.36e-05,8.24e-06,2.44e-05,5.85e-05
110,9/6/19,298.05,9.34e-06,1.36e-05,2.22e-05,5.47e-05
111,9/9/19,298.2,9.42e-06,9.34e-06,2.03e-05,5.15e-05
112,9/10/19,298.09,2.63e-05,9.42e-06,1.71e-05,4.53e-05
113,9/11/19,300.31,9.31e-06,2.63e-05,1.34e-05,4.55e-05
114,9/12/19,301.36,2.64e-05,9.31e-06,1.36e-05,4.27e-05
115,9/13/19,300.99,1.12e-05,2.64e-05,1.61e-05,4.2e-05
116,9/16/19,300.21,1.09e-05,1.12e-05,1.65e-05,3.44e-05
117,9/17/19,300.95,7.63e-06,1.09e-05,1.68e-05,3.12e-05
118,9/18/19,301.1,2.66e-05,7.63e-06,1.31e-05,2.79e-05
119,9/19/19,301.07,1.62e-05,2.66e-05,1.65e-05,2.79e-05
120,9/20/19,298.08,5.17e-05,1.62e-05,1.45e-05,2.82e-05
121,9/23/19,298.3,1.08e-05,5.17e-05,2.26e-05,2.94e-05
122,9/24/19,295.92,7.2e-05,1.08e-05,2.26e-05,2.93e-05
123,9/25/19,297.61,2.37e-05,7.2e-05,3.55e-05,3.09e-05
124,9/26/19,297,2.99e-05,2.37e-05,3.49e-05,2.39e-05
125,9/27/19,295.41,5.59e-05,2.99e-05,3.76e-05,2.35e-05
126,9/30/19,296.85,9.09e-06,5.59e-05,3.85e-05,2.42e-05
127,10/1/19,293.32,4.6e-05,9.09e-06,3.81e-05,2.35e-05
128,10/2/19,288.16,4.98e-05,4.6e-05,3.29e-05,2.48e-05
129,10/3/19,290.45,0.000131799,4.98e-05,3.82e-05,2.59e-05
130,10/4/19,294.3,1.78e-05,0.000131799,5.85e-05,2.98e-05
131,10/7/19,293.1,3.37e-05,1.78e-05,5.09e-05,3.02e-05
132,10/8/19,288.66,6.22e-05,3.37e-05,5.58e-05,3.12e-05
133,10/9/19,291.12,2.85e-05,6.22e-05,5.91e-05,3.36e-05
134,10/10/19,293.29,3.87e-05,2.85e-05,5.48e-05,3.44e-05
135,10/11/19,296.25,3.33e-05,3.87e-05,3.62e-05,3.5e-05
136,10/14/19,296.03,1.18e-05,3.33e-05,3.93e-05,3.61e-05
137,10/15/19,298.88,1.12e-05,1.18e-05,3.49e-05,3.54e-05
138,10/16/19,298.46,8.25e-06,1.12e-05,2.47e-05,3.54e-05
139,10/17/19,299.21,1.37e-05,8.25e-06,2.06e-05,3.53e-05
140,10/18/19,298.09,1.63e-05,1.37e-05,1.56e-05,3.56e-05
141,10/21/19,300.03,5.9e-06,1.63e-05,1.22e-05,3.51e-05
142,10/22/19,298.99,1.25e-05,5.9e-06,1.11e-05,3.46e-05
143,10/23/19,299.83,8.7e-06,1.25e-05,1.13e-05,3.29e-05
144,10/24/19,300.42,1.4e-05,8.7e-06,1.14e-05,3.28e-05
145,10/25/19,301.59,1.01e-05,1.4e-05,1.15e-05,3.01e-05
146,10/28/19,303.34,4.45e-06,1.01e-05,1.02e-05,2.95e-05
147,10/29/19,303.14,8.38e-06,4.45e-06,9.94e-06,2.83e-05
148,10/30/19,304.21,1.24e-05,8.38e-06,9.11e-06,2.62e-05
149,10/31/19,303.33,2.16e-05,1.24e-05,9.84e-06,2.63e-05
150,11/1/19,306.17,9.27e-06,2.16e-05,1.14e-05,2.52e-05
151,11/4/19,307.37,6.33e-06,9.27e-06,1.12e-05,2.34e-05
152,11/5/19,307.04,9.63e-06,6.33e-06,1.16e-05,1.77e-05
153,11/6/19,307.07,9.22e-06,9.63e-06,1.18e-05,1.73e-05
154,11/7/19,308.21,1.14e-05,9.22e-06,1.12e-05,1.62e-05
155,11/8/19,308.93,8.34e-06,1.14e-05,9.16e-06,1.39e-05
156,11/11/19,308.36,3.42e-06,8.34e-06,8.97e-06,1.3e-05
157,11/12/19,308.96,8.03e-06,3.42e-06,8.39e-06,1.14e-05
158,11/13/19,309.15,1.58e-05,8.03e-06,8.07e-06,1.02e-05
159,11/14/19,309.54,8.03e-06,1.58e-05,9.38e-06,1.04e-05
160,11/15/19,311.81,5.51e-06,8.03e-06,8.72e-06,1.03e-05
161,11/18/19,311.98,5.24e-06,5.51e-06,8.15e-06,1.01e-05
162,11/19/19,311.91,7.88e-06,5.24e-06,8.51e-06,9.74e-06
163,11/20/19,310.81,2.48e-05,7.88e-06,8.48e-06,9.36e-06
164,11/21/19,310.3,1.55e-05,2.48e-05,1.03e-05,1.02e-05
165,11/22/19,311.02,8.02e-06,1.55e-05,1.18e-05,1.04e-05
166,11/25/19,313.33,2.78e-06,8.02e-06,1.23e-05,1.03e-05
167,11/26/19,313.99,4.33e-06,2.78e-06,1.18e-05,9.81e-06
168,11/27/19,315.42,2.1e-06,4.33e-06,1.11e-05,9.55e-06
169,11/29/19,314.33,3e-06,2.1e-06,6.54e-06,9.45e-06
170,12/2/19,311.66,3.29e-05,3e-06,4.05e-06,9.2e-06
171,12/3/19,309.51,3.27e-05,3.29e-05,9.02e-06,1.01e-05
172,12/4/19,311.5,1.12e-05,3.27e-05,1.5e-05,1.06e-05
173,12/5/19,312.09,1.24e-05,1.12e-05,1.64e-05,1.07e-05
174,12/6/19,314.83,4.63e-06,1.24e-05,1.84e-05,1.1e-05
175,12/9/19,313.89,4.45e-06,4.63e-06,1.88e-05,1.08e-05
176,12/10/19,313.58,1.26e-05,4.45e-06,1.31e-05,1.06e-05
177,12/11/19,314.33,6.3e-06,1.26e-05,9.06e-06,1.06e-05
178,12/12/19,317.08,5.95e-05,6.3e-06,8.09e-06,1.05e-05
179,12/13/19,317.29,2.81e-05,5.95e-05,1.75e-05,1.31e-05
180,12/16/19,319.49,4.65e-06,2.81e-05,2.22e-05,1.4e-05
181,12/17/19,319.57,4.11e-06,4.65e-06,2.22e-05,1.35e-05
182,12/18/19,319.56,5.07e-06,4.11e-06,2.05e-05,1.33e-05
183,12/19/19,320.87,3.19e-06,5.07e-06,2.03e-05,1.33e-05
184,12/20/19,320.87,3.16e-06,3.19e-06,9.02e-06,1.32e-05
185,12/26/19,322.94,2.02e-06,1.54e-06,2.88e-06,1.13e-05
186,12/27/19,322.85,6.79e-06,2.02e-06,2.27e-06,1.1e-05
187,1/2/20,324.87,1.2e-05,8.84e-06,7.11e-06,1.2e-05
188,1/3/20,322.43,2.23e-05,1.2e-05,9.2e-06,1.25e-05
189,1/6/20,323.73,9.03e-06,2.23e-05,1.33e-05,1.2e-05
190,1/7/20,322.74,1.07e-05,9.03e-06,1.37e-05,1.09e-05
191,1/8/20,324.42,1.89e-05,1.07e-05,1.26e-05,1.09e-05
192,1/9/20,326.59,8.41e-06,1.89e-05,1.46e-05,1.12e-05
193,1/10/20,325.64,1.1e-05,8.41e-06,1.39e-05,1.13e-05
194,1/13/20,327.92,4.98e-06,1.1e-05,1.16e-05,1.16e-05
195,1/14/20,327.42,1.58e-05,4.98e-06,1.08e-05,1.13e-05
196,1/15/20,328.16,1.25e-05,1.58e-05,1.18e-05,1.17e-05
197,1/16/20,330.86,4.01e-06,1.25e-05,1.05e-05,9.58e-06
198,1/17/20,332.01,6.22e-06,4.01e-06,9.66e-06,8.49e-06
199,1/21/20,331.29,9.91e-06,6.22e-06,8.71e-06,8.56e-06
200,1/22/20,331.35,8.88e-06,9.91e-06,9.69e-06,8.82e-06
201,1/23/20,331.8,1.69e-05,8.88e-06,8.31e-06,9e-06
202,1/24/20,328.76,4.05e-05,1.69e-05,9.18e-06,9.62e-06
203,1/27/20,323.51,2.96e-05,4.05e-05,1.65e-05,1.13e-05
204,1/28/20,326.88,1.76e-05,2.96e-05,2.11e-05,1.26e-05
205,1/29/20,326.62,1.9e-05,1.76e-05,2.27e-05,1.33e-05
206,1/30/20,327.62,4.27e-05,1.9e-05,2.47e-05,1.41e-05
207,1/31/20,321.75,6.07e-05,4.27e-05,2.99e-05,1.57e-05
208,2/3/20,324.12,3.18e-05,6.07e-05,3.39e-05,1.77e-05
209,2/4/20,329.06,1.14e-05,3.18e-05,3.43e-05,1.88e-05
210,2/5/20,332.84,2.39e-05,1.14e-05,3.31e-05,1.88e-05
211,2/6/20,333.93,1.3e-05,2.39e-05,3.41e-05,1.88e-05
212,2/7/20,332.24,1.77e-05,1.3e-05,2.82e-05,1.9e-05
213,2/10/20,334.75,1.12e-05,1.77e-05,1.96e-05,1.93e-05
214,2/11/20,335.27,1.61e-05,1.12e-05,1.55e-05,1.9e-05
215,2/12/20,337.44,9.25e-06,1.61e-05,1.64e-05,1.93e-05
216,2/13/20,337.17,2.02e-05,9.25e-06,1.35e-05,1.93e-05
217,2/14/20,337.6,1.09e-05,2.02e-05,1.49e-05,1.99e-05
218,2/18/20,336.73,1.44e-05,1.09e-05,1.35e-05,1.97e-05
219,2/19/20,338.32,4.43e-06,1.44e-05,1.42e-05,1.98e-05
220,2/20/20,336.99,6.56e-05,4.43e-06,1.18e-05,1.98e-05
221,2/21/20,333.45,3.89e-05,6.56e-05,2.31e-05,2.25e-05
222,2/24/20,322.42,9e-05,3.89e-05,2.69e-05,2.38e-05
223,2/25/20,312.59,0.000228157,9e-05,4.27e-05,2.75e-05
224,2/26/20,311.61,0.000220684,0.000228157,8.54e-05,3.71e-05
225,2/27/20,297.7,0.000467198,0.000220684,0.000128667,4.53e-05
226,2/28/20,296.24,0.000936867,0.000467198,0.000208981,6.52e-05
227,3/2/20,308.9,0.000417798,0.000936867,0.000388576,0.000107006
228,3/3/20,300.32,0.001283656,0.000417798,0.000454141,0.000125133
229,3/4/20,313.05,0.000192293,0.001283656,0.000665241,0.000181542
230,3/5/20,302.51,0.000256566,0.000192293,0.000659562,0.000187524
231,3/6/20,297.43,0.00040281,0.000256566,0.000617436,0.000197742
232,3/9/20,274.33,0.000847296,0.00040281,0.000510625,0.000215532
233,3/10/20,288.41,0.00083916,0.000847296,0.000596524,0.000252958
234,3/11/20,274.25,0.000410831,0.00083916,0.000507625,0.000290512
235,3/12/20,247.91,0.002965197,0.000410831,0.000551332,0.00030838
236,3/13/20,270.2,0.00186427,0.002965197,0.001093058,0.000442651
237,3/16/20,239.41,0.001852775,0.00186427,0.001385351,0.000526659
238,3/17/20,254.19,0.001727823,0.001852775,0.001586446,0.000610455
239,3/18/20,241.29,0.001918573,0.001727823,0.001764179,0.000688075
240,3/19/20,240.55,0.001523788,0.001918573,0.002065728,0.000774787
241,3/20/20,228.86,0.00125386,0.001523788,0.001777446,0.000843394
242,3/23/20,222.68,0.001994675,0.00125386,0.001655364,0.000900186
243,3/24/20,242,0.000738909,0.001994675,0.001683744,0.00098787
244,3/25/20,246.79,0.001382838,0.000738909,0.001485961,0.001019689
245,3/26/20,260.93,0.000775414,0.001382838,0.001378814,0.001078456
246,3/27/20,254,0.000590703,0.000775414,0.001229139,0.001103331
247,3/30/20,261.56,0.00028776,0.000590703,0.001096508,0.00112015
248,3/31/20,257.36,0.000266272,0.00028776,0.000755125,0.001111994
249,4/1/20,246.04,0.000250421,0.000266272,0.000660598,0.001081512
250,4/2/20,251.93,0.000544883,0.000250421,0.000434114,0.001073904
251,4/3/20,247.95,0.000321959,0.000544883,0.000388008,0.001040324
252,4/6/20,264.74,0.000192232,0.000321959,0.000334259,0.001046217
253,4/7/20,265.18,0.000439168,0.000192232,0.000315153,0.001043293
254,4/8/20,274,0.000216225,0.000439168,0.000349732,0.001044946
255,4/9/20,278.22,0.000289107,0.000216225,0.000342893,0.001016261
256,4/13/20,275.63,0.000182279,0.000289107,0.000291738,0.000991258
257,4/14/20,283.8,0.000102437,0.000182279,0.000263802,0.00098087
258,4/15/20,277.75,0.000147194,0.000102437,0.000245843,0.000850744
259,4/16/20,278.96,0.000156357,0.000147194,0.000187449,0.000772695
260,4/17/20,286.54,0.000109107,0.000156357,0.000175475,0.000695585
261,4/20/20,281.76,0.000101836,0.000109107,0.000139475,0.000622007
262,4/21/20,273.17,0.000213973,0.000101836,0.000123386,0.000539428
263,4/22/20,279.04,5.95e-05,0.000213973,0.000145693,0.000479891
264,4/23/20,279.04,0.000211487,5.95e-05,0.000128157,0.000425603
265,4/24/20,282.89,6.9e-05,0.000211487,0.000139183,0.000344549
266,4/27/20,287.1,3.52e-05,6.9e-05,0.000131152,0.000314096
267,4/28/20,285.69,0.000138653,3.52e-05,0.000117828,0.000252841
268,4/29/20,293.15,5.83e-05,0.000138653,0.000102764,0.000223897
269,4/30/20,290.63,0.000105528,5.83e-05,0.00010252,0.000199696
270,5/1/20,282.83,8.37e-05,0.000105528,8.13e-05,0.000191413
271,5/4/20,283.59,6.69e-05,8.37e-05,8.43e-05,0.000183115
272,5/5/20,286.15,6.31e-05,6.69e-05,9.06e-05,0.000174773
273,5/6/20,284.34,8.95e-05,6.31e-05,7.55e-05,0.000152873
274,5/7/20,287.7,5.76e-05,8.95e-05,8.17e-05,0.000142308
275,5/8/20,292.51,2.43e-05,5.76e-05,7.22e-05,0.000136186
276,5/11/20,292.62,4.17e-05,2.43e-05,6.03e-05,0.00011733
277,5/12/20,286.55,7.53e-05,4.17e-05,5.52e-05,0.000109396
278,5/13/20,281.49,0.000231271,7.53e-05,5.77e-05,9.97e-05
279,5/14/20,285.04,0.000205522,0.000231271,8.6e-05,0.000101906
280,5/15/20,286.29,0.000122332,0.000205522,0.000115627,0.000106591
281,5/18/20,294.94,3.87e-05,0.000122332,0.000135225,0.000105461
282,5/19/20,292.21,8.83e-05,3.87e-05,0.000134624,0.000100112
283,5/20/20,297.03,4.11e-05,8.83e-05,0.00013723,9.92e-05
284,5/21/20,294.83,7.54e-05,4.11e-05,9.92e-05,9.64e-05
285,5/22/20,295.48,3.22e-05,7.54e-05,7.32e-05,9.01e-05
286,5/26/20,299.2,3.35e-05,3.22e-05,5.51e-05,8.89e-05
287,5/27/20,303.55,8.84e-05,3.35e-05,5.41e-05,8.08e-05
288,5/28/20,303.07,8.34e-05,8.84e-05,5.41e-05,8.17e-05
289,5/29/20,304.49,0.000179411,8.34e-05,6.26e-05,8.39e-05
290,6/1/20,305.45,2.17e-05,0.000179411,8.34e-05,8.57e-05
291,6/2/20,308.08,3.74e-05,2.17e-05,8.13e-05,8.4e-05
292,6/3/20,312.09,1.79e-05,3.74e-05,8.21e-05,8.09e-05
293,6/4/20,311.34,5.11e-05,1.79e-05,6.8e-05,7.8e-05
294,6/5/20,319.4,4.54e-05,5.11e-05,6.15e-05,7.72e-05
295,6/8/20,323.15,2.3e-05,4.54e-05,3.47e-05,7.64e-05
296,6/9/20,320.94,4.79e-05,2.3e-05,3.5e-05,7.34e-05
297,6/10/20,319.03,0.000146823,4.79e-05,3.71e-05,7.3e-05
298,6/11/20,300.69,0.000198023,0.000146823,6.29e-05,7.85e-05
299,6/12/20,304.38,0.000367943,0.000198023,9.23e-05,8.57e-05
300,6/15/20,307.11,0.000215893,0.000367943,0.000156756,9.9e-05
301,6/16/20,312.75,0.000260368,0.000215893,0.000195326,9.83e-05
302,6/17/20,311.66,7.26e-05,0.000260368,0.00023781,0.000100746
303,6/18/20,311.76,5.56e-05,7.26e-05,0.00022296,9.85e-05
304,6/19/20,308.54,0.000111362,5.56e-05,0.000194469,9.93e-05
305,6/22/20,310.67,4.79e-05,0.000111362,0.000143152,0.000100298
306,6/23/20,312,4.53e-05,4.79e-05,0.000109544,0.000100606
307,6/24/20,304.21,0.000161544,4.53e-05,6.65e-05,9.92e-05
308,6/25/20,307.26,0.00011994,0.000161544,8.43e-05,0.000105114
309,6/26/20,300.09,0.00011481,0.00011994,9.72e-05,0.000109042
310,6/29/20,304.56,6.58e-05,0.00011481,9.79e-05,0.000110242
311,6/30/20,308.94,5.61e-05,6.58e-05,0.000101467,0.000109443
312,7/1/20,310.57,5.52e-05,5.61e-05,0.000103642,0.000103839
313,7/2/20,312.19,4.51e-05,5.52e-05,8.24e-05,0.000105362
314,7/6/20,317.01,2.51e-05,4.51e-05,6.74e-05,0.000105715
315,7/7/20,313.77,3.17e-05,2.51e-05,4.95e-05,0.000106043
316,7/8/20,316.16,5.13e-05,3.17e-05,4.27e-05,0.000105158
317,7/9/20,314.6,0.00011438,5.13e-05,4.17e-05,0.000105424
318,7/10/20,317.64,5.92e-05,0.00011438,5.35e-05,0.000109576
319,7/13/20,314.81,0.000114903,5.92e-05,5.63e-05,0.000110089
320,7/14/20,318.93,0.00017319,0.000114903,7.43e-05,0.000108638
321,7/15/20,321.98,9.17e-05,0.00017319,0.000102602,0.000107509
322,7/16/20,320.86,3.62e-05,9.17e-05,0.000110675,9.5e-05
323,7/17/20,321.7,2.57e-05,3.62e-05,9.5e-05,8.68e-05
324,7/20/20,324.27,1.94e-05,2.57e-05,8.83e-05,7.61e-05
325,7/21/20,324.9,4.16e-05,1.94e-05,6.92e-05,7.37e-05
326,7/22/20,326.82,2.46e-05,4.16e-05,4.29e-05,7.31e-05
327,7/23/20,322.95,6.64e-05,2.46e-05,2.95e-05,6.91e-05
328,7/24/20,320.91,5.55e-05,6.64e-05,3.55e-05,7e-05
329,7/27/20,323.27,1.71e-05,5.55e-05,4.15e-05,7.04e-05
330,7/28/20,321.3,3.11e-05,1.71e-05,4.1e-05,6.39e-05
331,7/29/20,325.01,2.11e-05,3.11e-05,3.89e-05,5.98e-05
332,7/30/20,323.98,5.65e-05,2.11e-05,3.82e-05,5.56e-05
333,7/31/20,326.37,5.8e-05,5.65e-05,3.63e-05,5.51e-05
334,8/3/20,328.67,1.97e-05,5.8e-05,3.68e-05,5.52e-05
335,8/4/20,330,2e-05,1.97e-05,3.73e-05,5.36e-05
336,8/5/20,332.03,1.39e-05,2e-05,3.51e-05,5.25e-05
337,8/6/20,334.32,1.97e-05,1.39e-05,3.36e-05,5.2e-05
338,8/7/20,334.57,3.87e-05,1.97e-05,2.63e-05,5.14e-05
339,8/10/20,335.56,2.4e-05,3.87e-05,2.24e-05,5.08e-05
340,8/11/20,332.82,6.28e-05,2.4e-05,2.33e-05,4.67e-05
341,8/12/20,337.31,1.79e-05,6.28e-05,3.18e-05,4.69e-05
342,8/13/20,336.81,2.6e-05,1.79e-05,3.26e-05,4.25e-05
343,8/14/20,336.85,1.67e-05,2.6e-05,3.39e-05,3.58e-05
344,8/17/20,337.92,5.37e-06,1.67e-05,2.95e-05,3.24e-05
345,8/18/20,338.595,1.85e-05,5.37e-06,2.58e-05,3.1e-05
346,8/19/20,337.13,1.62e-05,1.85e-05,1.69e-05,3.07e-05
347,8/20/20,338.31,1.72e-05,1.62e-05,1.65e-05,3.05e-05
348,8/21/20,339.45,1.5e-05,1.72e-05,1.48e-05,2.94e-05
349,8/24/20,342.9,1.21e-05,1.5e-05,1.45e-05,2.9e-05
350,8/25/20,344.15,1.25e-05,1.21e-05,1.58e-05,2.65e-05
351,8/26/20,347.61,1.82e-05,1.25e-05,1.46e-05,2.46e-05
352,8/27/20,348.34,5.71e-05,1.82e-05,1.5e-05,2.46e-05
353,8/28/20,350.57,1.32e-05,5.71e-05,2.3e-05,2.58e-05
354,8/31/20,349.11,2.44e-05,1.32e-05,2.26e-05,2.54e-05
355,9/1/20,352.68,1.67e-05,2.44e-05,2.51e-05,2.4e-05
356,9/2/20,357.78,3.11e-05,1.67e-05,2.59e-05,2.21e-05
357,9/3/20,345.53,0.000273256,3.11e-05,2.85e-05,2.26e-05
358,9/4/20,342.35,0.000347165,0.000273256,7.17e-05,3.41e-05
359,9/8/20,333.27,0.000161734,0.000347165,0.000138515,4.93e-05
360,9/9/20,339.77,6.69e-05,0.000161734,0.000165988,5.57e-05
361,9/10/20,334.13,0.000188932,6.69e-05,0.000176025,5.7e-05
362,9/11/20,334.09,0.000150174,0.000188932,0.00020759,6.45e-05
363,9/14/20,338.44,5.18e-05,0.000150174,0.000182974,6.85e-05
364,9/15/20,340.12,2.74e-05,5.18e-05,0.000123909,7e-05
365,9/16/20,338.88,7.49e-05,2.74e-05,9.7e-05,7.01e-05
366,9/17/20,335.87,0.000107128,7.49e-05,9.87e-05,7.27e-05
367,9/18/20,330.74,7.93e-05,0.000107128,8.23e-05,7.73e-05
368,9/21/20,327.12,0.000131147,7.93e-05,6.81e-05,8.01e-05
369,9/22/20,330.3,6.21e-05,0.000131147,8.4e-05,8.53e-05
370,9/23/20,322.54,9.7e-05,6.21e-05,9.09e-05,8.74e-05
371,9/24/20,323.42,0.000181499,9.7e-05,9.54e-05,9.11e-05
372,9/25/20,328.72,8.55e-05,0.000181499,0.000110225,9.88e-05
373,9/28/20,334.25,3.73e-05,8.55e-05,0.000111462,0.000102122
374,9/29/20,332.43,4.2e-05,3.73e-05,9.27e-05,0.000102992
375,9/30/20,334.32,0.000100541,4.2e-05,8.87e-05,0.000102306
376,10/1/20,336.97,7.43e-05,0.000100541,8.94e-05,0.000106277
377,10/2/20,333.88,0.000110906,7.43e-05,6.79e-05,0.000108545
378,10/5/20,339.72,1.58e-05,0.000110906,7.3e-05,0.000112828
379,10/6/20,334.95,0.000193065,1.58e-05,6.87e-05,0.000112131
380,10/7/20,340.75,2.1e-05,0.000193065,9.89e-05,0.000108486
381,10/8/20,343.65,2.32e-05,2.1e-05,8.3e-05,9.37e-05
382,10/9/20,346.73,1.38e-05,2.32e-05,7.28e-05,8.74e-05
383,10/12/20,352.36,1.88e-05,1.38e-05,5.34e-05,8.5e-05
384,10/13/20,350.17,4.19e-05,1.88e-05,5.4e-05,7.72e-05
385,10/14/20,347.93,5.14e-05,4.19e-05,2.38e-05,7.23e-05
386,10/15/20,347.54,3.52e-05,5.14e-05,2.98e-05,7.23e-05
387,10/16/20,347.32,2.99e-05,3.52e-05,3.22e-05,7.26e-05
388,10/19/20,342.13,7.26e-05,2.99e-05,3.55e-05,7.06e-05
389,10/20/20,343.3,8.43e-05,7.26e-05,4.62e-05,6.9e-05
390,10/21/20,342.65,7.42e-05,8.43e-05,5.47e-05,6.92e-05
391,10/22/20,344.64,4.34e-05,7.42e-05,5.92e-05,6.67e-05
392,10/23/20,345.62,2.68e-05,4.34e-05,6.09e-05,6.58e-05
393,10/26/20,339.41,8.54e-05,2.68e-05,6.03e-05,6.26e-05
394,10/27/20,338.33,4.81e-05,8.54e-05,6.28e-05,5.82e-05
395,10/28/20,326.7,0.000127703,4.81e-05,5.56e-05,5.65e-05
396,10/29/20,330.08,0.000120438,0.000127703,6.63e-05,6.07e-05
397,10/30/20,326.69,0.000162256,0.000120438,8.17e-05,6.42e-05
398,11/2/20,330.16,7.85e-05,0.000162256,0.000108773,6.7e-05
399,11/3/20,335.92,7.6e-05,7.85e-05,0.000107392,6.72e-05
400,11/4/20,343.66,0.000133364,7.6e-05,0.000112977,6.56e-05
401,11/5/20,350.19,5.89e-05,0.000133364,0.00011411,7.1e-05
402,11/6/20,350.18,5.61e-05,5.89e-05,0.000101802,6.49e-05
403,11/9/20,354.62,0.000155182,5.61e-05,8.06e-05,6.65e-05
404,11/10/20,354.08,0.000108125,0.000155182,9.59e-05,7.25e-05
405,11/11/20,356.72,2.84e-05,0.000108125,0.000102341,7.68e-05
406,11/12/20,353.34,6.04e-05,2.84e-05,8.13e-05,7.72e-05
407,11/13/20,358.1,2.72e-05,6.04e-05,8.17e-05,7.8e-05
408,11/16/20,362.58,3.32e-05,2.72e-05,7.59e-05,7.69e-05
409,11/17/20,360.82,2.17e-05,3.32e-05,5.15e-05,7.68e-05
410,11/18/20,356.25,3.74e-05,2.17e-05,3.42e-05,7.65e-05
411,11/19/20,357.96,3.72e-05,3.74e-05,3.6e-05,7.49e-05
412,11/20/20,355.35,2.86e-05,3.72e-05,3.13e-05,7.27e-05
413,11/23/20,357.53,4.2e-05,2.86e-05,3.16e-05,7.07e-05
414,11/24/20,363.14,2.04e-05,4.2e-05,3.34e-05,7.06e-05
415,11/25/20,362.49,1.57e-05,2.04e-05,3.31e-05,7.03e-05
416,11/27/20,363.71,5.03e-06,1.57e-05,2.88e-05,6.71e-05
417,11/30/20,362.21,3.44e-05,5.03e-06,2.24e-05,6.52e-05
418,12/1/20,365.84,2.4e-05,3.44e-05,2.35e-05,6.09e-05
419,12/2/20,366.82,1.48e-05,2.4e-05,1.99e-05,5.66e-05
420,12/3/20,366.67,2.96e-05,1.48e-05,1.88e-05,4.99e-05
421,12/4/20,369.78,9.31e-06,2.96e-05,2.16e-05,4.76e-05
422,12/7/20,369.16,1.34e-05,9.31e-06,2.24e-05,4.46e-05
423,12/8/20,370.2,1.09e-05,1.34e-05,1.82e-05,3.92e-05
424,12/9/20,366.77,4.31e-05,1.09e-05,1.56e-05,3.7e-05
425,12/10/20,366.87,4.02e-05,4.31e-05,2.13e-05,3.64e-05
426,12/11/20,366.14,2.85e-05,4.02e-05,2.34e-05,3.11e-05
427,12/14/20,364.9,3.2e-05,2.85e-05,2.72e-05,2.75e-05
428,12/15/20,369.56,1.77e-05,3.2e-05,3.09e-05,2.77e-05
429,12/16/20,370.06,1.81e-05,1.77e-05,3.23e-05,2.58e-05
430,12/17/20,372.19,9.87e-06,1.81e-05,2.73e-05,2.53e-05
431,12/18/20,369.44,4.26e-05,9.87e-06,2.12e-05,2.43e-05
432,12/21/20,367.65,6.27e-05,4.26e-05,2.4e-05,2.52e-05
433,12/22/20,367.24,2.41e-05,6.27e-05,3.02e-05,2.64e-05
434,12/23/20,367.49,8.83e-06,2.41e-05,3.15e-05,2.58e-05
435,12/24/20,369.03,7.04e-06,8.83e-06,2.96e-05,2.49e-05
436,12/28/20,372.22,4.16e-06,7.04e-06,2.9e-05,2.33e-05
437,12/29/20,371.62,2.55e-05,4.16e-06,2.14e-05,2.25e-05
438,12/30/20,371.99,8.52e-06,2.55e-05,1.39e-05,2.3e-05
439,12/31/20,374.25,1.32e-05,8.52e-06,1.08e-05,2.32e-05
440,1/4/21,368.97,0.00010908,1.32e-05,1.17e-05,2.22e-05
441,1/5/21,371.4,4.4e-05,0.00010908,3.21e-05,2.61e-05
442,1/6/21,373.41,9.73e-05,4.4e-05,4.01e-05,2.74e-05
443,1/7/21,379.12,2.51e-05,9.73e-05,5.44e-05,3.05e-05
444,1/8/21,381.29,4.64e-05,2.51e-05,5.77e-05,3.12e-05
445,1/11/21,378.7,2.88e-05,4.64e-05,6.44e-05,3.27e-05
446,1/12/21,378.66,3.49e-05,2.88e-05,4.83e-05,3.35e-05
447,1/13/21,379.7,1.64e-05,3.49e-05,4.65e-05,3.31e-05
448,1/14/21,378.58,1.64e-05,1.64e-05,3.03e-05,3.2e-05
449,1/15/21,375.67,5.6e-05,1.64e-05,2.86e-05,3.15e-05
450,1/19/21,378.64,1.46e-05,5.6e-05,3.05e-05,3.26e-05
451,1/20/21,383.8,1.55e-05,1.46e-05,2.77e-05,3.24e-05
452,1/21/21,384.15,1.31e-05,1.55e-05,2.38e-05,3.23e-05
453,1/22/21,382.82,1.53e-05,1.31e-05,2.31e-05,3.25e-05
454,1/25/21,384.54,8.94e-05,1.53e-05,2.29e-05,3.12e-05
455,1/26/21,383.75,2.08e-05,8.94e-05,2.96e-05,3.24e-05
456,1/27/21,374.65,0.000123485,2.08e-05,3.08e-05,3.23e-05
457,1/28/21,377.54,7.36e-05,0.000123485,5.24e-05,3.75e-05
458,1/29/21,369.98,0.000168137,7.36e-05,6.45e-05,4.05e-05
459,2/1/21,376.02,5e-05,0.000168137,9.51e-05,4.8e-05
460,2/2/21,381.25,2.21e-05,5e-05,8.72e-05,4.91e-05
461,2/3/21,381.84,1.95e-05,2.21e-05,8.75e-05,4.97e-05
462,2/4/21,386.11,9.2e-06,1.95e-05,6.67e-05,5e-05
463,2/8/21,390.52,7.23e-06,9.2e-06,5.38e-05,4.55e-05
464,2/9/21,390.31,8.74e-06,7.23e-06,2.16e-05,4.38e-05
465,2/10/21,390.17,5.66e-05,8.74e-06,1.34e-05,3.98e-05
466,2/11/21,390.72,2.73e-05,5.66e-05,2.02e-05,4.12e-05
467,2/12/21,392.73,1.33e-05,2.73e-05,2.18e-05,4.03e-05
468,2/16/21,392.38,2.69e-05,1.33e-05,2.26e-05,3.96e-05
469,2/18/21,390.82,3.55e-05,2.69e-05,2.66e-05,3.93e-05
470,2/19/21,390.05,1.98e-05,3.55e-05,3.19e-05,4.01e-05
471,2/22/21,387.04,2.18e-05,1.98e-05,2.46e-05,4.03e-05
472,2/23/21,387.52,9.47e-05,2.18e-05,2.35e-05,3.87e-05
473,2/24/21,391.81,4.1e-05,9.47e-05,3.98e-05,4.24e-05
474,2/25/21,382.37,0.000125431,4.1e-05,4.26e-05,4.35e-05
475,2/26/21,380.01,0.000194582,0.000125431,6.06e-05,4.86e-05
476,3/1/21,389.43,2.65e-05,0.000194582,9.55e-05,5.68e-05
477,3/2/21,386.56,5.74e-05,2.65e-05,9.64e-05,5.39e-05
478,3/3/21,381.4,0.000101814,5.74e-05,8.9e-05,5.56e-05
479,3/4/21,376.68,0.000290226,0.000101814,0.000101137,5.46e-05
480,3/5/21,383.56,0.000189425,0.000290226,0.000134096,6.44e-05
481,3/8/21,381.72,0.000129724,0.000189425,0.000133065,6.54e-05
482,3/9/21,387.1,3.26e-05,0.000129724,0.000153717,6.9e-05
483,3/10/21,389.39,5.13e-05,3.26e-05,0.000148758,6.95e-05
484,3/11/21,393.49,1.99e-05,5.13e-05,0.000138648,7.1e-05
485,3/12/21,394,2.03e-05,1.99e-05,8.46e-05,7.14e-05
486,3/15/21,396.48,1.86e-05,2.03e-05,5.08e-05,7.2e-05
487,3/16/21,395.86,2.08e-05,1.86e-05,2.85e-05,7.25e-05
488,3/17/21,397.21,5.51e-05,2.08e-05,2.62e-05,7.09e-05
489,3/18/21,391.53,4.86e-05,5.51e-05,2.69e-05,7.21e-05
490,3/19/21,389.51,5.42e-05,4.86e-05,3.27e-05,7.37e-05
491,3/22/21,392.55,1.07e-05,5.42e-05,3.95e-05,7.5e-05
492,3/23/21,389.67,3.65e-05,1.07e-05,3.79e-05,7.38e-05
493,3/24/21,387.61,4.99e-05,3.65e-05,4.1e-05,7.46e-05
494,3/25/21,389.72,8.34e-05,4.99e-05,4e-05,7.59e-05
495,3/26/21,395.91,5.26e-05,8.34e-05,4.69e-05,7.54e-05
496,3/29/21,395.75,3.89e-05,5.26e-05,4.66e-05,7.59e-05
497,3/30/21,394.69,2.67e-05,3.89e-05,5.22e-05,7.19e-05
498,3/31/21,396.33,1.09e-05,2.67e-05,5.03e-05,6.43e-05
499,4/1/21,400.64,7.12e-06,1.09e-05,4.25e-05,6.36e-05
500,4/5/21,406.22,1.28e-05,7.12e-06,2.72e-05,6.13e-05
501,4/6/21,406.12,9.68e-06,1.28e-05,1.93e-05,5.73e-05
502,4/7/21,406.57,9.79e-06,9.68e-06,1.34e-05,4.45e-05
503,4/8/21,408.48,6.51e-06,9.79e-06,1e-05,3.64e-05
504,4/9/21,411.49,7.83e-06,6.51e-06,9.17e-06,3.08e-05
505,4/12/21,411.7,1.14e-05,7.83e-06,9.32e-06,2.96e-05
506,4/13/21,412.8,6.46e-06,1.14e-05,9.05e-06,2.78e-05
507,4/14/21,411.58,2.49e-05,6.46e-06,8.41e-06,2.72e-05
508,4/15/21,415.9,1.01e-05,2.49e-05,1.14e-05,2.74e-05
509,4/16/21,417.3,9.14e-06,1.01e-05,1.21e-05,2.7e-05
510,4/19/21,415.41,3.35e-05,9.14e-06,1.24e-05,2.65e-05
511,4/20/21,412.32,2.41e-05,3.35e-05,1.68e-05,2.55e-05
512,4/21/21,415.97,1.44e-05,2.41e-05,2.03e-05,2.44e-05
513,4/22/21,412.27,6.21e-05,1.44e-05,1.83e-05,2.26e-05
514,4/23/21,416.81,1.33e-05,6.21e-05,2.87e-05,2.49e-05
515,4/26/21,417.59,9.73e-06,1.33e-05,2.95e-05,2.39e-05
516,4/27/21,417.54,8.92e-06,9.73e-06,2.47e-05,2.21e-05
517,4/28/21,417.58,1.61e-05,8.92e-06,2.17e-05,1.87e-05
518,4/29/21,420,2.03e-05,1.61e-05,2.2e-05,1.7e-05
519,4/30/21,417.33,1.92e-05,2.03e-05,1.37e-05,1.62e-05
520,5/3/21,418.19,1.29e-05,1.92e-05,1.49e-05,1.58e-05
521,5/4/21,415.75,4.5e-05,1.29e-05,1.55e-05,1.59e-05
522,5/5/21,415.79,1.75e-05,4.5e-05,2.27e-05,1.76e-05
523,5/6/21,419.1,3.63e-05,1.75e-05,2.3e-05,1.79e-05
524,5/7/21,422.05,1.66e-05,3.63e-05,2.62e-05,1.91e-05
525,5/10/21,418.1,2.12e-05,1.66e-05,2.57e-05,1.94e-05
526,5/11/21,414.28,9e-05,2.12e-05,2.73e-05,2e-05
527,5/12/21,405.71,6.94e-05,9e-05,3.63e-05,2.38e-05
528,5/13/21,410.17,7.16e-05,6.94e-05,4.67e-05,2.64e-05
529,5/14/21,416.49,1.49e-05,7.16e-05,5.37e-05,2.94e-05
530,5/17/21,415.48,4e-05,1.49e-05,5.34e-05,2.89e-05
531,5/18/21,412.02,2.45e-05,4e-05,5.72e-05,3.03e-05
532,5/19/21,410.78,9.96e-05,2.45e-05,4.41e-05,3.1e-05
533,5/20/21,415.15,2.06e-05,9.96e-05,5.01e-05,3.4e-05
534,5/21/21,414.97,2.51e-05,2.06e-05,3.99e-05,3.38e-05
535,5/24/21,419.17,7.4e-06,2.51e-05,4.2e-05,3.43e-05
536,5/25/21,418.33,1.8e-05,7.4e-06,3.54e-05,3.18e-05
537,5/26/21,419.04,7.83e-06,1.8e-05,3.41e-05,3.2e-05
538,5/27/21,419.18,6.99e-06,7.83e-06,1.58e-05,3.2e-05
539,5/28/21,420.19,5.59e-06,6.99e-06,1.31e-05,3.19e-05
540,6/1/21,419.67,1.53e-05,5.59e-06,9.17e-06,3.14e-05
541,6/2/21,420.39,8.51e-06,1.53e-05,1.07e-05,3.12e-05
542,6/3/21,418.84,2.4e-05,8.51e-06,8.84e-06,3.07e-05
543,6/4/21,422.44,3.86e-06,2.4e-05,1.21e-05,3.12e-05
544,6/7/21,422.26,4.59e-06,3.86e-06,1.15e-05,2.93e-05
545,6/8/21,422.3,1.64e-05,4.59e-06,1.13e-05,2.87e-05
546,6/9/21,421.67,5.48e-06,1.64e-05,1.15e-05,2.78e-05
547,6/10/21,423.67,1.5e-05,5.48e-06,1.09e-05,2.73e-05
548,6/11/21,424.36,4.46e-06,1.5e-05,9.07e-06,2.7e-05
549,6/14/21,425.3,5.3e-06,4.46e-06,9.19e-06,2.31e-05
550,6/15/21,424.59,7.86e-06,5.3e-06,9.33e-06,2.02e-05
551,6/16/21,422.26,4.98e-05,7.86e-06,7.62e-06,1.73e-05
552,6/17/21,421.97,3.55e-05,4.98e-05,1.65e-05,1.89e-05
553,6/18/21,414.88,3.71e-05,3.55e-05,2.06e-05,1.87e-05
554,6/21/21,420.74,1.49e-05,3.71e-05,2.71e-05,1.93e-05
555,6/22/21,423.13,8.76e-06,1.49e-05,2.9e-05,1.54e-05
556,6/23/21,422.72,7.47e-06,8.76e-06,2.92e-05,1.49e-05
557,6/24/21,425.13,5.05e-06,7.47e-06,2.07e-05,1.41e-05
558,6/25/21,426.59,3.45e-06,5.05e-06,1.46e-05,1.4e-05
559,6/28/21,427.48,5.93e-06,3.45e-06,7.93e-06,1.33e-05
560,6/29/21,427.7,2.76e-06,5.93e-06,6.13e-06,1.32e-05
561,6/30/21,428.1,4.49e-06,2.76e-06,4.93e-06,1.3e-05
562,7/1/21,430.48,4.07e-06,4.49e-06,4.34e-06,1.3e-05
563,7/2/21,433.72,3.36e-06,4.07e-06,4.14e-06,1.25e-05
564,7/6/21,432.94,1.49e-05,3.36e-06,4.12e-06,1.23e-05
565,7/7/21,434.52,1.74e-05,1.49e-05,5.92e-06,1.18e-05
566,7/8/21,431,4.52e-05,1.74e-05,8.86e-06,1.25e-05
567,7/9/21,435.51,6.27e-06,4.52e-05,1.7e-05,1.43e-05
568,7/12/21,437.11,4.67e-06,6.27e-06,1.74e-05,1.38e-05
569,7/13/21,435.69,1.31e-05,4.67e-06,1.77e-05,1.38e-05
570,7/14/21,436.38,1.51e-05,1.31e-05,1.73e-05,1.37e-05
571,7/15/21,434.76,1.84e-05,1.51e-05,1.69e-05,1.42e-05
572,7/16/21,431.41,2.01e-05,1.84e-05,1.15e-05,1.48e-05
573,7/19/21,425.11,6.23e-05,2.01e-05,1.43e-05,1.54e-05
574,7/20/21,431.04,3.17e-05,6.23e-05,2.58e-05,1.59e-05
575,7/21/21,434.52,9.32e-06,3.17e-05,2.95e-05,1.58e-05
576,7/22/21,435.53,1.44e-05,9.32e-06,2.84e-05,1.45e-05
577,7/23/21,439.77,8.6e-06,1.44e-05,2.76e-05,1.45e-05
578,7/26/21,441.01,6.16e-06,8.6e-06,2.53e-05,1.45e-05
579,7/27/21,438.98,2.47e-05,6.16e-06,1.4e-05,1.44e-05
580,7/28/21,438.76,2.05e-05,2.47e-05,1.26e-05,1.53e-05
581,7/29/21,440.6,5.29e-06,2.05e-05,1.49e-05,1.61e-05
582,7/30/21,438.54,1.45e-05,5.29e-06,1.31e-05,1.6e-05
583,8/2/21,437.62,1.16e-05,1.45e-05,1.42e-05,1.66e-05
584,8/3/21,441.16,2.41e-05,1.16e-05,1.53e-05,1.69e-05
585,8/4/21,439.02,1.1e-05,2.41e-05,1.52e-05,1.78e-05
586,8/5/21,441.62,3.49e-06,1.1e-05,1.33e-05,1.81e-05
587,8/6/21,442.5,5.87e-06,3.49e-06,1.29e-05,1.76e-05
588,8/9/21,442.18,7.77e-06,5.87e-06,1.12e-05,1.71e-05
589,8/10/21,442.65,7.84e-06,7.77e-06,1.04e-05,1.54e-05
590,8/11/21,443.74,4.24e-06,7.84e-06,7.19e-06,1.55e-05
591,8/12/21,445.02,3.55e-06,4.24e-06,5.84e-06,1.55e-05
592,8/13/21,445.94,4.25e-06,3.55e-06,5.85e-06,1.5e-05
593,8/16/21,447.02,1.01e-05,4.25e-06,5.53e-06,1.45e-05
594,8/17/21,444.09,3.21e-05,1.01e-05,5.99e-06,1.41e-05
595,8/18/21,439.3,3.66e-05,3.21e-05,1.08e-05,1.47e-05
596,8/19/21,439.91,5.99e-05,3.66e-05,1.73e-05,1.35e-05
597,8/20/21,443.25,2e-05,5.99e-05,2.86e-05,1.48e-05
598,8/23/21,447.21,6.56e-06,2e-05,3.17e-05,1.53e-05
599,8/24/21,447.95,2.66e-06,6.56e-06,3.1e-05,1.49e-05
600,8/25/21,448.93,2.83e-06,2.66e-06,2.51e-05,1.47e-05
601,8/26/21,446.36,1.62e-05,2.83e-06,1.84e-05,1.45e-05
602,8/27/21,450.11,1.08e-05,1.62e-05,9.64e-06,1.41e-05
603,8/30/21,452.1,3.92e-06,1.08e-05,7.8e-06,1.37e-05
604,8/31/21,451.57,6.33e-06,3.92e-06,7.27e-06,1.36e-05
605,9/1/21,451.88,5.77e-06,6.33e-06,8.01e-06,1.33e-05
606,9/2/21,453.23,6.55e-06,5.77e-06,8.6e-06,1.3e-05
607,9/3/21,453.02,7.47e-06,6.55e-06,6.67e-06,1.22e-05
608,9/7/21,451.56,6.99e-06,7.47e-06,6.01e-06,1.2e-05
609,9/8/21,450.87,1.75e-05,6.99e-06,6.62e-06,1.22e-05
610,9/9/21,449.03,2.17e-05,1.75e-05,8.85e-06,1.27e-05
611,9/10/21,445.54,2.15e-05,2.17e-05,1.2e-05,1.34e-05
612,9/13/21,446.55,3.8e-05,2.15e-05,1.5e-05,1.4e-05
613,9/14/21,444.28,2.41e-05,3.8e-05,2.11e-05,1.55e-05
614,9/15/21,447.87,2.56e-05,2.41e-05,2.46e-05,1.64e-05
615,9/16/21,447.14,2.72e-05,2.56e-05,2.62e-05,1.74e-05
616,9/17/21,441.39,3e-05,2.72e-05,2.73e-05,1.82e-05
617,9/20/21,434.08,5.57e-05,3e-05,2.9e-05,1.81e-05
618,9/21/21,433.59,7.57e-05,5.57e-05,3.25e-05,1.9e-05
619,9/22/21,437.88,4.52e-05,7.57e-05,4.28e-05,1.97e-05
620,9/23/21,443.14,1.91e-05,4.52e-05,4.68e-05,2.08e-05
621,9/24/21,443.96,2.31e-05,1.91e-05,4.51e-05,2.14e-05
622,9/27/21,442.69,1.59e-05,2.31e-05,4.37e-05,2.23e-05
623,9/28/21,433.92,6.8e-05,1.59e-05,3.58e-05,2.29e-05
624,9/29/21,434.39,4.62e-05,6.8e-05,3.43e-05,2.53e-05
625,9/30/21,429.22,7.54e-05,4.62e-05,3.45e-05,2.69e-05
626,10/1/21,434.18,6.94e-05,7.54e-05,4.57e-05,3.01e-05
627,10/4/21,428.71,9.81e-05,6.94e-05,5.5e-05,3.3e-05
628,10/5/21,433.1,2.99e-05,9.81e-05,7.14e-05,3.72e-05
629,10/6/21,434.87,8.78e-05,2.99e-05,6.38e-05,3.83e-05
630,10/7/21,438.65,1.7e-05,8.78e-05,7.21e-05,4.19e-05
631,10/8/21,437.83,2.99e-05,1.7e-05,6.04e-05,4.24e-05
632,10/11/21,434.7,2.54e-05,2.99e-05,5.25e-05,4.29e-05
633,10/12/21,433.63,4.21e-05,2.54e-05,3.8e-05,4.31e-05
634,10/13/21,435.21,3.86e-05,4.21e-05,4.04e-05,4.4e-05
635,10/14/21,442.5,1.34e-05,3.86e-05,3.06e-05,4.41e-05
636,10/15/21,445.76,1.13e-05,1.34e-05,2.99e-05,4.36e-05
637,10/18/21,447.2,1.34e-05,1.13e-05,2.62e-05,4.29e-05
638,10/19/21,450.59,8.6e-06,1.34e-05,2.38e-05,4.23e-05
639,10/20/21,452.42,8.73e-06,8.6e-06,1.71e-05,4.13e-05
640,10/21/21,453.69,7.61e-06,8.73e-06,1.11e-05,3.92e-05
641,10/22/21,453.22,2.34e-05,7.61e-06,9.93e-06,3.61e-05
642,10/25/21,455.58,1.11e-05,2.34e-05,1.23e-05,3.51e-05
643,10/26/21,456.01,1.82e-05,1.11e-05,1.19e-05,3.47e-05
644,10/27/21,453.97,1.96e-05,1.82e-05,1.38e-05,3.45e-05
645,10/28/21,458.37,1.38e-05,1.96e-05,1.6e-05,3.47e-05
646,10/29/21,459.24,1.37e-05,1.38e-05,1.72e-05,3.22e-05
647,11/1/21,460.04,1.46e-05,1.37e-05,1.53e-05,3.08e-05
648,11/2/21,461.85,7.65e-06,1.46e-05,1.6e-05,2.8e-05
649,11/3/21,464.715,1.27e-05,7.65e-06,1.39e-05,2.52e-05
650,11/4/21,466.82,1.39e-05,1.27e-05,1.25e-05,2.13e-05
651,11/5/21,468.5,1.96e-05,1.39e-05,1.25e-05,2.06e-05
652,11/8/21,468.89,1.09e-05,1.96e-05,1.37e-05,1.75e-05
653,11/9/21,467.42,2.34e-05,1.09e-05,1.3e-05,1.72e-05
654,11/10/21,463.64,2.42e-05,2.34e-05,1.61e-05,1.69e-05
655,11/11/21,463.79,8.4e-06,2.42e-05,1.84e-05,1.68e-05
656,11/12/21,467.25,1.29e-05,8.4e-06,1.73e-05,1.53e-05
657,11/15/21,467.47,1.29e-05,1.29e-05,1.6e-05,1.41e-05
658,11/16/21,469.25,1.07e-05,1.29e-05,1.64e-05,1.41e-05
659,11/17/21,468.12,1.09e-05,1.07e-05,1.38e-05,1.41e-05
660,11/18/21,469.74,1.95e-05,1.09e-05,1.12e-05,1.4e-05
661,11/19/21,468.88,1.18e-05,1.95e-05,1.34e-05,1.45e-05
662,11/22/21,467.41,3.4e-05,1.18e-05,1.32e-05,1.46e-05
663,11/23/21,468.23,5.14e-05,3.4e-05,1.74e-05,1.58e-05
664,11/24/21,469.4,2.79e-05,5.14e-05,2.55e-05,1.71e-05
665,11/26/21,459.39,5.83e-05,2.79e-05,2.89e-05,1.79e-05
666,11/29/21,464.53,2.02e-05,5.83e-05,3.67e-05,1.97e-05
667,11/30/21,455.56,8.88e-05,2.02e-05,3.84e-05,1.97e-05
668,12/1/21,450.54,0.00010857,8.88e-05,4.93e-05,2.31e-05
669,12/2/21,456.94,0.000129739,0.00010857,6.07e-05,2.74e-05
670,12/3/21,453.25,0.000155023,0.000129739,8.11e-05,3.27e-05
671,12/6/21,458.63,7.32e-05,0.000155023,0.000100457,3.94e-05
672,12/7/21,468.15,2.28e-05,7.32e-05,0.000111068,4.21e-05
673,12/8/21,469.51,1.75e-05,2.28e-05,9.79e-05,4.25e-05
674,12/9/21,466.31,2.25e-05,1.75e-05,7.97e-05,4.24e-05
675,12/10/21,470.63,2.65e-05,2.25e-05,5.82e-05,4.29e-05
676,12/13/21,466.59,2.65e-05,2.65e-05,3.25e-05,4.31e-05
677,12/14/21,463.44,3.68e-05,2.65e-05,2.32e-05,4.32e-05
678,12/15/21,470.35,9.42e-05,3.68e-05,2.59e-05,4.45e-05
679,12/16/21,466.68,6.01e-05,9.42e-05,4.13e-05,4.82e-05
680,12/17/21,460.08,0.000130518,6.01e-05,4.88e-05,5.03e-05
681,12/20/21,454.98,5.65e-05,0.000130518,6.96e-05,5.58e-05
682,12/21/21,462.86,4.21e-05,5.65e-05,7.56e-05,5.78e-05
683,12/22/21,467.7,1.89e-05,4.21e-05,7.67e-05,5.89e-05
684,12/23/21,470.55,1.29e-05,1.89e-05,6.16e-05,5.92e-05
685,12/27/21,477.23,7.23e-06,1.29e-05,5.22e-05,5.82e-05
686,12/28/21,476.95,2.03e-05,7.23e-06,2.75e-05,5.62e-05
687,12/29/21,477.48,1.42e-05,2.03e-05,2.03e-05,5.59e-05
688,12/30/21,476.23,1.05e-05,1.42e-05,1.47e-05,5.39e-05
689,12/31/21,475.12,2.03e-05,1.05e-05,1.3e-05,5.34e-05
690,1/3/22,477.72,3.81e-05,2.03e-05,1.45e-05,5.03e-05
691,1/4/22,477.59,2.16e-05,3.81e-05,2.07e-05,4.71e-05
692,1/5/22,468.62,3.38e-05,2.16e-05,2.1e-05,4.22e-05
693,1/6/22,467.86,5.9e-05,3.38e-05,2.49e-05,3.67e-05
694,1/10/22,465.51,7.07e-05,5.9e-05,3.46e-05,3.6e-05
695,1/11/22,469.73,5.13e-05,7.07e-05,4.46e-05,3.82e-05
696,1/12/22,471.2,4.21e-05,5.13e-05,4.73e-05,3.98e-05
697,1/13/22,464.85,5.44e-05,4.21e-05,5.14e-05,4.06e-05
698,1/14/22,464.74,6.62e-05,5.44e-05,5.55e-05,4.19e-05
699,1/18/22,456.53,6.3e-05,6.62e-05,5.69e-05,4.37e-05
700,1/19/22,451.82,5.87e-05,6.3e-05,5.54e-05,4.49e-05
701,1/20/22,446.78,7.86e-05,5.87e-05,5.69e-05,4.33e-05
702,1/21/22,438.22,0.000197581,7.86e-05,6.42e-05,4.41e-05
703,1/24/22,439.72,0.00047513,0.000197581,9.28e-05,4.72e-05
704,1/25/22,434.6,0.000280053,0.00047513,0.000174598,6.62e-05
705,1/26/22,433.03,0.000409677,0.000280053,0.00021801,7.7e-05
706,1/27/22,431.38,0.000262341,0.000409677,0.000288203,9.48e-05
707,1/28/22,441.88,0.000212342,0.000262341,0.000324956,0.000106127
708,1/31/22,449.79,8.02e-05,0.000212342,0.000327909,0.000115451
709,2/1/22,452.95,7.64e-05,8.02e-05,0.000248917,0.000118174
710,2/2/22,457.24,5.44e-05,7.64e-05,0.000208177,0.000120998
711,2/3/22,446.72,5.79e-05,5.44e-05,0.000137122,0.000122993
712,2/4/22,448.57,0.000104127,5.79e-05,9.62e-05,0.000124701
713,2/7/22,447.24,6.52e-05,0.000104127,7.46e-05,0.000127702
714,2/8/22,450.82,5.54e-05,6.52e-05,7.16e-05,0.000129682
715,2/9/22,457.32,2.17e-05,5.54e-05,6.74e-05,0.000130663
716,2/10/22,449.36,0.000137479,2.17e-05,6.08e-05,0.000128968
717,2/11/22,440.4,0.000170642,0.000137479,7.68e-05,0.000132003
718,2/14/22,438.91,0.000128266,0.000170642,9.01e-05,0.000137425
719,2/15/22,445.94,4.27e-05,0.000128266,0.000102683,0.000141343
720,2/16/22,446.57,5.38e-05,4.27e-05,0.000100151,0.000140812
721,2/17/22,437.07,4.11e-05,5.38e-05,0.000106579,0.000140248
722,2/18/22,434.31,0.000113056,4.11e-05,8.73e-05,0.000139253
723,2/22/22,429.71,0.000142135,0.000113056,7.58e-05,0.000141724
724,2/23/22,422.07,9.98e-05,0.000142135,7.86e-05,0.000144613
725,2/24/22,427.99,0.000293145,9.98e-05,9e-05,0.000140167
726,2/25/22,437.58,0.000116324,0.000293145,0.000137841,0.000131895
727,2/28/22,436.67,0.00016587,0.000116324,0.000152886,0.000124452
728,3/1/22,429.75,0.000150857,0.00016587,0.000163449,0.00011337
729,3/2/22,437.85,0.000118344,0.000150857,0.000165193,0.000108303
730,3/3/22,435.77,0.000125509,0.000118344,0.000168908,0.00010403
731,3/4/22,432.1,0.000128533,0.000125509,0.000135381,0.000106091
732,3/7/22,419.59,9.99e-05,0.000128533,0.000137822,0.000108463
733,3/8/22,416.32,0.000365522,9.99e-05,0.000124634,0.000110532
734,3/9/22,427.33,7.38e-05,0.000365522,0.000167567,0.000124516
735,3/10/22,425.38,9.13e-05,7.38e-05,0.000158657,0.000123137
736,3/11/22,420.17,6.53e-05,9.13e-05,0.000151817,0.000124323
737,3/14/22,416.98,8.36e-05,6.53e-05,0.000139174,0.000124776
738,3/15/22,426.02,0.000105539,8.36e-05,0.000135909,0.000127591
739,3/16/22,435.57,0.00018369,0.000105539,8.39e-05,0.000126139
740,3/17/22,440.93,5.58e-05,0.00018369,0.000105891,0.000126732
741,3/18/22,444.35,4.02e-05,5.58e-05,9.88e-05,0.000123437
742,3/21/22,444.3,8.51e-05,4.02e-05,9.38e-05,0.000123323
743,3/22/22,449.55,3.16e-05,8.51e-05,9.41e-05,0.000124747
744,3/23/22,443.73,4.68e-05,3.16e-05,7.93e-05,0.000124316
745,3/24/22,450.48,3.9e-05,4.68e-05,5.19e-05,0.000121306
746,3/25/22,452.64,5.44e-05,3.9e-05,4.85e-05,0.000116617
747,3/28/22,455.84,3.01e-05,5.44e-05,5.14e-05,0.000114553
748,3/29/22,461.53,3.66e-05,3.01e-05,4.04e-05,0.000102599
749,3/30/22,458.79,2.91e-05,3.66e-05,4.14e-05,9.9e-05
750,3/31/22,452.11,3.59e-05,2.91e-05,3.78e-05,9.28e-05
751,4/1/22,452.92,5.55e-05,3.59e-05,3.72e-05,8.75e-05
752,4/4/22,456.91,1.93e-05,5.55e-05,3.74e-05,8.47e-05
753,4/5/22,451.15,5.45e-05,1.93e-05,3.53e-05,7.98e-05
754,4/6/22,446.56,0.000103382,5.45e-05,3.88e-05,7.65e-05
755,4/7/22,448.79,6.77e-05,0.000103382,5.37e-05,7.66e-05
756,4/8/22,447.85,4.91e-05,6.77e-05,6.01e-05,6.31e-05
757,4/11/22,440.12,3.16e-05,4.91e-05,5.88e-05,6.2e-05
758,4/13/22,443.3,3.4e-05,3.16e-05,6.12e-05,5.93e-05
759,4/14/22,437.87,5.2e-05,3.4e-05,5.71e-05,5.78e-05
760,4/18/22,437.94,5.69e-05,5.2e-05,4.69e-05,5.64e-05
761,4/19/22,445.11,4.68e-05,5.69e-05,4.47e-05,5.42e-05
762,4/20/22,444.61,5.46e-05,4.68e-05,4.42e-05,4.8e-05
763,4/21/22,438.05,7.74e-05,5.46e-05,4.88e-05,4.79e-05
764,4/22/22,425.98,0.000110506,7.74e-05,5.75e-05,4.96e-05
765,4/25/22,428.5,0.000199959,0.000110506,6.92e-05,5.08e-05
766,4/26/22,416.59,0.000103131,0.000199959,9.78e-05,5.84e-05
767,4/27/22,417.2,0.000206357,0.000103131,0.000109103,6.1e-05
768,4/28/22,427.8,9.94e-05,0.000206357,0.000139462,6.86e-05
769,4/29/22,412.51,0.000125378,9.94e-05,0.000143871,7.06e-05
770,5/2/22,414.62,0.000281962,0.000125378,0.000146846,7.49e-05
771,5/3/22,416.28,0.000159267,0.000281962,0.000163246,8.61e-05
772,5/4/22,428.95,0.000252034,0.000159267,0.000174473,9.2e-05
773,5/5/22,413.83,0.000252823,0.000252034,0.000183609,0.000101843
774,5/6/22,411.36,0.000365392,0.000252823,0.000214293,0.000110814
775,5/9/22,398.35,0.000214384,0.000365392,0.000262296,0.000126547
776,5/10/22,399.08,0.000263276,0.000214384,0.00024878,0.000133813
777,5/11/22,392.68,0.000312717,0.000263276,0.000269582,0.000141081
778,5/12/22,392.37,0.000325639,0.000312717,0.000281718,0.000152217
779,5/13/22,401.54,0.000136089,0.000325639,0.000296282,0.000164789
780,5/16/22,400.23,0.000139583,0.000136089,0.000250421,0.000169541
781,5/17/22,408.26,9.39e-05,0.000139583,0.000235461,0.000174342
782,5/18/22,392.31,0.000111438,9.39e-05,0.000201579,0.000176245
783,5/19/22,389.38,0.000320957,0.000111438,0.000161323,0.000178725
784,5/20/22,389.73,0.000214466,0.000320957,0.000160387,0.000191185
785,5/23/22,397.05,0.000130639,0.000214466,0.000176063,0.000198454
786,5/24/22,393.97,0.000183331,0.000130639,0.000174274,0.000200876
787,5/25/22,397.43,0.000119381,0.000183331,0.000192166,0.000204186
788,5/26/22,405.37,5.41e-05,0.000119381,0.000193755,0.000200523
789,5/27/22,415.22,3.85e-05,5.41e-05,0.000140375,0.000198293
790,5/31/22,413.13,0.000136306,3.85e-05,0.000105177,0.000190662
791,6/1/22,409.61,0.000111347,0.000136306,0.00010631,0.000192339
792,6/2/22,417.34,9.31e-05,0.000111347,9.19e-05,0.000191702
793,6/3/22,410.61,9.13e-05,9.31e-05,8.67e-05,0.000183117
794,6/6/22,411.79,8.9e-05,9.13e-05,9.41e-05,0.000180029
795,6/7/22,415.48,5.67e-05,8.9e-05,0.000104215,0.000172618
796,6/8/22,411.27,7.3e-05,5.67e-05,8.83e-05,0.000163704
797,6/9/22,401.53,0.000115795,7.3e-05,8.06e-05,0.000150415
798,6/10/22,389.91,0.000139114,0.000115795,8.52e-05,0.000145934
799,6/13/22,374.89,0.000180357,0.000139114,9.47e-05,0.00014029
800,6/14/22,373.92,0.000185978,0.000180357,0.000113003,0.000134273
801,6/15/22,379.09,0.000485017,0.000185978,0.000138853,0.000127925
802,6/16/22,366.82,0.000159858,0.000485017,0.000221252,0.000143786
803,6/17/22,365.83,0.000213212,0.000159858,0.000230065,0.000144707
804,6/21/22,374.96,4.1e-05,0.000213212,0.000244884,0.000150132
805,6/22/22,374.38,0.000127385,4.1e-05,0.000217003,0.000146928
806,6/23/22,377.94,0.000112199,0.000127385,0.000205284,0.000138129
807,6/24/22,389.9,5.9e-05,0.000112199,0.000130721,0.000133481
808,6/27/22,388.64,9.35e-05,5.9e-05,0.000110544,0.000130223
809,6/28/22,380.83,0.000100947,9.35e-05,8.66e-05,0.00012614
810,6/29/22,380.2,0.000129741,0.000100947,9.86e-05,0.000125302
811,6/30/22,377.4,0.00017894,0.000129741,9.91e-05,0.000128742
812,7/1/22,381.27,0.000140617,0.00017894,0.000112421,0.000135127
813,7/5/22,381.94,0.000123066,0.000140617,0.000128749,0.000135323
814,7/6/22,383.28,0.000142945,0.000123066,0.000134662,0.000135856
815,7/7/22,388.84,2.56e-05,0.000142945,0.000143062,0.000138121
816,7/8/22,388.51,7.82e-05,2.56e-05,0.000122234,0.000135134
817,7/11/22,384.33,5.76e-05,7.82e-05,0.000102078,0.000134641
818,7/12/22,380.86,8.19e-05,5.76e-05,8.55e-05,0.000134681
819,7/13/22,378.85,0.000131634,8.19e-05,7.72e-05,0.000135083
820,7/14/22,377.92,0.000102521,0.000131634,7.5e-05,0.000135803
821,7/15/22,384.96,5.93e-05,0.000102521,9.04e-05,0.000134139
822,7/18/22,382.1,4.89e-05,5.93e-05,8.66e-05,0.000128635
823,7/19/22,392.12,4.51e-05,4.89e-05,8.48e-05,0.000122402
824,7/20/22,394.82,8.89e-05,4.51e-05,7.75e-05,0.000102403
825,7/21/22,398.77,8.78e-05,8.89e-05,6.89e-05,9.92e-05
826,7/22/22,395.1,6.78e-05,8.78e-05,6.6e-05,9.35e-05
827,7/25/22,395.71,5.39e-05,6.78e-05,6.77e-05,9.47e-05
828,7/26/22,391.12,3.92e-05,5.39e-05,6.87e-05,9.14e-05
829,7/27/22,400.83,9e-05,3.92e-05,6.75e-05,8.8e-05
830,7/28/22,406.04,7.29e-05,9e-05,6.77e-05,8.94e-05
831,7/29/22,411.99,4.61e-05,7.29e-05,6.48e-05,8.85e-05
832,8/1/22,410.78,8.32e-05,4.61e-05,6.04e-05,8.6e-05
833,8/2/22,408.15,6.86e-05,8.32e-05,6.63e-05,8.39e-05
834,8/3/22,414.28,4.4e-05,6.86e-05,7.21e-05,7.89e-05
835,8/4/22,414.28,4.47e-05,4.4e-05,6.29e-05,7.45e-05
836,8/5/22,413.42,4.54e-05,4.47e-05,5.73e-05,7.09e-05
837,8/8/22,413.07,5.44e-05,4.54e-05,5.72e-05,6.65e-05
838,8/9/22,411.45,3.04e-05,5.44e-05,5.14e-05,6.78e-05
839,8/10/22,419.74,3.17e-05,3.04e-05,4.38e-05,6.56e-05
840,8/11/22,420.37,3.64e-05,3.17e-05,4.13e-05,6.45e-05
841,8/12/22,427,2.03e-05,3.64e-05,3.97e-05,6.24e-05
842,8/15/22,428.87,2.06e-05,2.03e-05,3.46e-05,5.73e-05
843,8/16/22,429.65,3.47e-05,2.06e-05,2.79e-05,5.36e-05
844,8/17/22,426.64,4.88e-05,3.47e-05,2.87e-05,5.25e-05
845,8/18/22,427.83,2.42e-05,4.88e-05,3.22e-05,5.25e-05
846,8/19/22,422.14,2.53e-05,2.42e-05,2.97e-05,5.15e-05
847,8/22/22,413.45,3.5e-05,2.53e-05,3.07e-05,4.87e-05
848,8/23/22,412.33,5.9e-05,3.5e-05,3.36e-05,4.63e-05
849,8/24/22,413.64,2.57e-05,5.9e-05,3.85e-05,4.59e-05
850,8/25/22,419.53,3.96e-05,2.57e-05,3.38e-05,4.46e-05
851,8/26/22,405.32,0.000188174,3.96e-05,3.69e-05,4.46e-05
852,8/29/22,402.59,7.92e-05,0.000188174,6.95e-05,4.91e-05
853,8/30/22,398.4,0.000111164,7.92e-05,7.83e-05,4.93e-05
854,8/31/22,395.07,8.81e-05,0.000111164,8.88e-05,5.23e-05
855,9/1/22,396.4,9.06e-05,8.81e-05,0.000101237,5.25e-05
856,9/2/22,392.27,0.000128443,9.06e-05,0.000111445,5.35e-05
857,9/6/22,390.7,0.000136477,0.000128443,9.95e-05,5.74e-05
858,9/7/22,397.77,7.05e-05,0.000136477,0.000110948,6.15e-05
859,9/8/22,400.4,0.000136117,7.05e-05,0.000102809,6.27e-05
860,9/9/22,406.38,3.58e-05,0.000136117,0.000112422,6.64e-05
861,9/12/22,410.94,3.56e-05,3.58e-05,0.000101459,6.66e-05
862,9/13/22,393.26,7.44e-05,3.56e-05,8.29e-05,6.68e-05
863,9/14/22,394.61,0.000107573,7.44e-05,7.05e-05,6.85e-05
864,9/15/22,390.12,0.000105391,0.000107573,7.79e-05,7.25e-05
865,9/16/22,385.51,7.9e-05,0.000105391,7.17e-05,7.64e-05
866,9/19/22,388.5,7.42e-05,7.9e-05,8.04e-05,7.84e-05
867,9/20/22,384.26,8.83e-05,7.42e-05,8.81e-05,7.95e-05
868,9/21/22,377.45,0.000469544,8.83e-05,9.09e-05,8.24e-05
869,9/22/22,374.16,0.000108422,0.000469544,0.000163291,0.000102628
870,9/23/22,368.11,0.000114095,0.000108422,0.000163897,0.000105964
871,9/26/22,364.47,0.000138308,0.000114095,0.000170921,0.000108467
872,9/27/22,363.36,0.00015536,0.000138308,0.000183737,0.000113587
873,9/28/22,370.51,9.34e-05,0.00015536,0.000197146,0.00011885
874,9/29/22,362.81,0.000130124,9.34e-05,0.000121911,0.000114541
875,9/30/22,357.17,0.00015905,0.000130124,0.000126251,0.000116854
876,10/3/22,366.54,9.54e-05,0.00015905,0.000135242,0.000119031
877,10/4/22,377.79,7.41e-05,9.54e-05,0.000126665,0.000119366
878,10/5/22,377.25,0.00010216,7.41e-05,0.000110411,0.000118615
879,10/6/22,373.18,0.000118833,0.00010216,0.00011217,0.000117421
880,10/7/22,362.73,7.96e-05,0.000118833,0.000109911,0.000116619
881,10/10/22,360.18,0.000119806,7.96e-05,9.4e-05,0.000117032
882,10/11/22,357.68,0.000143162,0.000119806,9.89e-05,0.000116291
883,10/12/22,356.61,8.52e-05,0.000143162,0.000112706,0.000121172
884,10/13/22,365.88,0.000357364,8.52e-05,0.000109305,0.000123424
885,10/14/22,357.77,0.000253636,0.000357364,0.000157011,0.000136287
886,10/17/22,366.66,8.7e-05,0.000253636,0.000191824,0.000142926
887,10/18/22,370.95,0.000140984,8.7e-05,0.000185264,0.000142091
888,10/19/22,368.48,0.000100072,0.000140984,0.000184828,0.000144909
889,10/20/22,365.43,0.000108588,0.000100072,0.000187812,0.000146084
890,10/21/22,374.25,0.000169255,0.000108588,0.000138057,0.000147005
891,10/24/22,378.87,0.000164333,0.000169255,0.000121181,0.000133356
892,10/25/22,384.66,4.74e-05,0.000164333,0.000136646,0.000135897
893,10/26/22,382.02,6.55e-05,4.74e-05,0.000117922,0.000132864
894,10/27/22,380.01,0.000113581,6.55e-05,0.000111006,0.000129554
895,10/28/22,388.92,7.3e-05,0.000113581,0.000112005,0.000127655
896,10/31/22,386.3,7.11e-05,7.3e-05,9.28e-05,0.000126731
897,11/1/22,384.54,8e-05,7.11e-05,7.41e-05,0.000124049
898,11/2/22,374.79,0.000377924,8e-05,8.07e-05,0.000120457
899,11/3/22,371.06,9.49e-05,0.000377924,0.000143137,0.000133298
900,11/4/22,376.38,0.000198192,9.49e-05,0.000139404,0.000134244
901,11/7/22,379.81,6.1e-05,0.000198192,0.000164436,0.000138609
902,11/8/22,381.93,0.00012723,6.1e-05,0.000162415,0.000135982
903,11/9/22,374.15,8.55e-05,0.00012723,0.000171857,0.000138148
904,11/10/22,394.66,8.35e-05,8.55e-05,0.00011338,0.000136591
905,11/11/22,398.46,8.38e-05,8.35e-05,0.000111105,0.000133881
906,11/14/22,395.35,6.84e-05,8.38e-05,8.82e-05,0.000133818
907,11/15/22,398.47,0.000147718,6.84e-05,8.97e-05,0.000120684
908,11/16/22,395.46,4.54e-05,0.000147718,9.38e-05,0.000115869
909,11/17/22,394.24,5.26e-05,4.54e-05,8.58e-05,0.000113979
910,11/18/22,396.06,6.42e-05,5.26e-05,7.96e-05,0.000109959
911,11/21/22,394.61,3.56e-05,6.42e-05,7.57e-05,0.000108328
912,11/22/22,399.8,1.99e-05,3.56e-05,6.91e-05,0.000105009
913,11/23/22,402.36,5.14e-05,1.99e-05,4.35e-05,9.82e-05
914,11/25/22,402.38,3.55e-06,5.14e-05,4.47e-05,9.31e-05
915,11/28/22,395.99,2.44e-05,3.55e-06,3.49e-05,9.11e-05
916,11/29/22,395.23,4.29e-05,2.44e-05,2.7e-05,8.92e-05
917,11/30/22,407.33,0.000108603,4.29e-05,2.84e-05,8.6e-05
918,12/1/22,407.35,7.21e-05,0.000108603,4.62e-05,8.76e-05
919,12/2/22,406.82,4.55e-05,7.21e-05,5.03e-05,8.77e-05
920,12/5/22,399.76,5.27e-05,4.55e-05,5.87e-05,8.61e-05
921,12/6/22,393.8,6.34e-05,5.27e-05,6.44e-05,7.13e-05
922,12/7/22,393.16,9.59e-05,6.34e-05,6.85e-05,6.99e-05
923,12/8/22,396.25,5.79e-05,9.59e-05,6.59e-05,6.52e-05
924,12/9/22,393.27,5.19e-05,5.79e-05,6.31e-05,6.51e-05
925,12/12/22,398.89,3.17e-05,5.19e-05,6.44e-05,6.17e-05
926,12/13/22,401.91,0.000197239,3.17e-05,6.02e-05,5.92e-05
927,12/14/22,399.38,0.000267804,0.000197239,8.69e-05,6.44e-05
928,12/15/22,389.66,7.84e-05,0.000267804,0.000121303,7.28e-05
929,12/16/22,383.3,7.7e-05,7.84e-05,0.000125404,7.32e-05
930,12/19/22,380.02,4.8e-05,7.7e-05,0.000130431,7e-05
931,12/20/22,380.41,6.5e-05,4.8e-05,0.000133702,7.01e-05
932,12/21/22,386.17,4.04e-05,6.5e-05,0.000107259,7.07e-05
933,12/22/22,380.88,7e-05,4.04e-05,6.18e-05,6.96e-05
934,12/23/22,382.87,9.6e-05,7e-05,6.01e-05,7.12e-05
935,12/27/22,381.46,5.3e-05,9.6e-05,6.39e-05,7.46e-05
936,12/28/22,376.76,5.9e-05,5.3e-05,6.49e-05,7.47e-05
937,12/29/22,383.36,3.33e-05,5.9e-05,6.37e-05,7.72e-05
938,12/30/22,382.38,6.05e-05,3.33e-05,6.22e-05,7.76e-05
939,1/3/23,380.84,0.000131002,6.05e-05,6.03e-05,7.84e-05
940,1/4/23,383.66,0.000141936,0.000131002,6.74e-05,7.94e-05
941,1/5/23,379.5,6.73e-05,0.000141936,8.51e-05,8.26e-05
942,1/6/23,387.87,9.76e-05,6.73e-05,8.68e-05,8.36e-05
943,1/9/23,387.94,5.03e-05,9.76e-05,9.97e-05,8.56e-05
944,1/10/23,390.56,7.48e-05,5.03e-05,9.76e-05,8.51e-05
945,1/11/23,395.5,2.46e-05,7.48e-05,8.64e-05,8.41e-05
946,1/12/23,396.97,0.000127565,2.46e-05,6.29e-05,8.26e-05
947,1/13/23,398.56,2.7e-05,0.000127565,7.5e-05,8.6e-05
948,1/17/23,397.83,3.56e-05,2.7e-05,6.08e-05,8.58e-05
949,1/18/23,391.59,4.31e-05,3.56e-05,5.79e-05,7.85e-05
950,1/19/23,388.78,5.17e-05,4.31e-05,5.16e-05,6.82e-05
951,1/20/23,395.68,4.4e-05,5.17e-05,5.7e-05,6.7e-05
952,1/23/23,400.52,5.05e-05,4.4e-05,4.03e-05,6.55e-05
953,1/24/23,400.11,5.19e-05,5.05e-05,4.5e-05,6.56e-05
954,1/25/23,400.4,5.75e-05,5.19e-05,4.82e-05,6.5e-05
955,1/26/23,404.72,7.07e-05,5.75e-05,5.11e-05,6.58e-05
956,1/27/23,405.7,4.16e-05,7.07e-05,5.49e-05,6.59e-05
957,1/30/23,400.72,4.15e-05,4.16e-05,5.44e-05,6.34e-05
958,1/31/23,406.48,2.63e-05,4.15e-05,5.26e-05,6.29e-05
959,2/1/23,410.78,0.000205196,2.63e-05,4.75e-05,6.14e-05
960,2/2/23,416.71,6.34e-05,0.000205196,7.71e-05,6.92e-05
961,2/3/23,412.33,9.45e-05,6.34e-05,7.56e-05,6.93e-05
962,2/6/23,409.84,3.19e-05,9.45e-05,8.62e-05,6.77e-05
963,2/7/23,415.1,0.000155703,3.19e-05,8.43e-05,6.27e-05
964,2/8/23,410.63,6.25e-05,0.000155703,0.000110139,6.67e-05
965,2/9/23,407.09,5.64e-05,6.25e-05,8.16e-05,6.51e-05
966,2/10/23,408.01,4.82e-05,5.64e-05,8.02e-05,6.54e-05
967,2/13/23,412.85,2.48e-05,4.82e-05,7.09e-05,6.42e-05
968,2/14/23,412.64,0.000118458,2.48e-05,6.95e-05,6.42e-05
969,2/15/23,414.06,3.73e-05,0.000118458,6.21e-05,6.37e-05
970,2/16/23,408.28,4.97e-05,3.73e-05,5.7e-05,6.42e-05
971,2/17/23,407.28,5.09e-05,4.97e-05,5.57e-05,6.49e-05
972,2/21/23,399.09,2.76e-05,5.09e-05,5.62e-05,6.52e-05
973,2/22/23,398.63,6.32e-05,2.76e-05,5.68e-05,6.41e-05
974,2/23/23,400.64,5.13e-05,6.32e-05,4.57e-05,6.5e-05
975,2/24/23,396.38,5.43e-05,5.13e-05,4.85e-05,6.5e-05
976,2/27/23,397.74,3.5e-05,5.43e-05,4.94e-05,6.51e-05
977,2/28/23,396.29,2.48e-05,3.5e-05,4.63e-05,6.41e-05
978,3/1/23,394.78,4.97e-05,2.48e-05,4.57e-05,6.2e-05
979,3/2/23,397.68,4.89e-05,4.97e-05,4.3e-05,6.24e-05
980,3/3/23,404.1,2.67e-05,4.89e-05,4.25e-05,6.27e-05
981,3/6/23,404.47,2e-05,2.67e-05,3.7e-05,6.27e-05
982,3/7/23,398.32,8.5e-05,2e-05,3.4e-05,5.43e-05
983,3/8/23,398.91,5.09e-05,8.5e-05,4.61e-05,5.53e-05
984,3/9/23,391.6,7.07e-05,5.09e-05,4.63e-05,5.33e-05
985,3/10/23,386.05,0.000162303,7.07e-05,5.07e-05,5.51e-05
986,3/13/23,385.3,0.000284131,0.000162303,7.78e-05,5.54e-05
987,3/14/23,391.73,9.24e-05,0.000284131,0.000130618,6.55e-05
988,3/15/23,389.3,0.000133942,9.24e-05,0.000132089,6.71e-05
989,3/16/23,396.03,9.11e-05,0.000133942,0.000148688,7.1e-05
990,3/17/23,390.17,9.65e-05,9.11e-05,0.000152774,7.4e-05
991,3/20/23,393.67,5.53e-05,9.65e-05,0.00013961,7.3e-05
992,3/21/23,398.86,3.27e-05,5.53e-05,9.38e-05,7.38e-05
993,3/22/23,392.11,0.0001792,3.27e-05,8.19e-05,7.31e-05
994,3/23/23,393.14,0.000126079,0.0001792,9.1e-05,7.89e-05
995,3/24/23,395.7,9.24e-05,0.000126079,9.8e-05,8.34e-05
996,3/27/23,396.49,3.45e-05,9.24e-05,9.71e-05,8.47e-05
997,3/28/23,395.6,2.46e-05,3.45e-05,9.3e-05,8.39e-05
998,3/29/23,401.27,1.53e-05,2.46e-05,9.14e-05,8.26e-05
999,3/30/23,403.71,1.82e-05,1.53e-05,5.86e-05,8.17e-05
1000,3/31/23,409.39,2.1e-05,1.82e-05,3.7e-05,8.14e-05
1001,4/3/23,410.88,2.1e-05,2.1e-05,2.27e-05,8.01e-05
1002,4/4/23,408.67,3.62e-05,2.1e-05,2e-05,7.88e-05
1003,4/5/23,407.66,2.28e-05,3.62e-05,2.23e-05,7.92e-05
1004,4/6/23,409.19,1.56e-05,2.28e-05,2.38e-05,7.94e-05
1005,4/10/23,409.61,1.84e-05,1.56e-05,2.33e-05,7.62e-05
1006,4/11/23,409.72,1.32e-05,1.84e-05,2.28e-05,7.47e-05
1007,4/12/23,408.11,5.02e-05,1.32e-05,2.12e-05,7.21e-05
1008,4/13/23,413.47,1.62e-05,5.02e-05,2.4e-05,6.7e-05
1009,4/14/23,412.46,4.28e-05,1.62e-05,2.27e-05,5.48e-05
1010,4/17/23,413.94,1.88e-05,4.28e-05,2.81e-05,5.26e-05
1011,4/18/23,414.22,2.16e-05,1.88e-05,2.82e-05,4.74e-05
1012,4/19/23,414.12,1.02e-05,2.16e-05,2.99e-05,4.42e-05
1013,4/20/23,411.83,2.09e-05,1.02e-05,2.19e-05,4.03e-05
1014,4/21/23,412.16,2.74e-05,2.09e-05,2.29e-05,3.87e-05
1015,4/24/23,412.63,1.14e-05,2.74e-05,1.98e-05,3.85e-05
1016,4/25/23,406.17,2.75e-05,1.14e-05,1.83e-05,3.08e-05
1017,4/26/23,404.36,2.56e-05,2.75e-05,1.95e-05,2.64e-05
1018,4/27/23,412.41,2.08e-05,2.56e-05,2.26e-05,2.33e-05
1019,4/28/23,415.91,4.47e-05,2.08e-05,2.25e-05,2.27e-05
1020,5/1/23,415.53,1.96e-05,4.47e-05,2.6e-05,2.36e-05
1021,5/2/23,410.84,3.51e-05,1.96e-05,2.76e-05,2.38e-05
1022,5/3/23,408.02,7.68e-05,3.51e-05,2.92e-05,2.46e-05
1023,5/4/23,405.13,6.42e-05,7.68e-05,3.94e-05,2.71e-05
1024,5/5/23,412.56,1.82e-05,6.42e-05,4.81e-05,2.91e-05
1025,5/8/23,412.74,1.83e-05,1.82e-05,4.28e-05,2.83e-05
1026,5/9/23,410.99,1.13e-05,1.83e-05,4.25e-05,2.81e-05
1027,5/10/23,412.8,5.92e-05,1.13e-05,3.78e-05,2.79e-05
1028,5/11/23,412.13,3.18e-05,5.92e-05,3.42e-05,2.97e-05
1029,5/12/23,411.59,2.68e-05,3.18e-05,2.78e-05,3.06e-05
1030,5/15/23,412.94,1.58e-05,2.68e-05,2.95e-05,2.95e-05
1031,5/16/23,410.25,2.77e-05,1.58e-05,2.9e-05,2.95e-05
1032,5/17/23,415.15,2.48e-05,2.77e-05,3.23e-05,2.88e-05
1033,5/18/23,419.23,3.53e-05,2.48e-05,2.54e-05,2.91e-05
1034,5/19/23,418.59,3.28e-05,3.53e-05,2.61e-05,2.97e-05
1035,5/22/23,418.79,2.77e-05,3.28e-05,2.73e-05,3.07e-05
1036,5/23/23,414.14,3.09e-05,2.77e-05,2.97e-05,3.1e-05
1037,5/24/23,411.16,3.02e-05,3.09e-05,3.03e-05,3.12e-05
1038,5/25/23,414.61,3.94e-05,3.02e-05,3.14e-05,3.21e-05
1039,5/26/23,420.02,2.41e-05,3.94e-05,3.22e-05,3.26e-05
1040,5/30/23,420.18,3.04e-05,2.41e-05,3.05e-05,3.25e-05
1041,5/31/23,417.34,1.81e-05,3.04e-05,3.1e-05,3.3e-05
1042,6/1/23,421.82,2.49e-05,1.81e-05,2.84e-05,3.18e-05
1043,6/2/23,427.92,2.77e-05,2.49e-05,2.74e-05,3.2e-05
1044,6/5/23,427.1,2.88e-05,2.77e-05,2.5e-05,3.17e-05
1045,6/6/23,428.03,1.65e-05,2.88e-05,2.6e-05,2.95e-05
1046,6/7/23,426.55,2.07e-05,1.65e-05,2.32e-05,2.73e-05
1047,6/8/23,429.13,1.12e-05,2.07e-05,2.37e-05,2.74e-05
1048,6/9/23,429.89,2.52e-05,1.12e-05,2.1e-05,2.71e-05
1049,6/12/23,433.8,1.04e-05,2.52e-05,2.05e-05,2.77e-05
1050,6/13/23,436.66,2.54e-05,1.04e-05,1.68e-05,2.55e-05
1051,6/14/23,437.18,6.74e-05,2.54e-05,1.86e-05,2.52e-05
1052,6/15/23,442.55,3.14e-05,6.74e-05,2.79e-05,2.71e-05
1053,6/16/23,439.46,2.5e-05,3.14e-05,3.19e-05,2.78e-05
1054,6/20/23,437.18,2.23e-05,2.5e-05,3.19e-05,2.76e-05
1055,6/21/23,434.93,2.18e-05,2.23e-05,3.43e-05,2.75e-05
1056,6/22/23,436.55,2.33e-05,2.18e-05,3.36e-05,2.69e-05
1057,6/23/23,433.31,1.44e-05,2.33e-05,2.48e-05,2.65e-05
1058,6/26/23,431.44,2.46e-05,1.44e-05,2.14e-05,2.59e-05
1059,6/27/23,436.17,1.52e-05,2.46e-05,2.13e-05,2.56e-05
1060,6/28/23,436.38,2.72e-05,1.52e-05,1.99e-05,2.49e-05
1061,6/29/23,438.11,2.32e-05,2.72e-05,2.09e-05,2.44e-05
1062,6/30/23,443.25,1.14e-05,2.32e-05,2.09e-05,2.43e-05
1063,7/3/23,443.83,2.1e-06,1.14e-05,2.03e-05,2.34e-05
1064,7/5/23,443.14,8.47e-06,2.1e-06,1.58e-05,2.27e-05
1065,7/6/23,439.66,1.05e-05,8.47e-06,1.45e-05,2.2e-05
1066,7/7/23,438.53,1.69e-05,1.05e-05,1.11e-05,2.12e-05
1067,7/10/23,439.66,1.59e-05,1.69e-05,9.86e-06,2.07e-05
1068,7/11/23,442.46,1.64e-05,1.59e-05,1.08e-05,2.06e-05
1069,7/12/23,445.99,1.87e-05,1.64e-05,1.36e-05,2.04e-05
1070,7/13/23,449.56,7.06e-06,1.87e-05,1.57e-05,2.08e-05
1071,7/14/23,449.28,1.31e-05,7.06e-06,1.5e-05,1.99e-05
1072,7/17/23,450.84,4.74e-06,1.31e-05,1.42e-05,2.01e-05
1073,7/18/23,454.14,1.08e-05,4.74e-06,1.2e-05,1.91e-05
1074,7/19/23,455.2,1.43e-05,1.08e-05,1.09e-05,1.66e-05
1075,7/20/23,452.18,1.49e-05,1.43e-05,1e-05,1.58e-05
1076,7/21/23,452.21,1.87e-05,1.49e-05,1.16e-05,1.53e-05
1077,7/24/23,454.2,1.32e-05,1.87e-05,1.27e-05,1.52e-05
1078,7/25/23,455.41,6.77e-06,1.32e-05,1.44e-05,1.48e-05
1079,7/26/23,455.51,3.07e-05,6.77e-06,1.36e-05,1.4e-05
1080,7/27/23,452.5,3.32e-05,3.07e-05,1.69e-05,1.48e-05
1081,7/28/23,456.92,2.15e-05,3.32e-05,2.05e-05,1.52e-05
1082,7/31/23,457.79,1.6e-05,2.15e-05,2.11e-05,1.54e-05
1083,8/1/23,456.45,1.04e-05,1.6e-05,2.16e-05,1.49e-05
1084,8/2/23,450.23,2.23e-05,1.04e-05,2.24e-05,1.44e-05
1085,8/3/23,448.84,2.02e-05,2.23e-05,2.07e-05,1.48e-05
1086,8/4/23,446.81,4.48e-05,2.02e-05,1.81e-05,1.57e-05
1087,8/7/23,450.71,2.13e-05,4.48e-05,2.27e-05,1.73e-05
1088,8/8/23,448.79,2.14e-05,2.13e-05,2.38e-05,1.78e-05
1089,8/9/23,445.75,2.64e-05,2.14e-05,2.6e-05,1.8e-05
1090,8/10/23,445.97,6.89e-05,2.64e-05,2.68e-05,1.85e-05