date,TRUE,nn_pred,rf
11/1/19,9.27e-06,1.546744593458506e-05,1.1586477678571428e-05
11/4/19,6.33e-06,9.13788167035114e-06,9.87271369047619e-06
11/5/19,9.63e-06,2.7537701679419257e-06,8.264631250000001e-06
11/6/19,9.22e-06,9.170771612938493e-06,1.2049345833333333e-05
11/7/19,1.14e-05,8.415954188363627e-06,8.16271488095238e-06
11/8/19,8.34e-06,7.021563418015372e-06,8.703628571428574e-06
11/11/19,3.42e-06,9.976014014705084e-06,7.83807142857143e-06
11/12/19,8.03e-06,1.0829530648802407e-05,1.0095177380952382e-05
11/13/19,1.58e-05,7.401243340381421e-06,1.0251983134920634e-05
11/14/19,8.03e-06,7.211695727714337e-06,1.3043107738095237e-05
11/15/19,5.51e-06,1.1955645379502327e-05,1.0730107142857145e-05
11/18/19,5.24e-06,3.6448851717300714e-06,1.1554862499999996e-05
11/19/19,7.88e-06,7.235445004642476e-06,9.600341964285716e-06
11/20/19,2.48e-05,1.0439420201495755e-05,1.1168152380952382e-05
11/21/19,1.55e-05,1.339199918004824e-05,1.3806413690476194e-05
11/22/19,8.02e-06,1.503562367113214e-05,1.1903435227272729e-05
11/25/19,2.78e-06,9.322208144195844e-06,1.0918171428571428e-05
11/26/19,4.33e-06,1.0051711713101482e-05,9.389091666666668e-06
11/27/19,2.1e-06,5.630227616204298e-06,5.9375714285714286e-06
11/29/19,3e-06,6.3922494484282795e-06,6.942608333333333e-06
12/2/19,3.29e-05,5.817246193845291e-06,1.5943301388888886e-05
12/3/19,3.27e-05,1.5674030561017803e-05,2.078856845238096e-05
12/4/19,1.12e-05,2.070125564113632e-05,3.629666220238095e-05
12/5/19,1.24e-05,1.4557423767982051e-05,1.1594786309523813e-05
12/6/19,4.63e-06,1.3305778404165991e-05,1.6822217261904765e-05
12/9/19,4.45e-06,6.808619109544903e-06,1.9983696428571423e-05
12/10/19,1.26e-05,1.017046838135831e-05,1.3658858333333336e-05
12/11/19,6.3e-06,9.907341495219386e-06,1.5076473809523813e-05
12/12/19,5.95e-05,1.0848734567397274e-05,1.3327419642857142e-05
12/13/19,2.81e-05,1.539126049896609e-05,1.219024900793651e-05
12/16/19,4.65e-06,1.2509594399129506e-05,1.9897051388888895e-05
12/17/19,4.11e-06,9.034044325479422e-06,9.927234523809523e-06
12/18/19,5.07e-06,9.463081932590809e-06,9.307549206349206e-06
12/19/19,3.19e-06,9.491949512179941e-06,9.046874702380952e-06
12/20/19,3.16e-06,8.863027054550126e-06,7.564455357142856e-06
12/26/19,2.02e-06,5.933126387759345e-06,1.0163623412698414e-05
12/27/19,6.79e-06,3.352648306478746e-06,6.120855952380954e-06
1/2/20,1.2e-05,8.358166142016649e-06,1.4923541666666669e-05
1/3/20,2.23e-05,6.788233309638105e-06,1.2662841071428571e-05
1/6/20,9.03e-06,1.94597469846569e-05,1.3191733116883118e-05
1/7/20,1.07e-05,1.1416284403911792e-05,1.0762190476190476e-05
1/8/20,1.89e-05,1.3625475462683477e-05,2.057877430555556e-05
1/9/20,8.41e-06,9.754399148741737e-06,1.1817785416666668e-05
1/10/20,1.1e-05,5.211200374859851e-06,9.521795833333332e-06
1/13/20,4.98e-06,6.0926340885974935e-06,8.199881222943723e-06
1/14/20,1.58e-05,7.45454185373988e-06,5.908529464285715e-06
1/15/20,1.25e-05,9.707185597961303e-06,7.539104166666668e-06
1/16/20,4.01e-06,1.2877786053180695e-05,7.854314933166247e-06
1/17/20,6.22e-06,3.1565544375954195e-06,1.128822847222222e-05
1/21/20,9.91e-06,4.9194490431990705e-06,6.357059782608695e-06
1/22/20,8.88e-06,5.520173090832774e-06,1.231787738095238e-05
1/23/20,1.69e-05,7.733427647067234e-06,1.2059991278860031e-05
1/24/20,4.05e-05,1.065075732767256e-05,2.056087607142857e-05
1/27/20,2.96e-05,1.892864228373766e-05,5.021837017857144e-05
1/28/20,1.76e-05,2.9311066344395744e-05,2.8819294166666665e-05
1/29/20,1.9e-05,1.3818503344869474e-05,2.0871069583333335e-05
1/30/20,4.27e-05,1.6340162080013195e-05,1.7171327976190472e-05
1/31/20,6.07e-05,1.8205442571524997e-05,7.013083297619049e-05
2/3/20,3.18e-05,3.5058732189425737e-05,4.220199166666667e-05
2/4/20,1.14e-05,2.9692089013211894e-05,2.210470238095238e-05
2/5/20,2.39e-05,1.3528656685826368e-05,3.081838392857143e-05
2/6/20,1.3e-05,1.2034314308418776e-05,2.306623301282051e-05
2/7/20,1.77e-05,7.555800214592833e-06,2.3439295677655673e-05
2/10/20,1.12e-05,1.5296939171742648e-05,3.31571011904762e-05
2/11/20,1.61e-05,1.1914233257312094e-05,1.69002255952381e-05
2/12/20,9.25e-06,7.870470053906552e-06,1.6968760714285713e-05
2/13/20,2.02e-05,6.740845671927323e-06,1.18973206043956e-05
2/14/20,1.09e-05,9.61376629078202e-06,1.619415691391942e-05
2/18/20,1.44e-05,1.2216296852327883e-05,1.4310235863095236e-05
2/19/20,4.43e-06,1.0571076931654475e-05,1.3772344453463202e-05
2/20/20,6.56e-05,7.479177725287969e-06,1.486750963203463e-05
2/21/20,3.89e-05,2.2025944061296992e-05,2.2914744047619043e-05
2/24/20,9e-05,2.238093155222619e-05,0.000122669
2/25/20,0.000228157,5.3964023386155256e-05,0.000121627
2/26/20,0.000220684,0.000119363,0.000128778
2/27/20,0.000467198,0.00014593,0.000176115
2/28/20,0.000936867,0.000273075,0.000273235
3/2/20,0.000417798,0.000494728,0.000441277
3/3/20,0.001283656,0.000300634,0.000397427
3/4/20,0.000192293,0.000654396,0.000470584
3/5/20,0.000256566,0.000339502,0.00023336
3/6/20,0.00040281,0.000203221,0.000630311
3/9/20,0.000847296,0.000287019,0.000705273
3/10/20,0.00083916,0.000539536,0.000712315
3/11/20,0.000410831,0.000622134,0.000831904
3/12/20,0.002965197,0.000695596,0.000803227
3/13/20,0.00186427,0.001539547,0.001514591
3/16/20,0.001852775,0.001503689,0.0014254
3/17/20,0.001727823,0.002361844,0.001768888
3/18/20,0.001918573,0.001907138,0.001902402
3/19/20,0.001523788,0.001954498,0.001565714
3/20/20,0.00125386,0.001624812,0.001792357
3/23/20,0.001994675,0.001623268,0.001682086
3/24/20,0.000738909,0.001494586,0.001063827
3/25/20,0.001382838,0.001645308,0.001056823
3/26/20,0.000775414,0.000599705,0.000971692
3/27/20,0.000590703,0.000716018,0.000638687
3/30/20,0.00028776,0.000406991,0.000808254
3/31/20,0.000266272,0.00019533,0.000422502
4/1/20,0.000250421,0.000790298,0.000369798
4/2/20,0.000544883,0.000204607,0.00041332
4/3/20,0.000321959,0.000283923,0.000435026
4/6/20,0.000192232,0.000245113,0.000474732
4/7/20,0.000439168,0.000102419,0.000488598
4/8/20,0.000216225,8.570636142325494e-05,0.000484316
4/9/20,0.000289107,0.000129095,0.000396283
4/13/20,0.000182279,0.000139426,0.0002574
4/14/20,0.000102437,0.000263155,0.000293109
4/15/20,0.000147194,7.152862191783637e-05,0.000207775
4/16/20,0.000156357,0.00015958,0.000136618
4/17/20,0.000109107,0.000169148,0.000139626
4/20/20,0.000101836,8.602281473542471e-05,0.000145006
4/21/20,0.000213973,0.000134342,0.000123916
4/22/20,5.95e-05,0.000190861,0.000158613
4/23/20,0.000211487,0.000113503,6.706083645833333e-05
4/24/20,6.9e-05,0.000133484,0.000146669
4/27/20,3.52e-05,9.150357666901685e-05,0.000131765
4/28/20,0.000138653,6.685715706894547e-05,0.000104818
4/29/20,5.83e-05,7.634567926584185e-05,0.000133457
4/30/20,0.000105528,6.30906563166054e-05,0.000132025
5/1/20,8.37e-05,6.195798945333715e-05,8.69666674206349e-05
5/4/20,6.69e-05,6.31402938626185e-05,7.367565380952384e-05
5/5/20,6.31e-05,8.063793723870907e-05,5.558162500000002e-05
5/6/20,8.95e-05,6.113499459193926e-05,6.434084166666666e-05
5/7/20,5.76e-05,5.8873803693618625e-05,5.8478794642857136e-05
5/8/20,2.43e-05,5.2389413712065666e-05,5.56492e-05
5/11/20,4.17e-05,3.9900520165156574e-05,5.156518845238096e-05
5/12/20,7.53e-05,3.3704970517353157e-05,4.952575e-05
5/13/20,0.000231271,4.933700726439152e-05,6.548907619047622e-05
5/14/20,0.000205522,7.702512072229665e-05,0.000155133
5/15/20,0.000122332,9.85235843898859e-05,5.6830455952380984e-05
5/18/20,3.87e-05,0.000100178,8.966594601190475e-05
5/19/20,8.83e-05,5.148868646536395e-05,4.31481094047619e-05
5/20/20,4.11e-05,5.815777606911864e-05,0.00010606
5/21/20,7.54e-05,3.861261183265969e-05,4.736656904761904e-05
5/22/20,3.22e-05,4.185990162068885e-05,6.675657041666666e-05
5/26/20,3.35e-05,4.261931141441362e-05,9.955274124060152e-05
5/27/20,8.84e-05,3.193967321829312e-05,9.525403895833334e-05
5/28/20,8.34e-05,2.593957691699639e-05,9.244160583333332e-05
5/29/20,0.000179411,3.3390997025760824e-05,8.545402440476187e-05
6/1/20,2.17e-05,4.508919801865146e-05,9.339187595238094e-05
6/2/20,3.74e-05,4.407746941934945e-05,7.754670845238094e-05
6/3/20,1.79e-05,3.4528006513215604e-05,7.141561277777777e-05
6/4/20,5.11e-05,3.256236674271897e-05,3.953479821428572e-05
6/5/20,4.54e-05,4.064406380826747e-05,4.783379434523809e-05
6/8/20,2.3e-05,1.9238199696742464e-05,6.829510416666666e-05
6/9/20,4.79e-05,2.5311127505708952e-05,5.020532916666667e-05
6/10/20,0.000146823,2.109779775579367e-05,7.656199786706352e-05
6/11/20,0.000198023,3.651034687632136e-05,0.00011032
6/12/20,0.000367943,0.000113306,0.000167931
6/15/20,0.000215893,0.000163105,0.00020343
6/16/20,0.000260368,0.000140216,0.000131417
6/17/20,7.26e-05,0.000134505,0.000142704
6/18/20,5.56e-05,9.45731420647623e-05,7.892332279761905e-05
6/19/20,0.000111362,6.944703584446478e-05,0.000146374
6/22/20,4.79e-05,9.566759501045942e-05,8.951020952380955e-05
6/23/20,4.53e-05,8.072041184014082e-05,6.636241690476192e-05
6/24/20,0.000161544,4.993132976097893e-05,0.00011422
6/25/20,0.00011994,8.511846177949011e-05,8.512912166666665e-05
6/26/20,0.00011481,8.466157540533133e-05,0.000137922
6/29/20,6.58e-05,0.000104975,0.000108734
6/30/20,5.61e-05,7.987366476363875e-05,6.86120748015873e-05
7/1/20,5.52e-05,6.151062276954669e-05,9.354307857142856e-05
7/2/20,4.51e-05,4.5709223679233344e-05,5.0793811309523815e-05
7/6/20,2.51e-05,4.4908447305046956e-05,4.9252732301587305e-05
7/7/20,3.17e-05,3.6331655824120625e-05,4.871973789682539e-05
7/8/20,5.13e-05,3.905380540859094e-05,3.972093452380951e-05
7/9/20,0.00011438,3.237685912210634e-05,5.8852211666666655e-05
7/10/20,5.92e-05,4.7957974340202285e-05,5.738494964826839e-05
7/13/20,0.000114903,4.1379110246271826e-05,0.000140786
7/14/20,0.00017319,5.823923993799277e-05,8.647784833333331e-05
7/15/20,9.17e-05,6.132385467141308e-05,0.00010219
7/16/20,3.62e-05,4.7161913738559464e-05,5.527766041666667e-05
7/17/20,2.57e-05,4.9963679079174995e-05,4.385964970238095e-05
7/20/20,1.94e-05,4.499832611009851e-05,5.673191845238097e-05
7/21/20,4.16e-05,2.2510609420822233e-05,2.5463249999999997e-05
7/22/20,2.46e-05,2.7129829092464876e-05,5.0285165714285715e-05
7/23/20,6.64e-05,2.9465867087218446e-05,3.090383333333333e-05
7/24/20,5.55e-05,4.466836306449864e-05,4.2130033928571424e-05
7/27/20,1.71e-05,4.157856538854446e-05,4.197225e-05
7/28/20,3.11e-05,3.78966723534409e-05,3.067435416666666e-05
7/29/20,2.11e-05,3.8343818674028385e-05,3.7305623015873005e-05
7/30/20,5.65e-05,2.045069974118285e-05,3.654616071428571e-05
7/31/20,5.8e-05,3.361379891484417e-05,3.704825595238094e-05
8/3/20,1.97e-05,3.2417473529501815e-05,5.251782714285714e-05
8/4/20,2e-05,2.3962207947749645e-05,2.816002976190476e-05
8/5/20,1.39e-05,2.6146265848678537e-05,4.0917235119047625e-05
8/6/20,1.97e-05,2.186364509322122e-05,3.074914285714286e-05
8/7/20,3.87e-05,1.4874688016738742e-05,3.924676785714287e-05
8/10/20,2.4e-05,1.698578513025213e-05,3.294906944444444e-05
8/11/20,6.28e-05,1.4021218393458054e-05,6.80314802838828e-05
8/12/20,1.79e-05,2.9273102171787994e-05,4.3294047142857146e-05
8/13/20,2.6e-05,1.7063012149277145e-05,3.495551190476191e-05
8/14/20,1.67e-05,2.2977683920398356e-05,2.0132963888888895e-05
8/17/20,5.37e-06,1.689467816761602e-05,2.4979588461538466e-05
8/18/20,1.85e-05,1.3929911634851247e-05,1.365164702380952e-05
8/19/20,1.62e-05,1.3964875929722562e-05,2.625914647435897e-05
8/20/20,1.72e-05,2.249609776936262e-05,1.54949125e-05
8/21/20,1.5e-05,1.4277474354928359e-05,2.132267261904762e-05
8/24/20,1.21e-05,1.879662415792607e-05,1.8422038194444448e-05
8/25/20,1.25e-05,1.07346481299554e-05,2.658269956140351e-05
8/26/20,1.82e-05,1.4930149027662351e-05,4.119302777777778e-05
8/27/20,5.71e-05,9.250662088543409e-06,3.722993044871795e-05
8/28/20,1.32e-05,1.745127742203092e-05,4.6365634047619035e-05
8/31/20,2.44e-05,1.4728930979765952e-05,3.555706547619048e-05
9/1/20,1.67e-05,1.2470560730443335e-05,4.008826443452381e-05
9/2/20,3.11e-05,1.5214035596609116e-05,4.633264404761905e-05
9/3/20,0.000273256,1.4780249162473717e-05,4.273162559523809e-05
9/4/20,0.000347165,9.318647575922218e-05,0.000206367
9/8/20,0.000161734,0.000137912,0.000203844
9/9/20,6.69e-05,0.000166562,0.00011417
9/10/20,0.000188932,8.958983684008383e-05,0.000125987
9/11/20,0.000150174,0.000129931,0.000169257
9/14/20,5.18e-05,0.000112479,6.974368303571429e-05
9/15/20,2.74e-05,7.212920860574023e-05,5.4441869642857146e-05
9/16/20,7.49e-05,5.1260108122186735e-05,6.343981416666666e-05
9/17/20,0.000107128,6.82688977688076e-05,5.439293559523808e-05
9/18/20,7.93e-05,6.62068799478598e-05,0.000102363
9/21/20,0.000131147,7.61623370809704e-05,0.000151736
9/22/20,6.21e-05,9.256739031497297e-05,0.000116955
9/23/20,9.7e-05,7.938780797372944e-05,0.000128965
9/24/20,0.000181499,8.861285217245016e-05,0.000198495
9/25/20,8.55e-05,0.000102646,0.0001377
9/28/20,3.73e-05,7.779558687245846e-05,6.258117517857144e-05
9/29/20,4.2e-05,4.9553477384109516e-05,4.99637486904762e-05
9/30/20,0.000100541,5.086673336130008e-05,5.7327262797619056e-05
10/1/20,7.43e-05,5.174232157380693e-05,5.177827579365081e-05
10/2/20,0.000110906,4.916376946692029e-05,5.9951256547619055e-05
10/5/20,1.58e-05,6.13625210680943e-05,6.800497878968256e-05
10/6/20,0.000193065,3.3289568250697574e-05,7.641580178571427e-05
10/7/20,2.1e-05,6.889145026078355e-05,0.000101942
10/8/20,2.32e-05,4.509827698261384e-05,0.00011693
10/9/20,1.38e-05,3.277661853952706e-05,6.556435166666668e-05
10/12/20,1.88e-05,2.4700658262695885e-05,5.8906278690476195e-05
10/13/20,4.19e-05,2.1147834893748163e-05,4.9214016666666663e-05
10/14/20,5.14e-05,2.2421290338306224e-05,4.8801673333333326e-05
10/15/20,3.52e-05,3.20848955072267e-05,3.977209936868687e-05
10/16/20,2.99e-05,3.408939559402317e-05,4.0200900892857155e-05
10/19/20,7.26e-05,4.037886697710864e-05,8.610044880952379e-05
10/20/20,8.43e-05,4.152110641791392e-05,5.1408265079365074e-05
10/21/20,7.42e-05,4.663626523054578e-05,7.604581149891774e-05
10/22/20,4.34e-05,4.964320634218305e-05,5.759563928571427e-05
10/23/20,2.68e-05,3.7088823789527175e-05,4.829453214285714e-05
10/26/20,8.54e-05,4.252700567595335e-05,9.407907779761906e-05
10/27/20,4.81e-05,5.163885664274823e-05,7.863767119047618e-05
10/28/20,0.000127703,5.186747612039e-05,0.000187107
10/29/20,0.000120438,7.915642661061044e-05,0.000180491
10/30/20,0.000162256,9.047239440615662e-05,0.000128668
11/2/20,7.85e-05,0.000114619,0.000161428
11/3/20,7.6e-05,8.17641342383381e-05,0.000141402
11/4/20,0.000133364,5.3184025792920965e-05,0.000143856
11/5/20,5.89e-05,4.427631048282981e-05,9.254267434523808e-05
11/6/20,5.61e-05,3.4944240283690395e-05,5.5841118015873e-05
11/9/20,0.000155182,3.120954234880302e-05,0.000131829
11/10/20,0.000108125,4.7483547055087054e-05,6.132924714285715e-05
11/11/20,2.84e-05,5.7871832776944154e-05,7.382183029761901e-05
11/12/20,6.04e-05,4.80840220923014e-05,4.015464920634921e-05
11/13/20,2.72e-05,5.2125330449625853e-05,5.3201565833333334e-05
11/16/20,3.32e-05,3.445278626842564e-05,5.025947410714286e-05
11/17/20,2.17e-05,2.561722668551514e-05,3.8695350000000006e-05
11/18/20,3.74e-05,2.8334736890018917e-05,3.8302758333333344e-05
11/19/20,3.72e-05,4.483293324265303e-05,3.2462401785714286e-05
11/20/20,2.86e-05,3.795157804909302e-05,2.9170366071428572e-05
11/23/20,4.2e-05,3.885805530630425e-05,3.3114580665266096e-05
11/24/20,2.04e-05,3.295507159946859e-05,3.2837000000000004e-05
11/25/20,1.57e-05,2.6461091411322355e-05,3.562016865079365e-05
11/27/20,5.03e-06,2.2361436754203402e-05,3.525910119047619e-05
11/30/20,3.44e-05,2.095112400789652e-05,2.421295952380953e-05
12/1/20,2.4e-05,2.3293912462101084e-05,2.6234041125541123e-05
12/2/20,1.48e-05,2.153971118485462e-05,3.163664285714286e-05
12/3/20,2.96e-05,2.1501091798990033e-05,1.8317099702380955e-05
12/4/20,9.31e-06,2.994251857159566e-05,2.5135184523809524e-05
12/7/20,1.34e-05,1.50289070007056e-05,2.03716946969697e-05
12/8/20,1.09e-05,1.5617693973634393e-05,1.735902619047619e-05
12/9/20,4.31e-05,1.5177196745424532e-05,2.221023958333333e-05
12/10/20,4.02e-05,2.095134730927553e-05,1.895966369047619e-05
12/11/20,2.85e-05,2.4717643858380847e-05,3.3169684523809537e-05
12/14/20,3.2e-05,2.730189749587234e-05,3.672291825396826e-05
12/15/20,1.77e-05,2.4809275285440032e-05,2.1741238095238096e-05
12/16/20,1.81e-05,1.3341884180428693e-05,2.806563591269841e-05
12/17/20,9.87e-06,1.1335278890499845e-05,1.9413442261904764e-05
12/18/20,4.26e-05,1.5977332597234286e-05,2.137937440476191e-05
12/21/20,6.27e-05,2.1998845263683704e-05,4.2817175e-05
12/22/20,2.41e-05,3.404766761790868e-05,2.387754583333333e-05
12/23/20,8.83e-06,2.6431595062060748e-05,2.7999629289215695e-05
12/24/20,7.04e-06,2.40112108477382e-05,1.932820476190476e-05
12/28/20,4.16e-06,1.6819600424363975e-05,9.331863690476192e-06
12/29/20,2.55e-05,6.558897651586681e-06,1.6048261309523816e-05
12/30/20,8.52e-06,1.3332343922828092e-05,2.0412515773809526e-05
12/31/20,1.32e-05,1.2136770710551879e-05,2.579310416666666e-05
1/4/21,0.00010908,1.2166646084522596e-05,0.000123315
1/5/21,4.4e-05,3.429179185051145e-05,4.936420428571427e-05
1/6/21,9.73e-05,2.7925243295378982e-05,7.18458225e-05
1/7/21,2.51e-05,4.226319566388521e-05,3.146814940476191e-05
1/8/21,4.64e-05,2.36341312111672e-05,3.5994713095238086e-05
1/11/21,2.88e-05,2.0457463422426024e-05,2.670385714285715e-05
1/12/21,3.49e-05,2.2596965352802306e-05,2.187506666666667e-05
1/13/21,1.64e-05,2.3215404398322806e-05,2.8824895833333337e-05
1/14/21,1.64e-05,2.180278812200087e-05,1.814289204067991e-05
1/15/21,5.6e-05,2.4278390947723762e-05,2.346888392857143e-05
1/19/21,1.46e-05,2.8279369900728576e-05,2.83909994047619e-05
1/20/21,1.55e-05,3.217226217176439e-05,2.211284107142857e-05
1/21/21,1.31e-05,1.1079629662381719e-05,2.0904008928571432e-05
1/22/21,1.53e-05,1.791388589402684e-05,1.4847000000000002e-05
1/25/21,8.94e-05,1.891071353354398e-05,2.616408035714285e-05
1/26/21,2.08e-05,2.0998184773522896e-05,2.444891170634921e-05
1/27/21,0.000123485,2.8078334019746633e-05,9.23823398809524e-05
1/28/21,7.36e-05,5.602103455513157e-05,8.035936047619049e-05
1/29/21,0.000168137,4.4302618911088446e-05,0.000130123
2/1/21,5e-05,9.214270635020826e-05,9.278650388888888e-05
2/2/21,2.21e-05,6.190477320890781e-05,4.814954642857142e-05
2/3/21,1.95e-05,3.457878407153208e-05,2.4676375e-05
2/4/21,9.2e-06,3.289377537093032e-05,2.2714061309523816e-05
2/8/21,7.23e-06,2.21021765077326e-05,2.6897452380952377e-05
2/9/21,8.74e-06,1.3708753655262059e-05,2.3984091666666668e-05
2/10/21,5.66e-05,1.8054837544086857e-05,4.2911675e-05
2/11/21,2.73e-05,2.309787588765053e-05,1.435359583333334e-05
2/12/21,1.33e-05,2.8062879213778303e-05,2.2061759615384616e-05
2/16/21,2.69e-05,1.5281866328659467e-05,2.226817976190476e-05
2/18/21,3.55e-05,1.3531218775332905e-05,1.6011323809523807e-05
2/19/21,1.98e-05,2.352256279059127e-05,2.3447601190476187e-05
2/22/21,2.18e-05,2.2126682364990936e-05,3.523020416666666e-05
2/23/21,9.47e-05,2.546280496740155e-05,4.342700000000001e-05
2/24/21,4.1e-05,3.668477169691259e-05,3.906161821428573e-05
2/25/21,0.000125431,3.5975152234354985e-05,0.000112813
2/26/21,0.000194582,5.1783638205275874e-05,0.000150784
3/1/21,2.65e-05,9.461644490323402e-05,6.974076089285715e-05
3/2/21,5.74e-05,4.352202192994207e-05,2.9191992857142857e-05
3/3/21,0.000101814,5.075131593011227e-05,9.361248351190476e-05
3/4/21,0.000290226,6.483906497978979e-05,0.000153804
3/5/21,0.000189425,0.000108335,0.000110978
3/8/21,0.000129724,9.76358556339834e-05,8.303721624999997e-05
3/9/21,3.26e-05,0.000108634,5.776144003968255e-05
3/10/21,5.13e-05,7.427621610680967e-05,3.5136017857142865e-05
3/11/21,1.99e-05,5.359269082191773e-05,4.178438077731091e-05
3/12/21,2.03e-05,3.140055611131387e-05,2.3697783333333325e-05
3/15/21,1.86e-05,2.8145253917224705e-05,4.562380833333334e-05
3/16/21,2.08e-05,2.2050535125660476e-05,3.339245357142858e-05
3/17/21,5.51e-05,3.784791038388759e-05,3.004256250000001e-05
3/18/21,4.86e-05,2.900599258802738e-05,3.058767261904761e-05
3/19/21,5.42e-05,4.216395582997147e-05,4.3926460714285704e-05
3/22/21,1.07e-05,4.252310377817275e-05,4.42477027777778e-05
3/23/21,3.65e-05,3.4164654035101644e-05,2.2025276190476194e-05
3/24/21,4.99e-05,3.359067546941247e-05,3.682245833333334e-05
3/25/21,8.34e-05,3.95439842554545e-05,2.757026785714285e-05
3/26/21,5.26e-05,3.8636170128145256e-05,3.7509877380952386e-05
3/29/21,3.89e-05,3.321271144185355e-05,3.872825811688311e-05
3/30/21,2.67e-05,4.188425322370511e-05,2.5348781746031748e-05
3/31/21,1.09e-05,3.504643592269998e-05,3.597953888888888e-05
4/1/21,7.12e-06,2.399828287316393e-05,2.3478017857142852e-05
4/5/21,1.28e-05,7.885895478114486e-06,3.778387608225109e-05
4/6/21,9.68e-06,1.5258955900990638e-05,2.7793797321428576e-05
4/7/21,9.79e-06,1.0169916004262864e-05,2.175220769230769e-05
4/8/21,6.51e-06,1.0988703397572041e-05,1.3020094047619052e-05
4/9/21,7.83e-06,1.2651946090072393e-05,1.5439287499999995e-05
4/12/21,1.14e-05,1.2208751616258174e-05,1.2897287500000004e-05
4/13/21,6.46e-06,1.3098610549789388e-05,1.262952083333333e-05
4/14/21,2.49e-05,5.663912335410365e-06,1.558270535714286e-05
4/15/21,1.01e-05,2.1158659134278076e-05,2.7129419047619047e-05
4/16/21,9.14e-06,1.2450293192122132e-05,1.3415313690476189e-05
4/19/21,3.35e-05,1.3052745621811133e-05,1.6041380288461536e-05
4/20/21,2.41e-05,1.6672117208967916e-05,2.4529246428571436e-05
4/21/21,1.44e-05,2.472912184307957e-05,2.9746087499999995e-05
4/22/21,6.21e-05,2.0728604183712974e-05,1.8942262499999997e-05
4/23/21,1.33e-05,2.7288202657351736e-05,3.5814333333333334e-05
4/26/21,9.73e-06,1.2110400580596411e-05,2.5572136742424243e-05
4/27/21,8.92e-06,1.8126326305306518e-05,2.0991726388888888e-05
4/28/21,1.61e-05,1.2540545145530719e-05,1.9729491666666663e-05
4/29/21,2.03e-05,1.2293429849719628e-05,1.91564e-05
4/30/21,1.92e-05,1.3708567081083544e-05,2.9852233333333332e-05
5/3/21,1.29e-05,1.577772173163155e-05,2.458443452380953e-05
5/4/21,4.5e-05,2.018364892094303e-05,2.334935416666667e-05
5/5/21,1.75e-05,2.1674785013747403e-05,3.070027083333333e-05
5/6/21,3.63e-05,2.0804397372830658e-05,1.8549742857142852e-05
5/7/21,1.66e-05,1.9261765337668126e-05,2.484347916666667e-05
5/10/21,2.12e-05,1.5687158331562766e-05,2.4538903174603175e-05
5/11/21,9e-05,1.630622761584376e-05,4.26110863095238e-05
5/12/21,6.94e-05,4.380122210810567e-05,0.000142807
5/13/21,7.16e-05,6.161746072669886e-05,5.832350000000001e-05
5/14/21,1.49e-05,4.468377379782638e-05,3.728654285714286e-05
5/17/21,4e-05,2.9161483802219387e-05,2.6454557539682538e-05
5/18/21,2.45e-05,2.6406003548755776e-05,2.5582990079365085e-05
5/19/21,9.96e-05,2.2740573114002124e-05,6.110553452380952e-05
5/20/21,2.06e-05,3.938137677889457e-05,3.0260082521645023e-05
5/21/21,2.51e-05,3.0458447593270335e-05,2.299372023809523e-05
5/24/21,7.4e-06,2.351583436746057e-05,3.0135304166666665e-05
5/25/21,1.8e-05,1.786528699324373e-05,1.7209955059523814e-05
5/26/21,7.83e-06,1.832408318182826e-05,1.5819566071428568e-05
5/27/21,6.99e-06,1.0926264218554366e-05,1.543074107142857e-05
5/28/21,5.59e-06,5.691444513989496e-06,1.473483630952381e-05
6/1/21,1.53e-05,1.3303868589740246e-05,1.5075782440476194e-05
6/2/21,8.51e-06,1.6156097103836015e-05,1.633069345238095e-05
6/3/21,2.4e-05,1.2383526079798117e-05,1.4349110714285715e-05
6/4/21,3.86e-06,1.979299491106905e-05,1.5874126785714283e-05
6/7/21,4.59e-06,4.290927279326657e-06,1.8994914285714288e-05
6/8/21,1.64e-05,8.962240444879513e-06,8.721612797619047e-06
6/9/21,5.48e-06,1.1796255205705762e-05,2.9766418452380954e-05
6/10/21,1.5e-05,1.3320420804459369e-05,1.160113679029304e-05
6/11/21,4.46e-06,1.4291263215082232e-05,1.6313263095238098e-05
6/14/21,5.3e-06,1.0829831811846467e-05,1.6226770833333334e-05
6/15/21,7.86e-06,9.396758484848775e-06,2.1634704761904763e-05
6/16/21,4.98e-05,4.77428772141831e-06,2.9487025e-05
6/17/21,3.55e-05,2.175847014370747e-05,2.4605394642857143e-05
6/18/21,3.71e-05,2.1706624558400594e-05,4.075894841269842e-05
6/21/21,1.49e-05,3.526204809501441e-05,3.8304871388888866e-05
6/22/21,8.76e-06,1.4538960269749165e-05,2.1449782738095244e-05
6/23/21,7.47e-06,1.2249335172805237e-05,2.3050578571428568e-05
6/24/21,5.05e-06,1.1123371758171358e-05,1.3991529166666667e-05
6/25/21,3.45e-06,9.794211434078402e-06,1.1066946428571427e-05
6/28/21,5.93e-06,4.119446143855108e-06,8.314135416666669e-06
6/29/21,2.76e-06,9.09429089062754e-06,1.1406816170634915e-05
6/30/21,4.49e-06,7.650643068063306e-06,1.1683032142857142e-05
7/1/21,4.07e-06,1.0025575168141164e-05,6.995770833333333e-06
7/2/21,3.36e-06,-2.68E-07,7.438087500000002e-06
7/6/21,1.49e-05,-4.21E-07,6.242288690476189e-06
7/7/21,1.74e-05,4.377913082795217e-06,1.5462654761904765e-05
7/8/21,4.52e-05,4.363633547242731e-06,1.942686250000001e-05
7/9/21,6.27e-06,1.7191689568931702e-05,2.502546666666668e-05
7/12/21,4.67e-06,1.1162772698862478e-05,1.7461875e-05
7/13/21,1.31e-05,7.276335600585676e-06,8.669125e-06
7/14/21,1.51e-05,1.2677696264883503e-05,2.2282986874236876e-05
7/15/21,1.84e-05,1.0511496597923339e-05,1.0631354464285716e-05
7/16/21,2.01e-05,1.4967359558115946e-05,1.837057678571429e-05
7/19/21,6.23e-05,1.7056365995075552e-05,8.487752661064423e-05
7/20/21,3.17e-05,3.540300709051453e-05,3.431020654761905e-05
7/21/21,9.32e-06,3.043610276448913e-05,2.036657083333334e-05
7/22/21,1.44e-05,1.7435364260600414e-05,1.2722050000000005e-05
7/23/21,8.6e-06,1.4933398650362156e-05,1.5712347619047623e-05
7/26/21,6.16e-06,3.790142718776129e-06,1.2659275e-05
7/27/21,2.47e-05,9.26491885323159e-06,1.3820089880952376e-05
7/28/21,2.05e-05,1.6972372356631327e-05,2.96523988095238e-05
7/29/21,5.29e-06,1.728367210802762e-05,1.63564994047619e-05
7/30/21,1.45e-05,1.5783219059001656e-05,1.679549940476191e-05
8/2/21,1.16e-05,1.168887074781023e-05,2.7502439583333335e-05
8/3/21,2.41e-05,1.3489700878805249e-05,1.32464e-05
8/4/21,1.1e-05,9.115821844645775e-06,1.5685483333333338e-05
8/5/21,3.49e-06,1.288334508224763e-05,1.2824016666666666e-05
8/6/21,5.87e-06,6.935742968618521e-06,1.0606057142857144e-05
8/9/21,7.77e-06,2.9280936214597894e-06,5.6578244047619064e-06
8/10/21,7.84e-06,1.082123030149052e-05,6.389873051948051e-06
8/11/21,4.24e-06,1.0893900209478103e-05,8.218962500000001e-06
8/12/21,3.55e-06,6.255783658636733e-06,5.11256875e-06
8/13/21,4.25e-06,5.423758313181111e-06,4.24834375e-06
8/16/21,1.01e-05,8.667880747439573e-06,7.43301369047619e-06
8/17/21,3.21e-05,1.170313265430648e-05,8.957905555555556e-06
8/18/21,3.66e-05,1.413305859531765e-05,7.369346160714285e-05
8/19/21,5.99e-05,2.1514025649916382e-05,4.424333333333333e-05
8/20/21,2e-05,2.3839163011563012e-05,1.68986005952381e-05
8/23/21,6.56e-06,1.743823485859111e-05,1.602432777777778e-05
8/24/21,2.66e-06,9.037333613555762e-06,1.0732763690476192e-05
8/25/21,2.83e-06,7.124752160526346e-06,8.920917559523808e-06
8/26/21,1.62e-05,5.671148328451905e-06,1.3315171103896107e-05
8/27/21,1.08e-05,7.764022874167655e-06,1.0851199404761905e-05
8/30/21,3.92e-06,1.3849777290635044e-05,1.2284406448412697e-05
8/31/21,6.33e-06,9.407294784126803e-06,6.92793125e-06
9/1/21,5.77e-06,9.59950144610973e-06,1.7235279067460316e-05
9/2/21,6.55e-06,1.0168376400018111e-05,1.19988625e-05
9/3/21,7.47e-06,4.910392850100994e-06,6.4980799603174585e-06
9/7/21,6.99e-06,4.829851568503305e-06,1.0603308928571428e-05
9/8/21,1.75e-05,1.3289433330857661e-05,1.5296054563492065e-05
9/9/21,2.17e-05,1.0249547185832286e-05,1.865088809523809e-05
9/10/21,2.15e-05,1.4720019491837826e-05,2.7003024107142855e-05
9/13/21,3.8e-05,1.3059412343245e-05,4.954288750000001e-05
9/14/21,2.41e-05,2.4765946003383956e-05,2.8927093749999987e-05
9/15/21,2.56e-05,2.2851189565541224e-05,2.7144984584859585e-05
9/16/21,2.72e-05,1.7451480156177655e-05,1.2268045833333334e-05
9/17/21,3e-05,2.409949275411223e-05,2.9836446428571428e-05
9/20/21,5.57e-05,2.8828091905181296e-05,0.000158413
9/21/21,7.57e-05,4.547706076128781e-05,7.199693559523809e-05
9/22/21,4.52e-05,4.541089891322795e-05,5.8724542857142866e-05
9/23/21,1.91e-05,3.512528481489886e-05,3.1315525e-05
9/24/21,2.31e-05,1.7799060505311004e-05,2.346614345238095e-05
9/27/21,1.59e-05,1.2599520214997697e-05,1.4893532738095237e-05
9/28/21,6.8e-05,1.4606576514948625e-05,3.652499999999999e-05
9/29/21,4.62e-05,4.0094698343262076e-05,9.020327116071426e-05
9/30/21,7.54e-05,3.755804756487627e-05,5.4618136904761905e-05
10/1/21,6.94e-05,5.2505418778461405e-05,7.30685482142857e-05
10/4/21,9.81e-05,3.872629573998414e-05,9.678030761904764e-05
10/5/21,2.99e-05,5.3341735330022875e-05,5.450290404761905e-05
10/6/21,8.78e-05,3.494627937786188e-05,7.426103928571426e-05
10/7/21,1.7e-05,4.123584478258062e-05,2.410669404761905e-05
10/8/21,2.99e-05,3.208844776205858e-05,2.0684193452380943e-05
10/11/21,2.54e-05,2.827322617462976e-05,5.1223327380952365e-05
10/12/21,4.21e-05,3.1395158681929115e-05,4.177729761904762e-05
10/13/21,3.86e-05,3.7739958858016416e-05,3.855312500000001e-05
10/14/21,1.34e-05,2.833847131176526e-05,2.024032172619048e-05
10/15/21,1.13e-05,1.794463537536934e-05,1.5508386904761906e-05
10/18/21,1.34e-05,3.475901853164192e-06,1.3937849404761903e-05
10/19/21,8.6e-06,1.190627814568486e-05,8.9273625e-06
10/20/21,8.73e-06,1.1065101850953884e-05,1.054431488095238e-05
10/21/21,7.61e-06,9.678864519115537e-06,1.06137625e-05
10/22/21,2.34e-05,1.3468929443293251e-05,8.161974999999999e-06
10/25/21,1.11e-05,1.144890991065558e-05,1.6646777976190474e-05
10/26/21,1.82e-05,1.4112572162881494e-05,1.5203192261904766e-05
10/27/21,1.96e-05,7.803673559822143e-06,1.5534579166666663e-05
10/28/21,1.38e-05,1.597059242139943e-05,1.0190941666666666e-05
10/29/21,1.37e-05,2.0575961531191367e-05,1.276276845238095e-05
11/1/21,1.46e-05,1.2549992850586074e-05,1.866540416666666e-05
11/2/21,7.65e-06,1.2878620495175942e-05,2.3717583333333328e-05
11/3/21,1.27e-05,1.2673057619460974e-05,1.2575444642857145e-05
11/4/21,1.39e-05,1.3868352439557436e-05,1.6064154166666667e-05
11/5/21,1.96e-05,8.459063107216731e-06,1.2573481006493506e-05
11/8/21,1.09e-05,1.4666212674024514e-05,1.9534223214285715e-05
11/9/21,2.34e-05,1.305643597091688e-05,1.26077505952381e-05
11/10/21,2.42e-05,1.6547849991548808e-05,4.998829662698413e-05
11/11/21,8.4e-06,2.3125679847513327e-05,2.2264074404761905e-05
11/12/21,1.29e-05,1.5091531284813769e-05,1.822664404761905e-05
11/15/21,1.29e-05,1.2211895464620554e-05,2.2391806958128075e-05
11/16/21,1.07e-05,1.3817908364221454e-05,1.3777633928571427e-05
11/17/21,1.09e-05,1.3805685551896692e-05,1.401455357142857e-05
11/18/21,1.95e-05,1.2438120328790043e-05,1.1934592261904765e-05
11/19/21,1.18e-05,1.4478937740524067e-05,1.659271130952381e-05
11/22/21,3.4e-05,1.4588931298742769e-05,2.2140629166666667e-05
11/23/21,5.14e-05,2.3413585841282272e-05,1.548206458333333e-05
11/24/21,2.79e-05,2.2262905020715204e-05,2.9532645833333337e-05
11/26/21,5.83e-05,2.0280930460526375e-05,6.247461011904762e-05
11/29/21,2.02e-05,3.6883677400265823e-05,4.257678571428572e-05
11/30/21,8.88e-05,2.4461815401524305e-05,5.198252380952382e-05
12/1/21,0.00010857,4.648895683662407e-05,6.501887500000002e-05
12/2/21,0.000129739,6.204626989062316e-05,8.415977500000001e-05
12/3/21,0.000155023,5.720982645710837e-05,0.000103095
12/6/21,7.32e-05,8.303094059051853e-05,0.000112622
12/7/21,2.28e-05,6.288471368163731e-05,2.2717171428571425e-05
12/8/21,1.75e-05,3.178821611980349e-05,2.6778017857142865e-05
12/9/21,2.25e-05,2.3972485687536186e-05,1.8131817261904757e-05
12/10/21,2.65e-05,2.4712729758954606e-05,2.537594047619047e-05
12/13/21,2.65e-05,2.231399108751584e-05,5.962590773809525e-05
12/14/21,3.68e-05,2.9575223061236552e-05,3.239682797619048e-05
12/15/21,9.42e-05,3.430967652806453e-05,7.560250486111111e-05
12/16/21,6.01e-05,3.894035361717362e-05,7.526375555555555e-05
12/17/21,0.000130518,3.268204452916421e-05,6.500012047619047e-05
12/20/21,5.65e-05,7.512007789444086e-05,9.546013928571428e-05
12/21/21,4.21e-05,6.456090785412025e-05,2.4891354166666663e-05
12/22/21,1.89e-05,4.419783180081192e-05,4.840354270833332e-05
12/23/21,1.29e-05,2.9659619229798204e-05,1.813526901154401e-05
12/27/21,7.23e-06,1.6755664244654124e-05,1.5293960205744083e-05
12/28/21,2.03e-05,7.931225658053532e-06,1.2223663888888887e-05
12/29/21,1.42e-05,1.8657980445145164e-05,1.5502519780219783e-05
12/30/21,1.05e-05,2.405322235784051e-05,1.4326811904761903e-05
12/31/21,2.03e-05,2.0309420484494417e-05,1.675120416666667e-05
1/3/22,3.81e-05,2.323453486251668e-05,1.6941799107142863e-05
1/4/22,2.16e-05,2.141504437549412e-05,1.7352918452380948e-05
1/5/22,3.38e-05,2.040470553345885e-05,6.279727916666666e-05
1/6/22,5.9e-05,2.811178809213359e-05,3.4577494047619036e-05
1/10/22,7.07e-05,3.88019684638842e-05,6.920125041666668e-05
1/11/22,5.13e-05,4.7768785185012035e-05,3.283867261904762e-05
1/12/22,4.21e-05,3.302686299282033e-05,3.343484107142857e-05
1/13/22,5.44e-05,3.0780327716585246e-05,3.027648472222223e-05
1/14/22,6.62e-05,4.029504081469867e-05,9.609202208333332e-05
1/18/22,6.3e-05,5.044532840099558e-05,7.752263583333333e-05
1/19/22,5.87e-05,5.947833929011971e-05,8.230280913690476e-05
1/20/22,7.86e-05,7.386060522965528e-05,8.099188794642858e-05
1/21/22,0.000197581,7.78474221741492e-05,8.67343895833333e-05
1/24/22,0.00047513,0.000125064,0.000130831
1/25/22,0.000280053,0.000202631,0.000257193
1/26/22,0.000409677,0.000210514,0.000272132
1/27/22,0.000262341,0.000243871,0.000212959
1/28/22,0.000212342,0.000243802,0.000234335
1/31/22,8.02e-05,0.000183795,0.000126138
2/1/22,7.64e-05,9.401524707471393e-05,8.690135462662336e-05
2/2/22,5.44e-05,7.116107372433785e-05,9.063122785714288e-05
2/3/22,5.79e-05,5.821147417441849e-05,7.913140297619049e-05
2/4/22,0.000104127,8.210369336688333e-05,7.332701607142857e-05
2/7/22,6.52e-05,8.94886401809277e-05,7.34362217261905e-05
2/8/22,5.54e-05,8.51498708813535e-05,3.084045833333333e-05
2/9/22,2.17e-05,5.536707296129223e-05,6.650697916666666e-05
2/10/22,0.000137479,4.0086956249397715e-05,5.497457053571427e-05
2/11/22,0.000170642,7.079746268673241e-05,8.848304333333335e-05
2/14/22,0.000128266,0.00010322,0.000126395
2/15/22,4.27e-05,0.000118603,4.624086904761905e-05
2/16/22,5.38e-05,8.743845733306744e-05,4.8898867559523805e-05
2/17/22,4.11e-05,5.8099682452463546e-05,6.74151795238095e-05
2/18/22,0.000113056,7.225861763122864e-05,0.000127129
2/22/22,0.000142135,9.119658428369463e-05,7.030031964285716e-05
2/23/22,9.98e-05,0.00011437,0.000151165
2/24/22,0.000293145,0.000114496,0.000274068
2/25/22,0.000116324,0.000133398,0.000122853
2/28/22,0.00016587,0.000106974,0.000119647
3/1/22,0.000150857,7.999736785125826e-05,0.000129574
3/2/22,0.000118344,0.000116987,0.00012319
3/3/22,0.000125509,8.462700482604932e-05,9.654569892857144e-05
3/4/22,0.000128533,9.152885673566163e-05,0.000115155
3/7/22,9.99e-05,0.000101888,0.000135719
3/8/22,0.000365522,0.000116173,0.000116076
3/9/22,7.38e-05,0.000185746,0.000118954
3/10/22,9.13e-05,0.000118913,9.007386726190476e-05
3/11/22,6.53e-05,8.98482200410068e-05,0.000105758
3/14/22,8.36e-05,0.000113218,8.728392250000001e-05
3/15/22,0.000105539,9.539053088627662e-05,8.743157720238094e-05
3/16/22,0.00018369,7.768209100840054e-05,0.00010125
3/17/22,5.58e-05,5.941690202913154e-05,5.4348356428571406e-05
3/18/22,4.02e-05,4.639941885999311e-05,7.923838392857142e-05
3/21/22,8.51e-05,4.888927624677215e-05,5.333337142857143e-05
3/22/22,3.16e-05,4.5252883805817925e-05,5.7820786607142865e-05
3/23/22,4.68e-05,4.10310421599159e-05,6.45910445238095e-05
3/24/22,3.9e-05,4.042340091134096e-05,5.047182757936509e-05
3/25/22,5.44e-05,2.9450844193127937e-05,4.835665238095238e-05
3/28/22,3.01e-05,3.9262139718855264e-05,5.4611762500000005e-05
3/29/22,3.66e-05,3.396171127787e-05,3.097836845238095e-05
3/30/22,2.91e-05,1.6648835102030077e-05,4.969886607142857e-05
3/31/22,3.59e-05,2.973442519176658e-05,4.0927625000000006e-05
4/1/22,5.55e-05,4.1522181790344415e-05,4.398872023809524e-05
4/4/22,1.93e-05,4.3538863555001096e-05,3.331058333333333e-05
4/5/22,5.45e-05,3.920352310686512e-05,2.907266666666667e-05
4/6/22,0.000103382,3.553497820550948e-05,5.5146612499999975e-05
4/7/22,6.77e-05,6.837407859467343e-05,5.013288293650792e-05
4/8/22,4.91e-05,5.4648882839227093e-05,2.337582936507937e-05
4/11/22,3.16e-05,4.805035059488751e-05,6.800984583333332e-05
4/13/22,3.4e-05,6.0027190574318174e-05,9.579423270833331e-05
4/14/22,5.2e-05,4.74190540910177e-05,5.955771696428572e-05
4/18/22,5.69e-05,5.44589708927311e-05,5.641806666666668e-05
4/19/22,4.68e-05,5.131561614392698e-05,4.841901309523808e-05
4/20/22,5.46e-05,3.9214523637957404e-05,4.562354375e-05
4/21/22,7.74e-05,3.9978270179516633e-05,5.310615555555554e-05
4/22/22,0.000110506,5.361349898463022e-05,7.811944916666666e-05
4/25/22,0.000199959,8.322861519811116e-05,0.000132897
4/26/22,0.000103131,0.000107662,0.000141284
4/27/22,0.000206357,0.00013733,0.000266862
4/28/22,9.94e-05,0.000137101,0.000207428
4/29/22,0.000125378,8.536123151293863e-05,0.000142372
5/2/22,0.000281962,0.000124808,0.000211982
5/3/22,0.000159267,0.000159732,0.000155608
5/4/22,0.000252034,0.000124544,0.000129895
5/5/22,0.000252823,0.000118659,0.000149399
5/6/22,0.000365392,0.000173465,0.000209566
5/9/22,0.000214384,0.0002049,0.000203023
5/10/22,0.000263276,0.000286794,0.000306245
5/11/22,0.000312717,0.000221753,0.000242113
5/12/22,0.000325639,0.000284001,0.000291719
5/13/22,0.000136089,0.000278624,0.000176256
5/16/22,0.000139583,0.000184172,0.000150045
5/17/22,9.39e-05,0.000143976,0.000101116
5/18/22,0.000111438,0.000113026,0.000136002
5/19/22,0.000320957,0.000152748,0.000160953
5/20/22,0.000214466,0.000216496,0.000234098
5/23/22,0.000130639,0.000216801,0.000145073
5/24/22,0.000183331,0.000131298,0.000146685
5/25/22,0.000119381,0.000166567,0.000146282
5/26/22,5.41e-05,0.000116986,0.000105405
5/27/22,3.85e-05,7.193748674280383e-05,8.131894732142856e-05
5/31/22,0.000136306,3.533522336928081e-05,5.900458880952381e-05
6/1/22,0.000111347,6.7457126739881e-05,0.000144118
6/2/22,9.31e-05,7.822329128219187e-05,6.082725806547619e-05
6/3/22,9.13e-05,7.335760124437884e-05,8.192883976190478e-05
6/6/22,8.9e-05,8.395595480036363e-05,0.000108404
6/7/22,5.67e-05,8.222368847634084e-05,6.991520803571429e-05
6/8/22,7.3e-05,5.4288016058042644e-05,8.407582568452379e-05
6/9/22,0.000115795,6.811967368410807e-05,8.536229351190478e-05
6/10/22,0.000139114,0.000102052,0.000157213
6/13/22,0.000180357,0.000123282,0.000315994
6/14/22,0.000185978,0.000188093,0.000317646
6/15/22,0.000485017,0.000225583,0.000264398
6/16/22,0.000159858,0.000266661,0.000281732
6/17/22,0.000213212,0.000275967,0.000276255
6/21/22,4.1e-05,0.000261535,0.0001872
6/22/22,0.000127385,0.00012182,0.000148298
6/23/22,0.000112199,0.000123339,9.216993458333336e-05
6/24/22,5.9e-05,0.000109876,0.000108405
6/27/22,9.35e-05,6.488185657563061e-05,0.000116534
6/28/22,0.000100947,6.792127040885762e-05,8.768282345238095e-05
6/29/22,0.000129741,0.000115724,0.000119753
6/30/22,0.00017894,9.17963717877157e-05,8.413705386904762e-05
7/1/22,0.000140617,0.000108007,9.004587857142859e-05
7/5/22,0.000123066,0.000102159,8.161207696428572e-05
7/6/22,0.000142945,9.383929734075814e-05,0.000126046
7/7/22,2.56e-05,9.043563782390114e-05,9.903168047619049e-05
7/8/22,7.82e-05,5.7268384305577725e-05,5.781497003968253e-05
7/11/22,5.76e-05,5.476230818706006e-05,0.000103524
7/12/22,8.19e-05,6.674439574889746e-05,9.283386625e-05
7/13/22,0.000131634,8.704666331089008e-05,9.192536095238094e-05
7/14/22,0.000102521,0.000101689,7.960910889880952e-05
7/15/22,5.93e-05,0.000107234,5.917925476190476e-05
7/18/22,4.89e-05,6.208648176790122e-05,8.081730613095238e-05
7/19/22,4.51e-05,5.6311343976900915e-05,6.116396333333336e-05
7/20/22,8.89e-05,2.256675355767505e-05,6.907651994047616e-05
7/21/22,8.78e-05,3.9245920987116636e-05,5.0817207738095245e-05
7/22/22,6.78e-05,3.61016524655642e-05,7.084165660714284e-05
7/25/22,5.39e-05,6.431467694929708e-05,0.000103035
7/26/22,3.92e-05,4.7380475839617665e-05,5.901402261904763e-05
7/27/22,9e-05,5.738314946168475e-05,7.257563946428571e-05
7/28/22,7.29e-05,4.1633409382499755e-05,6.251394583333333e-05
7/29/22,4.61e-05,3.352525110353855e-05,6.140141934523809e-05
8/1/22,8.32e-05,1.673701711041876e-05,5.4315734111721605e-05
8/2/22,6.86e-05,5.457703855870664e-05,6.449060138888891e-05
8/3/22,4.4e-05,4.3833163019832224e-05,6.853137910714285e-05
8/4/22,4.47e-05,4.211864915544074e-05,5.700924603174604e-05
8/5/22,4.54e-05,3.063129167515226e-05,4.7934964285714285e-05
8/8/22,5.44e-05,4.352517459283257e-05,5.172608630952382e-05
8/9/22,3.04e-05,4.442425352277607e-05,5.4233119706959705e-05
8/10/22,3.17e-05,3.744530975023657e-05,4.712379269480519e-05
8/11/22,3.64e-05,1.8297763000865466e-05,5.2053341666666664e-05
8/12/22,2.03e-05,2.859234441246744e-05,3.885422916666666e-05
8/15/22,2.06e-05,1.7702556113290133e-05,5.738800130952381e-05
8/16/22,3.47e-05,1.5432134934941073e-05,4.381913779761904e-05
8/17/22,4.88e-05,3.1296242047379725e-05,5.08385388392857e-05
8/18/22,2.42e-05,2.7360096886864863e-05,3.5182670833333323e-05
8/19/22,2.53e-05,3.030034727875516e-05,3.868351587301589e-05
8/22/22,3.5e-05,3.693980831532646e-05,6.016231916666666e-05
8/23/22,5.9e-05,6.022990709199477e-05,6.297631666666666e-05
8/24/22,2.57e-05,5.653744837585278e-05,8.982134500000001e-05
8/25/22,3.96e-05,3.44067068535965e-05,5.362159944444445e-05
8/26/22,0.000188174,2.9284184971809387e-05,4.3640780952380945e-05
8/29/22,7.92e-05,9.809020342404396e-05,0.000245661
8/30/22,0.000111164,9.579419513965399e-05,7.446845214285715e-05
8/31/22,8.81e-05,9.352781542244739e-05,0.000131539
9/1/22,9.06e-05,9.880449164832849e-05,0.000108121
9/2/22,0.000128443,8.941190089912527e-05,9.5727375e-05
9/6/22,0.000136477,9.254285066869017e-05,0.000101133
9/7/22,7.05e-05,0.000111713,0.00010566
9/8/22,0.000136117,6.0116076275868344e-05,6.702268749999999e-05
9/9/22,3.58e-05,7.600698396105226e-05,7.856967583333333e-05
9/12/22,3.56e-05,3.9698120970492255e-05,7.72916074404762e-05
9/13/22,7.44e-05,4.2187937222806736e-05,7.807124434523809e-05
9/14/22,0.000107573,6.720212831775564e-05,0.000144208
9/15/22,0.000105391,8.639956529627927e-05,0.000102077
9/16/22,7.9e-05,9.774237626812328e-05,0.00011632
9/19/22,7.42e-05,9.640912012663111e-05,0.000125257
9/20/22,8.83e-05,7.466701702548563e-05,9.8404635e-05
9/21/22,0.000469544,7.697327366790176e-05,0.000107068
9/22/22,0.000108422,0.00019879,0.000234116
9/23/22,0.000114095,0.000187918,0.000217056
9/26/22,0.000138308,0.000140706,0.000251825
9/27/22,0.00015536,0.000175478,0.000223055
9/28/22,9.34e-05,0.000181786,0.000242833
9/29/22,0.000130124,7.883699398793653e-05,0.000156347
9/30/22,0.00015905,0.000118355,0.0002166
10/3/22,9.54e-05,0.000145512,0.000247966
10/4/22,7.41e-05,0.000117652,0.000110324
10/5/22,0.00010216,4.404324848301616e-05,0.000124967
10/6/22,0.000118833,6.841726390610356e-05,0.000116449
10/7/22,7.96e-05,8.215618682000692e-05,0.000107701
10/10/22,0.000119806,0.000119442,0.000166145
10/11/22,0.000143162,0.000117835,0.000119073
10/12/22,8.52e-05,0.000138972,0.000226731
10/13/22,0.000357364,9.194654196509999e-05,0.000129602
10/14/22,0.000253636,0.000128195,0.000149398
10/17/22,8.7e-05,0.000182844,0.000196891
10/18/22,0.000140984,9.239588310318906e-05,0.000139296
10/19/22,0.000100072,9.162802605335042e-05,0.000126449
10/20/22,0.000108588,8.937631371093355e-05,9.358497089285712e-05
10/21/22,0.000169255,9.255839361993969e-05,0.000131282
10/24/22,0.000164333,8.782003237897902e-05,0.0001082
10/25/22,4.74e-05,9.179526115717274e-05,9.621629604166667e-05
10/26/22,6.55e-05,5.476516409417056e-05,0.000114168
10/27/22,0.000113581,7.015769248316437e-05,9.155980940476192e-05
10/28/22,7.3e-05,7.092327538474836e-05,9.641584416666664e-05
10/31/22,7.11e-05,6.674655824646261e-05,9.4395655e-05
11/1/22,8e-05,5.289921076034568e-05,8.131671974206348e-05
11/2/22,0.000377924,7.50838266784642e-05,8.726393011904763e-05
11/3/22,9.49e-05,0.000144927,0.000125787
11/4/22,0.000198192,0.000135246,0.000100341
11/7/22,6.1e-05,0.000116626,0.000101694
11/8/22,0.00012723,8.821037494219281e-05,6.65966325e-05
11/9/22,8.55e-05,8.660868116137013e-05,0.000161514
11/10/22,8.35e-05,9.87659839131534e-05,0.000117677
11/11/22,8.38e-05,5.8433406363394114e-05,7.410890952380951e-05
11/14/22,6.84e-05,3.659986722389609e-05,7.40678642857143e-05
11/15/22,0.000147718,7.667675881833676e-05,7.959216875000001e-05
11/16/22,4.54e-05,6.373641452294215e-05,8.881551273809525e-05
11/17/22,5.26e-05,8.238272606901266e-05,6.306514821428571e-05
11/18/22,6.42e-05,5.8108955336044546e-05,6.057718015873016e-05
11/21/22,3.56e-05,5.51059043694837e-05,5.802072519841269e-05
11/22/22,1.99e-05,4.966112333967257e-05,4.7748502976190466e-05
11/23/22,5.14e-05,3.2466094466605224e-05,3.890037857142857e-05
11/25/22,3.55e-06,4.447886246264819e-05,4.397565476190476e-05
11/28/22,2.44e-05,1.7724263357870747e-05,3.3678329365079364e-05
11/29/22,4.29e-05,5.145098379042372e-05,4.5613897321428585e-05
11/30/22,0.000108603,4.502952660146309e-05,5.195623958333333e-05
12/1/22,7.21e-05,3.9179603415726686e-05,4.768799952380953e-05
12/2/22,4.55e-05,3.528133134436235e-05,3.545579742063492e-05
12/5/22,5.27e-05,4.433173917381698e-05,3.762427976190477e-05
12/6/22,6.34e-05,4.4817310960650446e-05,4.063196726190477e-05
12/7/22,9.59e-05,6.592792363830749e-05,5.502434464285715e-05
12/8/22,5.79e-05,8.080068280954286e-05,6.147134863095236e-05
12/9/22,5.19e-05,5.909503072034475e-05,5.481991904761903e-05
12/12/22,3.17e-05,5.728446788121853e-05,0.000111305
12/13/22,0.000197239,4.558961053266097e-05,8.413434333333329e-05
12/14/22,0.000267804,6.043202422175929e-05,5.098519723389356e-05
12/15/22,7.84e-05,9.287105080866627e-05,0.000110114
12/16/22,7.7e-05,0.000119861,8.413934613095237e-05
12/19/22,4.8e-05,0.000111669,9.989023924603177e-05
12/20/22,6.5e-05,0.000116305,5.970425124999999e-05
12/21/22,4.04e-05,7.66861903634239e-05,5.759833529761904e-05
12/22/22,7e-05,5.082219061253965e-05,7.306760767857143e-05
12/23/22,9.6e-05,6.296920387183223e-05,6.418280767857143e-05
12/27/22,5.3e-05,7.798538129191287e-05,6.086393285714287e-05
12/28/22,5.9e-05,7.019694651505351e-05,5.7412533214285705e-05
12/29/22,3.33e-05,7.536376433881372e-05,6.153724077380954e-05
12/30/22,6.05e-05,4.132037023088802e-05,4.620309107142856e-05
1/3/23,0.000131002,5.546606011206657e-05,6.63952375595238e-05
1/4/23,0.000141936,7.170240327787492e-05,5.662352946428571e-05
1/5/23,6.73e-05,7.045644622287154e-05,8.420890136904763e-05
1/6/23,9.76e-05,6.344407188335341e-05,6.55583419047619e-05
1/9/23,5.03e-05,4.8781994625038004e-05,6.41499175595238e-05
1/10/23,7.48e-05,6.190617178070266e-05,4.681114508928571e-05
1/11/23,2.46e-05,4.752030363734253e-05,9.637969226190476e-05
1/12/23,0.000127565,5.1103914683921265e-05,4.968425892857142e-05
1/13/23,2.7e-05,5.173026329934038e-05,5.285412623015874e-05
1/17/23,3.56e-05,3.6841567461266184e-05,6.0362052678571434e-05
1/18/23,4.31e-05,3.6639303422699685e-05,5.585010285714288e-05
1/19/23,5.17e-05,4.131577198538603e-05,4.3970136904761895e-05
1/20/23,4.4e-05,5.3158428403263915e-05,4.552297023809523e-05
1/23/23,5.05e-05,3.317045165587589e-05,3.6984502976190466e-05
1/24/23,5.19e-05,3.7641597538738515e-05,4.963481845238095e-05
1/25/23,5.75e-05,3.6385594859855715e-05,4.496216269841269e-05
1/26/23,7.07e-05,3.9302007829536685e-05,4.124642857142857e-05
1/27/23,4.16e-05,3.603714774879068e-05,5.073918442460318e-05
1/30/23,4.15e-05,3.506263408720633e-05,4.746119166666666e-05
1/31/23,2.63e-05,3.357475643162988e-05,4.698469880952379e-05
2/1/23,0.000205196,2.686722373257298e-05,4.1131235119047614e-05
2/2/23,6.34e-05,4.9025948443430475e-05,9.733272250000002e-05
2/3/23,9.45e-05,3.9357598120206036e-05,5.5488723214285714e-05
2/6/23,3.19e-05,5.1685561889073813e-05,6.742661666666669e-05
2/7/23,0.000155703,4.5200061276977884e-05,4.569379702380952e-05
2/8/23,6.25e-05,5.798454120982345e-05,6.60729875e-05
2/9/23,5.64e-05,6.615540897999797e-05,5.780015315476189e-05
2/10/23,4.82e-05,6.725381083429233e-05,6.003220386904763e-05
2/13/23,2.48e-05,5.1653071538427846e-05,4.5299213051378454e-05
2/14/23,0.000118458,4.415496968874615e-05,5.760929298611113e-05
2/15/23,3.73e-05,4.799461927176826e-05,5.7159020634920645e-05
2/16/23,4.97e-05,4.257476572747715e-05,4.859698999999999e-05
2/17/23,5.09e-05,5.153929360947013e-05,5.360661761904762e-05
2/21/23,2.76e-05,6.181497079643327e-05,5.095733131868131e-05
2/22/23,6.32e-05,6.639394186359737e-05,5.3590908928571446e-05
2/23/23,5.13e-05,5.5019310445244425e-05,5.492659602486819e-05
2/24/23,5.43e-05,5.054916941858735e-05,7.338867633928573e-05
2/27/23,3.5e-05,5.088346921202168e-05,5.5303566666666663e-05
2/28/23,2.48e-05,4.966494884487614e-05,4.257110317460317e-05
3/1/23,4.97e-05,3.675852285368275e-05,5.170744642857144e-05
3/2/23,4.89e-05,5.663176382672414e-05,4.66056125e-05
3/3/23,2.67e-05,3.816489844409656e-05,4.51551019047619e-05
3/6/23,2e-05,2.8455166849530304e-05,8.192133208333332e-05
3/7/23,8.5e-05,2.3941053080264478e-05,3.430724404761904e-05
3/8/23,5.09e-05,4.53109539170647e-05,7.111584583333337e-05
3/9/23,7.07e-05,3.9796990594225005e-05,4.612362984126984e-05
3/10/23,0.000162303,5.7284573655555955e-05,9.765573696428573e-05
3/13/23,0.000284131,9.427620411784761e-05,0.00011826
3/14/23,9.24e-05,0.000135766,0.000129624
3/15/23,0.000133942,8.592660709918384e-05,8.5967710625e-05
3/16/23,9.11e-05,9.369505052626971e-05,9.669932952380952e-05
3/17/23,9.65e-05,5.7819215920426886e-05,9.46206775e-05
3/20/23,5.53e-05,8.137734099178016e-05,0.000115805
3/21/23,3.27e-05,6.981091131791379e-05,7.963220196428572e-05
3/22/23,0.0001792,5.916544704730995e-05,6.890919722222222e-05
3/23/23,0.000126079,7.973223859814833e-05,0.000104639
3/24/23,9.24e-05,0.000109421,7.403320702380954e-05
3/27/23,3.45e-05,7.400907714128867e-05,6.412629444444446e-05
3/28/23,2.46e-05,6.060824426791072e-05,5.871079996392496e-05
3/29/23,1.53e-05,4.732983931375109e-05,5.0600391190476195e-05
3/30/23,1.82e-05,3.374728612867556e-05,4.1102866666666656e-05
3/31/23,2.1e-05,3.66042451061951e-05,8.803945922619046e-05
4/3/23,2.1e-05,2.523727057460137e-05,9.061243875e-05
4/4/23,3.62e-05,2.5551705359831917e-05,4.704146212301587e-05
4/5/23,2.28e-05,3.582393018994853e-05,3.5829434821428584e-05
4/6/23,1.56e-05,4.622773535764683e-05,5.1717407341269845e-05
4/10/23,1.84e-05,2.4031231579272076e-05,3.711254773809524e-05
4/11/23,1.32e-05,3.362041568728536e-05,4.577214166666666e-05
4/12/23,5.02e-05,1.809188500577025e-05,6.0828616071428573e-05
4/13/23,1.62e-05,3.585536279722024e-05,4.102890000000001e-05
4/14/23,4.28e-05,1.7191758616068633e-05,5.7930375833333336e-05
4/17/23,1.88e-05,2.1715590402585455e-05,4.227548738095239e-05
4/18/23,2.16e-05,2.5604272267356515e-05,3.8221933333333334e-05
4/19/23,1.02e-05,2.3953261201709045e-05,2.9679516666666663e-05
4/20/23,2.09e-05,2.7004451244502794e-05,2.6992505952380945e-05
4/21/23,2.74e-05,2.7172679451826494e-05,2.8542177777777785e-05
4/24/23,1.14e-05,2.4295379481584767e-05,2.754805059523809e-05
4/25/23,2.75e-05,1.786326552812848e-05,4.736004107142858e-05
4/26/23,2.56e-05,2.3485001148100942e-05,2.4776326190476188e-05
4/27/23,2.08e-05,3.798578429454611e-05,2.5068583333333332e-05
4/28/23,4.47e-05,1.0730373083817772e-05,2.365392559523809e-05
5/1/23,1.96e-05,1.492299603809393e-05,1.8549976190476193e-05
5/2/23,3.51e-05,1.6524182983549777e-05,4.533636541666667e-05
5/3/23,7.68e-05,3.0162958167143166e-05,3.516859821428572e-05
5/4/23,6.42e-05,3.86561732306229e-05,4.8906631150793645e-05
5/5/23,1.82e-05,4.9975067449504513e-05,3.88513825e-05
5/8/23,1.83e-05,2.6556793681284412e-05,3.545977976190476e-05
5/9/23,1.13e-05,1.8046710549161304e-05,3.993577333333333e-05
5/10/23,5.92e-05,2.5021825878321192e-05,1.935691071428571e-05
5/11/23,3.18e-05,3.343122653209511e-05,2.544627678571429e-05
5/12/23,2.68e-05,2.5148164509848226e-05,2.3060928571428567e-05
5/15/23,1.58e-05,2.788324794524489e-05,1.93663125e-05
5/16/23,2.77e-05,2.539869396621734e-05,2.3378916666666664e-05
5/17/23,2.48e-05,3.411617413044814e-05,2.6652119047619048e-05
5/18/23,3.53e-05,2.3318559351809322e-05,2.685845982142857e-05
5/19/23,3.28e-05,1.361701645386545e-05,2.744858630952381e-05
5/22/23,2.77e-05,1.4634498001853005e-05,2.6371992261904755e-05
5/23/23,3.09e-05,2.2958203813255765e-05,2.6142491666666664e-05
5/24/23,3.02e-05,3.085394371725758e-05,4.547722708333333e-05
5/25/23,3.94e-05,3.52831970861475e-05,3.767358988095239e-05
5/26/23,2.41e-05,2.8882160220662132e-05,3.455284821428572e-05
5/30/23,3.04e-05,1.857210049768351e-05,3.247612619047619e-05
5/31/23,1.81e-05,2.564572993127536e-05,2.662212499999999e-05
6/1/23,2.49e-05,2.837038577990746e-05,3.1888127976190474e-05
6/2/23,2.77e-05,1.9618073538727128e-05,3.461596726190476e-05
6/5/23,2.88e-05,1.2567526416102424e-05,2.7371862012987015e-05
6/6/23,1.65e-05,1.6957475804110525e-05,2.4767592261904757e-05
6/7/23,2.07e-05,1.997459181937296e-05,2.795670238095238e-05
6/8/23,1.12e-05,2.61974283080562e-05,2.3595375000000003e-05
6/9/23,2.52e-05,1.217847077399399e-05,3.207623214285714e-05
6/12/23,1.04e-05,1.550053126587905e-05,3.277408062770564e-05
6/13/23,2.54e-05,1.4842453287408222e-05,3.647537619047619e-05
6/14/23,6.74e-05,1.1236482721168082e-05,2.3390720238095243e-05
6/15/23,3.14e-05,2.629739387145173e-05,6.645001682539686e-05
6/16/23,2.5e-05,1.5469759748216254e-05,5.6186696071428565e-05
6/20/23,2.23e-05,2.3582075546273497e-05,2.46858125e-05
6/21/23,2.18e-05,2.6703438047421166e-05,2.0235357142857136e-05
6/22/23,2.33e-05,2.4299951283502392e-05,1.920827083333333e-05
6/23/23,1.44e-05,2.6708479957505128e-05,2.2596125000000007e-05
6/26/23,2.46e-05,1.8849872722291852e-05,2.6507916666666667e-05
6/27/23,1.52e-05,2.6848930648550392e-05,2.4255375000000007e-05
6/28/23,2.72e-05,1.7889756123301572e-05,3.1131416666666675e-05
6/29/23,2.32e-05,1.3352066429493949e-05,2.567527083333333e-05
6/30/23,1.14e-05,1.9787365365777166e-05,2.274962500000001e-05
7/3/23,2.1e-06,1.1275226979514351e-05,2.5972452380952375e-05
7/5/23,8.47e-06,1.5982938637117854e-05,1.8308017857142856e-05
7/6/23,1.05e-05,8.752398850306869e-06,3.3890982142857137e-05
7/7/23,1.69e-05,2.0795171500066295e-05,2.32698e-05
7/10/23,1.59e-05,1.8823232280140742e-05,1.8402161309523814e-05
7/11/23,1.64e-05,1.8425597163996658e-05,2.611032321428572e-05
7/12/23,1.87e-05,1.2945505134541541e-05,2.4662903769841275e-05
7/13/23,7.06e-06,7.647221562065185e-06,2.0888350595238097e-05
7/14/23,1.31e-05,9.152463838035707e-06,1.1430029166666668e-05
7/17/23,4.74e-06,5.854467007915023e-06,9.434890476190474e-06
7/18/23,1.08e-05,4.719840381228365e-06,1.013247857142857e-05
7/19/23,1.43e-05,7.999855573986657e-06,1.6610252976190487e-05
7/20/23,1.49e-05,1.1151302059603855e-05,1.604369345238095e-05
7/21/23,1.87e-05,1.192776796523854e-05,1.529595238095238e-05
7/24/23,1.32e-05,1.5748977555436083e-05,1.9725452380952375e-05
7/25/23,6.77e-06,1.4438944757360964e-05,2.9559043750000008e-05
7/26/23,3.07e-05,8.217480396888218e-06,1.4142213690476195e-05
7/27/23,3.32e-05,1.7774670706006233e-05,1.99075875e-05
7/28/23,2.15e-05,2.3874873603148387e-05,1.6806750000000003e-05
7/31/23,1.6e-05,1.373017295859079e-05,9.63273154761905e-06
8/1/23,1.04e-05,1.3951181091201958e-05,1.2727005952380956e-05
8/2/23,2.23e-05,1.8302164388572797e-05,1.9697081547619048e-05
8/3/23,2.02e-05,2.729302420423273e-05,3.584652351190476e-05
8/4/23,4.48e-05,2.3962149184228852e-05,2.604909893578644e-05
8/7/23,2.13e-05,2.743190590927284e-05,2.1240095238095235e-05
8/8/23,2.14e-05,1.4804447980335913e-05,1.9874260964912284e-05
8/9/23,2.64e-05,2.5335261683698277e-05,2.505656249999999e-05
8/10/23,6.89e-05,2.4295735000885557e-05,2.465554166666667e-05