Effective Date,Rate Type,Rate (%),1st Percentile (%),25th Percentile (%),75th Percentile (%),99th Percentile (%),Volume ($Billions),Volume change,Target Rate To (%),Intra Day - Low (%),Intra Day - High (%),Standard Deviation (%),30-Day Average SOFR,90-Day Average SOFR,180-Day Average SOFR,SOFR Index,Revision Indicator (Y/N),Footnote ID
08/10/2023,SOFR,5.3,5.25,5.3,5.34,5.38,1360,0.028744327,,,,,,,,,,
08/09/2023,SOFR,5.3,5.24,5.28,5.32,5.38,1322,-0.013432836,,,,,,,,,,
08/08/2023,SOFR,5.3,5.23,5.28,5.31,5.38,1340,-0.006671609,,,,,,,,,,
08/07/2023,SOFR,5.3,5.23,5.28,5.31,5.38,1349,-0.014609204,,,,,,,,,,
08/04/2023,SOFR,5.3,5.23,5.29,5.32,5.38,1369,-0.03113942,,,,,,,,,,
08/03/2023,SOFR,5.3,5.24,5.29,5.34,5.39,1413,-0.002118644,,,,,,,,,,
08/02/2023,SOFR,5.3,5.25,5.3,5.34,5.39,1416,-0.052842809,,,,,,,,,,
08/01/2023,SOFR,5.31,5.25,5.3,5.35,5.4,1495,-0.036105738,,,,,,,,,,
07/31/2023,SOFR,5.31,5.25,5.3,5.36,5.41,1551,0.093023256,,,,,,,,,,
07/28/2023,SOFR,5.3,5.25,5.3,5.36,5.41,1419,-0.054630247,,,,,,,,,,
07/27/2023,SOFR,5.31,5.07,5.3,5.37,5.42,1501,0.033746556,,,,,,,,,,
07/26/2023,SOFR,5.06,5,5.05,5.11,5.16,1452,-0.012244898,,,,,,,,,,
07/25/2023,SOFR,5.06,5,5.05,5.1,5.15,1470,0.076923077,,,,,,,,,,
07/24/2023,SOFR,5.05,5,5.05,5.09,5.13,1365,-0.025,,,,,,,,,,
07/21/2023,SOFR,5.05,5,5.05,5.09,5.14,1400,-0.04109589,,,,,,,,,,
07/20/2023,SOFR,5.06,5,5.05,5.1,5.14,1460,0.002747253,,,,,,,,,,
07/19/2023,SOFR,5.05,5,5.05,5.1,5.14,1456,-0.01754386,,,,,,,,,,
07/18/2023,SOFR,5.06,5,5.05,5.1,5.15,1482,-0.027559055,,,,,,,,,,
07/17/2023,SOFR,5.06,5,5.05,5.11,5.15,1524,0.052486188,,,,,,,,,,
07/14/2023,SOFR,5.05,5,5.05,5.1,5.15,1448,0.002076125,,,,,,,,,,
07/13/2023,SOFR,5.06,5,5.05,5.09,5.14,1445,0.061719324,,,,,,,,,,
07/12/2023,SOFR,5.05,5,5.05,5.09,5.15,1361,-0.054204309,,,,,,,,,,
07/11/2023,SOFR,5.06,5,5.05,5.11,5.15,1439,-0.044488712,,,,,,,,,,
07/10/2023,SOFR,5.06,5,5.05,5.12,5.17,1506,-0.026502909,,,,,,,,,,
07/07/2023,SOFR,5.06,5,5.05,5.13,5.17,1547,-0.016528926,,,,,,,,,,
07/06/2023,SOFR,5.06,5,5.05,5.13,5.18,1573,-0.010069226,,,,,,,,,,
07/05/2023,SOFR,5.06,5,5.05,5.13,5.17,1589,0.006333122,,,,,,,,,,
07/03/2023,SOFR,5.06,5,5.05,5.14,5.18,1579,0.019367334,,,,,,,,,,
06/30/2023,SOFR,5.09,4.95,5.05,5.16,5.22,1549,0.004539559,,,,,,,,,,
06/29/2023,SOFR,5.06,5,5.05,5.14,5.19,1542,0.028685791,,,,,,,,,,
06/28/2023,SOFR,5.06,5,5.05,5.13,5.18,1499,0.01215395,,,,,,,,,,
06/27/2023,SOFR,5.05,5,5.05,5.12,5.16,1481,0.036389083,,,,,,,,,,
06/26/2023,SOFR,5.05,5,5.05,5.11,5.15,1429,0.028797696,,,,,,,,,,
06/23/2023,SOFR,5.05,5,5.05,5.11,5.15,1389,0.025849335,,,,,,,,,,
06/22/2023,SOFR,5.05,5,5.05,5.1,5.14,1354,-0.023792358,,,,,,,,,,
06/21/2023,SOFR,5.05,5,5.04,5.1,5.14,1387,-0.028030834,,,,,,,,,,
06/20/2023,SOFR,5.05,4.98,5.05,5.1,5.14,1427,0.015658363,,,,,,,,,,
06/16/2023,SOFR,5.05,5,5.05,5.11,5.15,1405,-0.079895219,,,,,,,,,,
06/15/2023,SOFR,5.06,5,5.05,5.12,5.17,1527,0.09305655,,,,,,,,,,
06/14/2023,SOFR,5.05,4.99,5.03,5.09,5.14,1397,0.016,,,,,,,,,,
06/13/2023,SOFR,5.05,4.98,5.04,5.09,5.14,1375,-0.017155111,,,,,,,,,,
06/12/2023,SOFR,5.05,4.97,5.03,5.08,5.13,1399,0.005028736,,,,,,,,,,
06/09/2023,SOFR,5.05,4.99,5.03,5.09,5.13,1392,-0.007132668,,,,,,,,,,
06/08/2023,SOFR,5.05,4.99,5.03,5.09,5.14,1402,-0.018894332,,,,,,,,,,
06/07/2023,SOFR,5.05,4.99,5.03,5.09,5.15,1429,0.010608204,,,,,,,,,,
06/06/2023,SOFR,5.05,5,5.04,5.1,5.15,1414,-0.039402174,,,,,,,,,,
06/05/2023,SOFR,5.06,5,5.05,5.13,5.18,1472,-0.002033898,,,,,,,,,,
06/02/2023,SOFR,5.07,5,5.05,5.17,5.23,1475,-0.093423479,,,,,,,,,,
06/01/2023,SOFR,5.08,5,5.06,5.19,5.24,1627,0.002464572,,,,,,,,,,
05/31/2023,SOFR,5.08,5,5.05,5.17,5.21,1623,0.060784314,,,,,,,,,,
05/30/2023,SOFR,5.06,4.99,5.05,5.13,5.19,1530,0.036585366,,,,,,,,,,
05/26/2023,SOFR,5.06,5,5.05,5.15,5.22,1476,-0.039687703,,,,,,,,,,
05/25/2023,SOFR,5.06,5,5.05,5.15,5.21,1537,0.097073519,,,,,,,,,,
05/24/2023,SOFR,5.05,4.99,5.05,5.11,5.15,1401,0.013015184,,,,,,,,,,
05/23/2023,SOFR,5.05,4.98,5.04,5.1,5.14,1383,-0.035564854,,,,,,,,,,
05/22/2023,SOFR,5.05,4.97,5.03,5.09,5.13,1434,0.052090976,,,,,,,,,,
05/19/2023,SOFR,5.05,4.97,5.04,5.09,5.14,1363,-0.027123483,,,,,,,,,,
05/18/2023,SOFR,5.05,4.97,5.05,5.1,5.15,1401,0,,,,,,,,,,
05/17/2023,SOFR,5.05,4.98,5.05,5.1,5.15,1401,-0.044338336,,,,,,,,,,
05/16/2023,SOFR,5.05,4.99,5.05,5.11,5.15,1466,-0.020708083,,,,,,,,,,
05/15/2023,SOFR,5.06,4.99,5.05,5.11,5.15,1497,0.107248521,,,,,,,,,,
05/12/2023,SOFR,5.05,4.98,5.04,5.09,5.14,1352,-0.014577259,,,,,,,,,,
05/11/2023,SOFR,5.05,4.98,5.04,5.09,5.13,1372,-0.026950355,,,,,,,,,,
05/10/2023,SOFR,5.06,4.98,5.05,5.11,5.17,1410,-0.048582996,,,,,,,,,,
05/09/2023,SOFR,5.06,5,5.05,5.12,5.17,1482,-0.01002004,,,,,,,,,,
05/08/2023,SOFR,5.06,4.99,5.05,5.12,5.17,1497,-0.013183916,,,,,,,,,,
05/05/2023,SOFR,5.06,5,5.05,5.13,5.18,1517,-0.04591195,,,,,,,,,,
05/04/2023,SOFR,5.06,4.82,5.05,5.13,5.17,1590,0.029792746,,,,,,,,,,
05/03/2023,SOFR,4.81,4.75,4.8,4.87,4.92,1544,0.004554327,,,,,,,,,,
05/02/2023,SOFR,4.81,4.75,4.8,4.87,4.91,1537,-0.025364616,,,,,,,,,,
05/01/2023,SOFR,4.81,4.75,4.8,4.87,4.91,1577,0.144412192,,,,,,,,,,
04/28/2023,SOFR,4.81,4.75,4.8,4.87,4.92,1378,0.030665669,,,,,,,,,,
04/27/2023,SOFR,4.81,4.74,4.8,4.86,4.9,1337,-0.005947955,,,,,,,,,,
04/26/2023,SOFR,4.8,4.74,4.79,4.85,4.89,1345,0.012039127,,,,,,,,,,
04/25/2023,SOFR,4.8,4.74,4.79,4.85,4.89,1329,0.023882897,,,,,,,,,,
04/24/2023,SOFR,4.8,4.73,4.78,4.84,4.88,1298,-0.019637462,,,,,,,,,,
04/21/2023,SOFR,4.8,4.72,4.77,4.83,4.87,1324,0.033567525,,,,,,,,,,
04/20/2023,SOFR,4.8,4.72,4.77,4.81,4.87,1281,-0.019892884,,,,,,,,,,
04/19/2023,SOFR,4.8,4.73,4.78,4.83,4.88,1307,-0.041788856,,,,,,,,,,
04/18/2023,SOFR,4.8,4.74,4.79,4.85,4.9,1364,-0.029871977,,,,,,,,,,
04/17/2023,SOFR,4.8,4.74,4.79,4.85,4.89,1406,0.071646341,,,,,,,,,,
04/14/2023,SOFR,4.8,4.74,4.79,4.84,4.88,1312,-0.047895501,,,,,,,,,,
04/13/2023,SOFR,4.8,4.74,4.78,4.83,4.92,1378,0.014727541,,,,,,,,,,
04/12/2023,SOFR,4.8,4.74,4.78,4.83,4.88,1358,-0.005128205,,,,,,,,,,
04/11/2023,SOFR,4.8,4.75,4.8,4.85,4.9,1365,-0.000732064,,,,,,,,,,
04/10/2023,SOFR,4.81,4.6,4.8,4.86,4.91,1366,-0.045422781,,,,,,,,,,
04/06/2023,SOFR,4.81,4.75,4.8,4.87,4.91,1431,0.002803083,,,,,,,,,,
04/05/2023,SOFR,4.81,4.75,4.8,4.88,4.93,1427,0,,,,,,,,,,
04/04/2023,SOFR,4.83,4.75,4.8,4.9,4.95,1427,-0.033852404,,,,,,,,,,
04/03/2023,SOFR,4.84,4.75,4.8,4.9,4.97,1477,0.049005682,,,,,,,,,,
03/31/2023,SOFR,4.87,4.75,4.8,4.93,5,1408,0.06747536,,,,,,,,,,
03/30/2023,SOFR,4.82,4.75,4.8,4.89,4.93,1319,0.024864025,,,,,,,,,,
03/29/2023,SOFR,4.83,4.75,4.8,4.89,4.95,1287,-0.043122677,,,,,,,,,,
03/28/2023,SOFR,4.84,4.75,4.8,4.92,4.97,1345,-0.014652015,,,,,,,,,,
03/27/2023,SOFR,4.81,4.75,4.8,4.88,4.95,1365,0.058139535,,,,,,,,,,
03/24/2023,SOFR,4.8,4.75,4.8,4.86,4.9,1290,-0.04797048,,,,,,,,,,
03/23/2023,SOFR,4.8,4.56,4.79,4.84,4.88,1355,0.12635079,,,,,,,,,,
03/22/2023,SOFR,4.55,4.5,4.54,4.58,4.63,1203,-0.035284683,,,,,,,,,,
03/21/2023,SOFR,4.55,4.48,4.53,4.58,4.63,1247,-0.031832298,,,,,,,,,,
03/20/2023,SOFR,4.55,4.45,4.54,4.58,4.63,1288,0.018181818,,,,,,,,,,
03/17/2023,SOFR,4.55,4.47,4.55,4.59,4.64,1265,-0.005503145,,,,,,,,,,
03/16/2023,SOFR,4.57,4.49,4.55,4.62,4.69,1272,0.015974441,,,,,,,,,,
03/15/2023,SOFR,4.58,4.45,4.56,4.66,4.72,1252,0.040731505,,,,,,,,,,
03/14/2023,SOFR,4.55,4.4,4.53,4.6,4.69,1203,0.047909408,,,,,,,,,,
03/13/2023,SOFR,4.55,4.46,4.52,4.58,4.63,1148,0.055147059,,,,,,,,,,
03/10/2023,SOFR,4.55,4.46,4.52,4.57,4.61,1088,-0.028571429,,,,,,,,,,
03/09/2023,SOFR,4.55,4.48,4.52,4.56,4.62,1120,0.02189781,,,,,,,,,,
03/08/2023,SOFR,4.55,4.48,4.52,4.57,4.62,1096,-0.047784535,,,,,,,,,,
03/07/2023,SOFR,4.55,4.48,4.52,4.56,4.61,1151,0.019486271,,,,,,,,,,
03/06/2023,SOFR,4.55,4.47,4.52,4.56,4.62,1129,0.008035714,,,,,,,,,,
03/03/2023,SOFR,4.55,4.47,4.52,4.57,4.62,1120,-0.026086957,,,,,,,,,,
03/02/2023,SOFR,4.55,4.48,4.52,4.58,4.64,1150,-0.018771331,,,,,,,,,,
03/01/2023,SOFR,4.55,4.46,4.52,4.58,4.63,1172,-0.047154472,,,,,,,,,,
02/28/2023,SOFR,4.55,4.35,4.53,4.59,4.64,1230,0.074235808,,,,,,,,,,
02/27/2023,SOFR,4.55,4.45,4.52,4.57,4.62,1145,0.020499109,,,,,,,,,,
02/24/2023,SOFR,4.55,4.45,4.52,4.56,4.61,1122,-0.013192612,,,,,,,,,,
02/23/2023,SOFR,4.55,4.45,4.52,4.56,4.61,1137,0.007085917,,,,,,,,,,
02/22/2023,SOFR,4.55,4.47,4.52,4.57,4.62,1129,-0.030068729,,,,,,,,,,
02/21/2023,SOFR,4.55,4.46,4.53,4.57,4.62,1164,-0.037220844,,,,,,,,,,
02/17/2023,SOFR,4.55,4.47,4.53,4.58,4.64,1209,-0.028135048,,,,,,,,,,
02/16/2023,SOFR,4.55,4.48,4.54,4.6,4.64,1244,0.004035513,,,,,,,,,,
02/15/2023,SOFR,4.55,4.48,4.54,4.6,4.64,1239,0.018914474,,,,,,,,,,
02/14/2023,SOFR,4.55,4.47,4.53,4.59,4.63,1216,0.054640069,,,,,,,,,,
02/13/2023,SOFR,4.55,4.48,4.53,4.58,4.63,1153,-0.027824621,,,,,,,,,,
02/10/2023,SOFR,4.55,4.47,4.53,4.58,4.63,1186,-0.021452145,,,,,,,,,,
02/09/2023,SOFR,4.55,4.48,4.53,4.59,4.64,1212,0.023648649,,,,,,,,,,
02/08/2023,SOFR,4.55,4.47,4.53,4.58,4.63,1184,-0.01986755,,,,,,,,,,
02/07/2023,SOFR,4.55,4.48,4.53,4.58,4.63,1208,-0.00082713,,,,,,,,,,
02/06/2023,SOFR,4.55,4.47,4.53,4.58,4.62,1209,-0.005756579,,,,,,,,,,
02/03/2023,SOFR,4.55,4.48,4.53,4.58,4.63,1216,-0.057364341,,,,,,,,,,
02/02/2023,SOFR,4.56,4.32,4.54,4.6,4.64,1290,0.07589658,,,,,,,,,,
02/01/2023,SOFR,4.31,4.23,4.3,4.35,4.4,1199,-0.06401249,,,,,,,,,,
01/31/2023,SOFR,4.31,4.23,4.3,4.36,4.41,1281,0.106217617,,,,,,,,,,
01/30/2023,SOFR,4.3,4.22,4.28,4.33,4.4,1158,-0.006008584,,,,,,,,,,
01/27/2023,SOFR,4.3,4.23,4.29,4.33,4.38,1165,0,,,,,,,,,,
01/26/2023,SOFR,4.3,4.23,4.29,4.34,4.39,1165,0.006914434,,,,,,,,,,
01/25/2023,SOFR,4.31,4.23,4.29,4.34,4.38,1157,-0.005159071,,,,,,,,,,
01/24/2023,SOFR,4.3,4.23,4.29,4.34,4.39,1163,0.011304348,,,,,,,,,,
01/23/2023,SOFR,4.3,4.22,4.27,4.31,4.37,1150,-0.016253208,,,,,,,,,,
01/20/2023,SOFR,4.3,4.22,4.28,4.33,4.39,1169,-0.050365556,,,,,,,,,,
01/19/2023,SOFR,4.31,4.23,4.29,4.34,4.4,1231,0.031852473,,,,,,,,,,
01/18/2023,SOFR,4.3,4.22,4.29,4.34,4.4,1193,-0.044070513,,,,,,,,,,
01/17/2023,SOFR,4.31,4.23,4.3,4.37,4.43,1248,0.133514986,,,,,,,,,,
01/13/2023,SOFR,4.3,4.22,4.28,4.33,4.41,1101,-0.00631769,,,,,,,,,,
01/12/2023,SOFR,4.3,4.22,4.29,4.34,4.41,1108,-0.029772329,,,,,,,,,,
01/11/2023,SOFR,4.3,4.23,4.28,4.34,4.41,1142,0.016014235,,,,,,,,,,
01/10/2023,SOFR,4.31,4.23,4.29,4.34,4.41,1124,-0.002661934,,,,,,,,,,
01/09/2023,SOFR,4.31,4.23,4.29,4.34,4.45,1127,0.008050089,,,,,,,,,,
01/06/2023,SOFR,4.31,4.22,4.29,4.35,4.45,1118,-0.014109347,,,,,,,,,,
01/05/2023,SOFR,4.31,4.23,4.29,4.35,4.45,1134,-0.001760563,,,,,,,,,,
01/04/2023,SOFR,4.3,4.22,4.28,4.35,4.44,1136,-0.096260939,,,,,,,,,,
01/03/2023,SOFR,4.31,4.22,4.28,4.35,4.44,1257,0.251992032,,,,,,,,,,
12/30/2022,SOFR,4.3,4.2,4.26,4.33,4.48,1004,-0.031822565,,,,,,,,,,
12/29/2022,SOFR,4.3,4.2,4.26,4.32,4.45,1037,0.031840796,,,,,,,,,,
12/28/2022,SOFR,4.3,4.21,4.27,4.32,4.45,1005,-0.041030534,,,,,,,,,,
12/27/2022,SOFR,4.3,4.15,4.27,4.32,4.4,1048,0.057517659,,,,,,,,,,
12/23/2022,SOFR,4.3,4.21,4.26,4.31,4.38,991,-0.02171767,,,,,,,,,,
12/22/2022,SOFR,4.3,4.2,4.26,4.31,4.44,1013,-0.017458778,,,,,,,,,,
12/21/2022,SOFR,4.3,4.2,4.26,4.3,4.44,1031,-0.016221374,,,,,,,,,,
12/20/2022,SOFR,4.3,4.2,4.27,4.32,4.44,1048,-0.035878565,,,,,,,,,,
12/19/2022,SOFR,4.3,4.22,4.28,4.34,4.42,1087,-0.003666361,,,,,,,,,,
12/16/2022,SOFR,4.32,4.23,4.3,4.36,4.45,1091,-0.046328671,,,,,,,,,,
12/15/2022,SOFR,4.32,4.2,4.3,4.37,4.45,1144,0.094736842,,,,,,,,,,
12/14/2022,SOFR,3.8,3.72,3.77,3.84,3.92,1045,-0.005708849,,,,,,,,,,
12/13/2022,SOFR,3.8,3.72,3.77,3.83,3.92,1051,0.008637236,,,,,,,,,,
12/12/2022,SOFR,3.8,3.72,3.77,3.83,3.91,1042,-0.015122873,,,,,,,,,,
12/09/2022,SOFR,3.8,3.71,3.77,3.83,3.91,1058,-0.026678933,,,,,,,,,,
12/08/2022,SOFR,3.8,3.72,3.77,3.81,3.91,1087,-0.000919118,,,,,,,,,,
12/07/2022,SOFR,3.8,3.72,3.76,3.81,3.91,1088,0,,,,,,,,,,
12/06/2022,SOFR,3.8,3.72,3.78,3.84,3.93,1088,-0.00729927,,,,,,,,,,
12/05/2022,SOFR,3.81,3.72,3.79,3.85,3.94,1096,-0.03180212,,,,,,,,,,
12/02/2022,SOFR,3.81,3.72,3.8,3.86,3.94,1132,-0.035775128,,,,,,,,,,
12/01/2022,SOFR,3.82,3.73,3.8,3.86,3.92,1174,0.054806828,,,,,,,,,,
11/30/2022,SOFR,3.82,3.71,3.8,3.87,3.94,1113,0.084795322,,,,,,,,,,
11/29/2022,SOFR,3.81,3.72,3.78,3.85,3.95,1026,-0.030245747,,,,,,,,,,
11/28/2022,SOFR,3.8,3.71,3.77,3.84,3.9,1058,0.054835494,,,,,,,,,,
11/25/2022,SOFR,3.8,3.71,3.77,3.82,3.93,1003,0.019308943,,,,,,,,,,
11/23/2022,SOFR,3.79,3.7,3.76,3.81,3.95,984,-0.052023121,,,,,,,,,,
11/22/2022,SOFR,3.8,3.71,3.76,3.82,3.95,1038,0.022660099,,,,,,,,,,
11/21/2022,SOFR,3.8,3.7,3.76,3.82,3.89,1015,-0.021215043,,,,,,,,,,
11/18/2022,SOFR,3.8,3.71,3.77,3.83,3.92,1037,-0.035348837,,,,,,,,,,
11/17/2022,SOFR,3.8,3.71,3.78,3.84,3.9,1075,-0.019160584,,,,,,,,,,
11/16/2022,SOFR,3.81,3.72,3.78,3.85,3.92,1096,-0.046127067,,,,,,,,,,
11/15/2022,SOFR,3.8,3.7,3.78,3.85,3.95,1149,0.103746398,,,,,,,,,,
11/14/2022,SOFR,3.79,3.7,3.75,3.81,3.95,1041,0.054711246,,,,,,,,,,
11/10/2022,SOFR,3.78,3.7,3.75,3.8,3.95,987,0.018575851,,,,,,,,,,
11/09/2022,SOFR,3.78,3.7,3.75,3.8,3.95,969,-0.009202454,,,,,,,,,,
11/08/2022,SOFR,3.78,3.69,3.75,3.8,3.95,978,-0.003058104,,,,,,,,,,
11/07/2022,SOFR,3.78,3.7,3.75,3.81,3.95,981,-0.032544379,,,,,,,,,,
11/04/2022,SOFR,3.8,3.7,3.76,3.82,3.95,1014,-0.055865922,,,,,,,,,,
11/03/2022,SOFR,3.8,3.25,3.76,3.83,3.89,1074,0.051909892,,,,,,,,,,
11/02/2022,SOFR,3.05,2.95,3.01,3.08,3.2,1021,-0.053753475,,,,,,,,,,
11/01/2022,SOFR,3.05,2.95,3.01,3.08,3.13,1079,0.00372093,,,,,,,,,,
10/31/2022,SOFR,3.05,2.93,3.01,3.07,3.2,1075,0.130389064,,,,,,,,,,
10/28/2022,SOFR,3.05,2.95,3,3.06,3.2,951,-0.022610483,,,,,,,,,,
10/27/2022,SOFR,3.04,2.94,3,3.06,3.2,973,0.001028807,,,,,,,,,,
10/26/2022,SOFR,3.03,2.95,3,3.05,3.2,972,0.01144641,,,,,,,,,,
10/25/2022,SOFR,3.02,2.93,3,3.05,3.2,961,-0.001039501,,,,,,,,,,
10/24/2022,SOFR,3.01,2.93,2.99,3.04,3.2,962,0.007329843,,,,,,,,,,
10/21/2022,SOFR,3.02,2.93,2.99,3.04,3.2,955,-0.008307373,,,,,,,,,,
10/20/2022,SOFR,3.03,2.93,3,3.05,3.2,963,0.047878128,,,,,,,,,,
10/19/2022,SOFR,3.04,2.94,3,3.05,3.2,919,-0.049638056,,,,,,,,,,
10/18/2022,SOFR,3.04,2.95,3,3.06,3.2,967,-0.012257406,,,,,,,,,,
10/17/2022,SOFR,3.05,2.95,3,3.06,3.2,979,0.021920668,,,,,,,,,,
10/14/2022,SOFR,3.04,2.95,3,3.05,3.2,958,-0.042,,,,,,,,,,
10/13/2022,SOFR,3.04,2.95,3,3.06,3.2,1000,0.028806584,,,,,,,,,,
10/12/2022,SOFR,3.04,2.95,3,3.06,3.2,972,-0.021148036,,,,,,,,,,
10/11/2022,SOFR,3.05,2.95,3,3.07,3.2,993,0.025826446,,,,,,,,,,
10/07/2022,SOFR,3.05,2.95,3,3.06,3.2,968,-0.017258883,,,,,,,,,,
10/06/2022,SOFR,3.05,2.95,3,3.07,3.2,985,-0.007056452,,,,,,,,,,
10/05/2022,SOFR,3.04,2.95,3,3.06,3.2,992,-0.004016064,,,,,,,,,,
10/04/2022,SOFR,3.04,2.95,3,3.06,3.2,996,-0.012884044,,,,,,,,,,
10/03/2022,SOFR,3,2.93,2.97,3.05,3.2,1009,0.055439331,,,,,,,,,,
09/30/2022,SOFR,2.98,2.88,2.95,3.03,3.2,956,0.055187638,,,,,,,,,,
09/29/2022,SOFR,2.96,2.88,2.94,2.99,3.2,906,-0.005488474,,,,,,,,,,
09/28/2022,SOFR,2.98,2.88,2.95,3,3.2,911,-0.04004215,,,,,,,,,,
09/27/2022,SOFR,2.98,2.83,2.96,3,3.2,949,-0.027663934,,,,,,,,,,
09/26/2022,SOFR,2.99,2.8,2.96,3,3.2,976,0.008264463,,,,,,,,,,
09/23/2022,SOFR,2.99,2.9,2.97,3.01,3.2,968,-0.053763441,,,,,,,,,,
09/22/2022,SOFR,2.99,2.26,2.97,3.01,3.13,1023,0.075709779,,,,,,,,,,
09/21/2022,SOFR,2.25,2.12,2.23,2.27,2.45,951,-0.016546019,,,,,,,,,,
09/20/2022,SOFR,2.26,2.05,2.24,2.28,2.45,967,0.020042194,,,,,,,,,,
09/19/2022,SOFR,2.27,2.15,2.25,2.3,2.45,948,-0.004201681,,,,,,,,,,
09/16/2022,SOFR,2.27,2.1,2.25,2.3,2.45,952,-0.029561672,,,,,,,,,,
09/15/2022,SOFR,2.28,2.18,2.26,2.3,2.45,981,0.031545741,,,,,,,,,,
09/14/2022,SOFR,2.27,2.2,2.25,2.3,2.45,951,-0.006269592,,,,,,,,,,
09/13/2022,SOFR,2.28,2.18,2.26,2.3,2.45,957,-0.023469388,,,,,,,,,,
09/12/2022,SOFR,2.28,2.2,2.26,2.3,2.45,980,0.022964509,,,,,,,,,,
09/09/2022,SOFR,2.28,2.2,2.26,2.3,2.45,958,-0.023445464,,,,,,,,,,
09/08/2022,SOFR,2.28,2.18,2.26,2.3,2.45,981,0.024008351,,,,,,,,,,
09/07/2022,SOFR,2.28,2.19,2.26,2.3,2.45,958,-0.031344793,,,,,,,,,,
09/06/2022,SOFR,2.29,2.18,2.26,2.3,2.45,989,0.024870466,,,,,,,,,,
09/02/2022,SOFR,2.29,2.19,2.26,2.31,2.45,965,-0.014300306,,,,,,,,,,
09/01/2022,SOFR,2.29,2.2,2.26,2.31,2.45,979,-0.043945313,,,,,,,,,,
08/31/2022,SOFR,2.29,2.15,2.26,2.31,2.45,1024,0.080168776,,,,,,,,,,
08/30/2022,SOFR,2.29,2.2,2.26,2.3,2.45,948,-0.015576324,,,,,,,,,,
08/29/2022,SOFR,2.28,2.19,2.25,2.3,2.45,963,0.010493179,,,,,,,,,,
08/26/2022,SOFR,2.28,2.2,2.25,2.3,2.45,953,-0.017525773,,,,,,,,,,
08/25/2022,SOFR,2.28,2.2,2.25,2.3,2.45,970,0.001031992,,,,,,,,,,
08/24/2022,SOFR,2.27,2.18,2.25,2.3,2.45,969,0.017857143,,,,,,,,,,
08/23/2022,SOFR,2.27,2.18,2.25,2.3,2.45,952,-0.042253521,,,,,,,,,,
08/22/2022,SOFR,2.28,2.15,2.25,2.3,2.37,994,0.035416667,,,,,,,,,,
08/19/2022,SOFR,2.28,2.18,2.26,2.3,2.45,960,-0.01336074,,,,,,,,,,
08/18/2022,SOFR,2.28,2.18,2.26,2.3,2.45,973,0.007246377,,,,,,,,,,
08/17/2022,SOFR,2.29,2.19,2.26,2.3,2.45,966,-0.008213552,,,,,,,,,,
08/16/2022,SOFR,2.29,2.2,2.26,2.31,2.45,974,-0.039447732,,,,,,,,,,
08/15/2022,SOFR,2.29,2.19,2.26,2.31,2.45,1014,0.049689441,,,,,,,,,,
08/12/2022,SOFR,2.28,2.19,2.26,2.3,2.45,966,0.001036269,,,,,,,,,,
08/11/2022,SOFR,2.28,2.18,2.26,2.3,2.45,965,-0.005154639,,,,,,,,,,
08/10/2022,SOFR,2.28,2.19,2.26,2.3,2.45,970,0.024287223,,,,,,,,,,
08/09/2022,SOFR,2.29,2.2,2.26,2.3,2.45,947,-0.003157895,,,,,,,,,,
08/08/2022,SOFR,2.28,2.19,2.26,2.3,2.45,950,-0.015544041,,,,,,,,,,
08/05/2022,SOFR,2.28,2.19,2.26,2.3,2.45,965,-0.016309888,,,,,,,,,,
08/04/2022,SOFR,2.29,2.2,2.26,2.3,2.45,981,-0.00304878,,,,,,,,,,
08/03/2022,SOFR,2.29,2.18,2.26,2.31,2.45,984,-0.030541872,,,,,,,,,,
08/02/2022,SOFR,2.3,2.2,2.27,2.32,2.37,1015,-0.019323671,,,,,,,,,,
08/01/2022,SOFR,2.28,2.18,2.25,2.3,2.38,1035,0.090621707,,,,,,,,,,
07/29/2022,SOFR,2.27,2.19,2.25,2.29,2.45,949,-0.016580311,,,,,,,,,,
07/28/2022,SOFR,2.28,1.55,2.25,2.3,2.45,965,0.025504782,,,,,,,,,,
07/27/2022,SOFR,1.53,1.4,1.5,1.55,1.7,941,-0.010515247,,,,,,,,,,
07/26/2022,SOFR,1.53,1.45,1.5,1.55,1.7,951,-0.034517766,,,,,,,,,,
07/25/2022,SOFR,1.53,1.41,1.5,1.55,1.7,985,0.058002148,,,,,,,,,,
07/22/2022,SOFR,1.52,1.45,1.5,1.54,1.7,931,-0.030208333,,,,,,,,,,
07/21/2022,SOFR,1.53,1.2,1.5,1.55,1.7,960,0.048034934,,,,,,,,,,
07/20/2022,SOFR,1.53,1.43,1.5,1.55,1.7,916,-0.018220793,,,,,,,,,,
07/19/2022,SOFR,1.54,1.45,1.51,1.55,1.7,933,-0.014783527,,,,,,,,,,
07/18/2022,SOFR,1.54,1.45,1.51,1.55,1.7,947,-0.003157895,,,,,,,,,,
07/15/2022,SOFR,1.54,1.45,1.51,1.55,1.7,950,0.017130621,,,,,,,,,,
07/14/2022,SOFR,1.53,1.45,1.5,1.55,1.7,934,0.010822511,,,,,,,,,,
07/13/2022,SOFR,1.53,1.44,1.5,1.55,1.7,924,-0.018065887,,,,,,,,,,
07/12/2022,SOFR,1.54,1.45,1.5,1.55,1.7,941,0.011827957,,,,,,,,,,
07/11/2022,SOFR,1.53,1.44,1.5,1.55,1.7,930,-0.012738854,,,,,,,,,,
07/08/2022,SOFR,1.53,1,1.5,1.55,1.7,942,-0.02484472,,,,,,,,,,
07/07/2022,SOFR,1.54,1.45,1.5,1.55,1.7,966,0,,,,,,,,,,
07/06/2022,SOFR,1.54,1.45,1.5,1.55,1.7,966,-0.07293666,,,,,,,,,,
07/05/2022,SOFR,1.54,1.4,1.5,1.55,1.65,1042,0.040959041,,,,,,,,,,
07/01/2022,SOFR,1.52,1.43,1.48,1.55,1.7,1001,0.006030151,,,,,,,,,,
06/30/2022,SOFR,1.5,0.75,1.47,1.53,1.62,995,0.058510638,,,,,,,,,,
06/29/2022,SOFR,1.51,1.42,1.48,1.54,1.7,940,0.011840689,,,,,,,,,,
06/28/2022,SOFR,1.52,1.42,1.48,1.55,1.7,929,-0.016931217,,,,,,,,,,
06/27/2022,SOFR,1.5,1.4,1.47,1.54,1.7,945,0.020518359,,,,,,,,,,
06/24/2022,SOFR,1.46,1.38,1.43,1.5,1.7,926,-0.019067797,,,,,,,,,,
06/23/2022,SOFR,1.44,1.35,1.42,1.48,1.7,944,0.002123142,,,,,,,,,,
06/22/2022,SOFR,1.45,1.37,1.43,1.49,1.7,942,-0.015673981,,,,,,,,,,
06/21/2022,SOFR,1.45,1,1.43,1.48,1.7,957,0.036836403,,,,,,,,,,
06/17/2022,SOFR,1.45,1.38,1.43,1.49,1.7,923,-0.054303279,,,,,,,,,,
06/16/2022,SOFR,1.45,1,1.42,1.49,1.7,976,0.06434024,,,,,,,,,,
06/15/2022,SOFR,0.7,0.63,0.68,0.75,0.95,917,-0.008648649,,,,,,,,,,
06/14/2022,SOFR,0.69,0.6,0.67,0.75,0.95,925,-0.046391753,,,,,,,,,,
06/13/2022,SOFR,0.73,0.65,0.71,0.78,0.95,970,0.010416667,,,,,,,,,,
06/10/2022,SOFR,0.75,0.6,0.73,0.79,0.95,960,-0.025380711,,,,,,,,,,
06/09/2022,SOFR,0.75,0.65,0.74,0.8,0.95,985,0.027111575,,,,,,,,,,
06/08/2022,SOFR,0.76,0.7,0.74,0.8,0.95,959,0.012671595,,,,,,,,,,
06/07/2022,SOFR,0.77,0.7,0.75,0.8,0.95,947,-0.012513034,,,,,,,,,,
06/06/2022,SOFR,0.78,0.72,0.76,0.8,0.95,959,0.00524109,,,,,,,,,,
06/03/2022,SOFR,0.78,0.73,0.76,0.8,0.95,954,-0.020533881,,,,,,,,,,
06/02/2022,SOFR,0.79,0.7,0.77,0.8,0.95,974,-0.020120724,,,,,,,,,,
06/01/2022,SOFR,0.8,0.73,0.77,0.8,0.95,994,-0.044230769,,,,,,,,,,
05/31/2022,SOFR,0.79,0.71,0.77,0.8,0.87,1040,0.079958463,,,,,,,,,,
05/27/2022,SOFR,0.78,0.72,0.76,0.8,0.95,963,0.008376963,,,,,,,,,,
05/26/2022,SOFR,0.78,0.7,0.76,0.8,0.95,955,0.013800425,,,,,,,,,,
05/25/2022,SOFR,0.78,0.72,0.76,0.8,0.95,942,-0.026859504,,,,,,,,,,
05/24/2022,SOFR,0.78,0.72,0.76,0.8,0.95,968,-0.016260163,,,,,,,,,,
05/23/2022,SOFR,0.78,0.71,0.76,0.8,0.95,984,0.043478261,,,,,,,,,,
05/20/2022,SOFR,0.78,0.71,0.76,0.8,0.95,943,-0.039714868,,,,,,,,,,
05/19/2022,SOFR,0.79,0.71,0.77,0.8,0.95,982,0.045793397,,,,,,,,,,
05/18/2022,SOFR,0.79,0.73,0.77,0.8,0.95,939,-0.038894575,,,,,,,,,,
05/17/2022,SOFR,0.8,0.7,0.78,0.81,0.95,977,-0.035538006,,,,,,,,,,
05/16/2022,SOFR,0.8,0.65,0.78,0.81,0.87,1013,0.104689204,,,,,,,,,,
05/13/2022,SOFR,0.79,0.71,0.77,0.8,0.95,917,-0.005422993,,,,,,,,,,
05/12/2022,SOFR,0.79,0.71,0.77,0.8,0.95,922,-0.003243243,,,,,,,,,,
05/11/2022,SOFR,0.78,0.72,0.76,0.8,0.95,925,0.012035011,,,,,,,,,,
05/10/2022,SOFR,0.78,0.72,0.76,0.8,0.95,914,-0.018259936,,,,,,,,,,
05/09/2022,SOFR,0.78,0.72,0.76,0.8,0.95,931,-0.049029622,,,,,,,,,,
05/06/2022,SOFR,0.78,0.72,0.76,0.8,0.95,979,-0.013104839,,,,,,,,,,
05/05/2022,SOFR,0.79,0.72,0.77,0.8,0.86,992,0.047518479,,,,,,,,,,
05/04/2022,SOFR,0.3,0.22,0.27,0.3,0.45,947,0.026002167,,,,,,,,,,
05/03/2022,SOFR,0.3,0.23,0.28,0.3,0.45,923,-0.06199187,,,,,,,,,,
05/02/2022,SOFR,0.3,0.23,0.27,0.3,0.45,984,0.075409836,,,,,,,,,,
04/29/2022,SOFR,0.28,0.1,0.26,0.3,0.45,915,0.025784753,,,,,,,,,,
04/28/2022,SOFR,0.28,0.21,0.26,0.3,0.45,892,0.011337868,,,,,,,,,,
04/27/2022,SOFR,0.28,0.21,0.26,0.3,0.45,882,-0.016722408,,,,,,,,,,
04/26/2022,SOFR,0.27,0.2,0.25,0.3,0.45,897,-0.001113586,,,,,,,,,,
04/25/2022,SOFR,0.27,0.15,0.25,0.3,0.45,898,-0.003329634,,,,,,,,,,
04/22/2022,SOFR,0.27,0.2,0.24,0.3,0.45,901,-0.005518764,,,,,,,,,,
04/21/2022,SOFR,0.26,0.19,0.23,0.3,0.45,906,-0.006578947,,,,,,,,,,
04/20/2022,SOFR,0.27,0.2,0.24,0.3,0.45,912,0.018994413,,,,,,,,,,
04/19/2022,SOFR,0.28,0.21,0.26,0.3,0.45,895,-0.001116071,,,,,,,,,,
04/18/2022,SOFR,0.29,0.1,0.27,0.3,0.45,896,0.011286682,,,,,,,,,,
04/14/2022,SOFR,0.29,0.21,0.27,0.3,0.45,886,0.013729977,,,,,,,,,,
04/13/2022,SOFR,0.29,0.21,0.27,0.3,0.45,874,-0.010192525,,,,,,,,,,
04/12/2022,SOFR,0.29,0.21,0.27,0.3,0.45,883,-0.003386005,,,,,,,,,,
04/11/2022,SOFR,0.3,0.21,0.27,0.3,0.45,886,-0.020994475,,,,,,,,,,
04/08/2022,SOFR,0.3,0.21,0.27,0.3,0.45,905,-0.001103753,,,,,,,,,,
04/07/2022,SOFR,0.3,0.21,0.27,0.3,0.45,906,0.001104972,,,,,,,,,,
04/06/2022,SOFR,0.3,0.22,0.27,0.3,0.45,905,-0.02583423,,,,,,,,,,
04/05/2022,SOFR,0.3,0.22,0.27,0.3,0.45,929,-0.011702128,,,,,,,,,,
04/04/2022,SOFR,0.3,0.22,0.27,0.3,0.45,940,-0.034907598,,,,,,,,,,
04/01/2022,SOFR,0.3,0.21,0.27,0.3,0.45,974,-0.005107252,,,,,,,,,,
03/31/2022,SOFR,0.29,0.2,0.26,0.3,0.45,979,0.087777778,,,,,,,,,,
03/30/2022,SOFR,0.27,0.2,0.24,0.3,0.45,900,0.029748284,,,,,,,,,,
03/29/2022,SOFR,0.28,0.2,0.25,0.3,0.45,874,-0.027808676,,,,,,,,,,
03/28/2022,SOFR,0.28,0.2,0.25,0.3,0.45,899,-0.002219756,,,,,,,,,,
03/25/2022,SOFR,0.28,0.2,0.25,0.3,0.45,901,0.001111111,,,,,,,,,,
03/24/2022,SOFR,0.27,0.2,0.24,0.3,0.45,900,-0.008810573,,,,,,,,,,
03/23/2022,SOFR,0.27,0.15,0.24,0.3,0.45,908,-0.024704619,,,,,,,,,,
03/22/2022,SOFR,0.28,0.21,0.25,0.3,0.45,931,-0.058645096,,,,,,,,,,
03/21/2022,SOFR,0.29,0.22,0.26,0.3,0.45,989,0.021694215,,,,,,,,,,
03/18/2022,SOFR,0.3,0.23,0.26,0.3,0.45,968,-0.034895314,,,,,,,,,,
03/17/2022,SOFR,0.3,0.23,0.27,0.3,0.37,1003,-0.012795276,,,,,,,,,,
03/16/2022,SOFR,0.05,0,0.03,0.05,0.12,1016,0.001972387,,,,,,,,,,
03/15/2022,SOFR,0.05,0,0.03,0.05,0.15,1014,0.034693878,,,,,,,,,,
03/14/2022,SOFR,0.05,0,0.02,0.05,0.15,980,0,,,,,,,,,,
03/11/2022,SOFR,0.05,0,0.03,0.05,0.15,980,0.003070624,,,,,,,,,,
03/10/2022,SOFR,0.05,0,0.03,0.05,0.15,977,0.026260504,,,,,,,,,,
03/09/2022,SOFR,0.05,0.01,0.05,0.06,0.15,952,0.004219409,,,,,,,,,,
03/08/2022,SOFR,0.05,0.01,0.05,0.06,0.15,948,-0.042424242,,,,,,,,,,
03/07/2022,SOFR,0.05,0.01,0.05,0.06,0.15,990,0.030176899,,,,,,,,,,
03/04/2022,SOFR,0.05,0.01,0.05,0.06,0.15,961,-0.03996004,,,,,,,,,,
03/03/2022,SOFR,0.05,0.01,0.05,0.06,0.15,1001,-0.021505376,,,,,,,,,,
03/02/2022,SOFR,0.05,0.01,0.05,0.06,0.13,1023,-0.036723164,,,,,,,,,,
03/01/2022,SOFR,0.05,0.01,0.05,0.06,0.12,1062,0.009505703,,,,,,,,,,
02/28/2022,SOFR,0.05,0.01,0.05,0.07,0.13,1052,0.093555094,,,,,,,,,,
02/25/2022,SOFR,0.05,0,0.04,0.06,0.15,962,0.041125541,,,,,,,,,,
02/24/2022,SOFR,0.05,-0.01,0.03,0.05,0.15,924,0.024390244,,,,,,,,,,
02/23/2022,SOFR,0.05,-0.01,0.03,0.05,0.15,902,-0.030107527,,,,,,,,,,
02/22/2022,SOFR,0.05,-0.01,0.03,0.05,0.15,930,-0.001074114,,,,,,,,,,
02/18/2022,SOFR,0.05,-0.01,0.03,0.05,0.15,931,0.021953897,,,,,,,,,,
02/17/2022,SOFR,0.05,0,0.03,0.05,0.15,911,-0.051041667,,,,,,,,,,
02/16/2022,SOFR,0.05,-0.01,0.03,0.05,0.15,960,-0.012345679,,,,,,,,,,
02/15/2022,SOFR,0.05,0,0.03,0.05,0.15,972,0.08603352,,,,,,,,,,
02/14/2022,SOFR,0.05,-0.01,0.02,0.05,0.15,895,-0.008859358,,,,,,,,,,
02/11/2022,SOFR,0.05,-0.01,0.02,0.05,0.15,903,-0.012035011,,,,,,,,,,
02/10/2022,SOFR,0.05,-0.02,0.01,0.05,0.15,914,0.003293085,,,,,,,,,,
02/09/2022,SOFR,0.04,-0.02,0.01,0.05,0.15,911,0.016741071,,,,,,,,,,
02/08/2022,SOFR,0.05,-0.02,0.01,0.05,0.15,896,-0.009944751,,,,,,,,,,
02/07/2022,SOFR,0.05,-0.01,0.02,0.05,0.15,905,0.015712682,,,,,,,,,,
02/04/2022,SOFR,0.05,0,0.03,0.05,0.15,891,-0.047058824,,,,,,,,,,
02/03/2022,SOFR,0.05,0,0.03,0.05,0.15,935,0.008629989,,,,,,,,,,
02/02/2022,SOFR,0.05,0,0.03,0.05,0.15,927,-0.058883249,,,,,,,,,,
02/01/2022,SOFR,0.05,0,0.03,0.05,0.15,985,-0.033366045,,,,,,,,,,
01/31/2022,SOFR,0.05,-0.01,0.02,0.05,0.12,1019,0.122246696,,,,,,,,,,
01/28/2022,SOFR,0.05,-0.02,0.01,0.05,0.15,908,-0.005476451,,,,,,,,,,
01/27/2022,SOFR,0.04,-0.02,0.02,0.05,0.15,913,-0.014038877,,,,,,,,,,
01/26/2022,SOFR,0.04,-0.02,0.02,0.05,0.15,926,-0.018027572,,,,,,,,,,
01/25/2022,SOFR,0.05,-0.03,0.01,0.05,0.15,943,0.064334086,,,,,,,,,,
01/24/2022,SOFR,0.04,-0.03,0.01,0.05,0.15,886,0.012571429,,,,,,,,,,
01/21/2022,SOFR,0.05,-0.02,0.01,0.05,0.15,875,-0.05609493,,,,,,,,,,
01/20/2022,SOFR,0.04,-0.02,0.02,0.05,0.15,927,0.010905125,,,,,,,,,,
01/19/2022,SOFR,0.05,-0.01,0.02,0.05,0.15,917,-0.038784067,,,,,,,,,,
01/18/2022,SOFR,0.05,-0.01,0.03,0.05,0.15,954,0.091533181,,,,,,,,,,
01/14/2022,SOFR,0.05,-0.02,0.02,0.05,0.15,874,-0.020179372,,,,,,,,,,
01/13/2022,SOFR,0.05,-0.01,0.02,0.05,0.15,892,0.001122334,,,,,,,,,,
01/12/2022,SOFR,0.05,-0.01,0.03,0.05,0.15,891,-0.047058824,,,,,,,,,,
01/11/2022,SOFR,0.05,-0.01,0.03,0.05,0.15,935,0.017410229,,,,,,,,,,
01/10/2022,SOFR,0.05,-0.01,0.03,0.05,0.15,919,-0.010764263,,,,,,,,,,
01/07/2022,SOFR,0.05,0,0.04,0.05,0.15,929,-0.013800425,,,,,,,,,,
01/06/2022,SOFR,0.05,0,0.04,0.06,0.15,942,-0.00422833,,,,,,,,,,
01/05/2022,SOFR,0.05,0,0.04,0.06,0.15,946,-0.030737705,,,,,,,,,,
01/04/2022,SOFR,0.05,0,0.05,0.06,0.15,976,0.004115226,,,,,,,,,,
01/03/2022,SOFR,0.05,-0.01,0.04,0.06,0.15,972,0.053087757,,,,,,,,,,
12/31/2021,SOFR,0.05,-0.01,0.03,0.05,0.15,923,0.104066986,,,,,,,,,,
12/30/2021,SOFR,0.05,-0.02,0.02,0.05,0.15,836,-0.037974684,,,,,,,,,,
12/29/2021,SOFR,0.05,-0.02,0.02,0.05,0.15,869,0.029620853,,,,,,,,,,
12/28/2021,SOFR,0.05,-0.01,0.03,0.05,0.15,844,-0.04954955,,,,,,,,,,
12/27/2021,SOFR,0.05,-0.02,0.02,0.05,0.15,888,0.009090909,,,,,,,,,,
12/23/2021,SOFR,0.05,-0.01,0.03,0.05,0.15,880,-0.014557671,,,,,,,,,,
12/22/2021,SOFR,0.05,-0.02,0.02,0.05,0.15,893,-0.003348214,,,,,,,,,,
12/21/2021,SOFR,0.05,-0.02,0.01,0.05,0.15,896,-0.009944751,,,,,,,,,,
12/20/2021,SOFR,0.04,-0.02,0.01,0.05,0.15,905,-0.005494505,,,,,,,,,,
12/17/2021,SOFR,0.05,-0.01,0.02,0.05,0.15,910,-0.004376368,,,,,,,,,,
12/16/2021,SOFR,0.05,-0.01,0.02,0.05,0.15,914,-0.046923879,,,,,,,,,,
12/15/2021,SOFR,0.05,-0.01,0.03,0.05,0.15,959,0.043525571,,,,,,,,,,
12/14/2021,SOFR,0.05,-0.01,0.03,0.05,0.15,919,-0.018162393,,,,,,,,,,
12/13/2021,SOFR,0.05,-0.01,0.03,0.05,0.15,936,0.018498368,,,,,,,,,,
12/10/2021,SOFR,0.05,0,0.04,0.06,0.15,919,-0.055498458,,,,,,,,,,
12/09/2021,SOFR,0.05,0,0.04,0.06,0.15,973,-0.005112474,,,,,,,,,,
12/08/2021,SOFR,0.05,0,0.05,0.06,0.15,978,-0.011122346,,,,,,,,,,
12/07/2021,SOFR,0.05,0,0.04,0.06,0.15,989,-0.005030181,,,,,,,,,,
12/06/2021,SOFR,0.05,0,0.04,0.06,0.14,994,-0.020689655,,,,,,,,,,
12/03/2021,SOFR,0.05,0,0.04,0.06,0.14,1015,-0.015518914,,,,,,,,,,
12/02/2021,SOFR,0.05,0,0.04,0.06,0.15,1031,-0.052389706,,,,,,,,,,
12/01/2021,SOFR,0.05,0,0.05,0.06,0.14,1088,0.01968135,,,,,,,,,,
11/30/2021,SOFR,0.05,0,0.04,0.06,0.13,1067,0.119622246,,,,,,,,,,
11/29/2021,SOFR,0.05,0,0.04,0.05,0.15,953,0.064804469,,,,,,,,,,
11/26/2021,SOFR,0.05,0,0.04,0.06,0.15,895,0.009019166,,,,,,,,,,
11/24/2021,SOFR,0.05,0,0.04,0.05,0.15,887,-0.035869565,,,,,,,,,,
11/23/2021,SOFR,0.05,-0.01,0.03,0.05,0.15,920,-0.010752688,,,,,,,,,,
11/22/2021,SOFR,0.05,-0.01,0.03,0.05,0.15,930,0.039106145,,,,,,,,,,
11/19/2021,SOFR,0.05,-0.01,0.03,0.05,0.15,895,-0.003340757,,,,,,,,,,
11/18/2021,SOFR,0.05,-0.01,0.03,0.05,0.15,898,0.005599104,,,,,,,,,,
11/17/2021,SOFR,0.05,-0.01,0.03,0.05,0.15,893,-0.033549784,,,,,,,,,,
11/16/2021,SOFR,0.05,-0.01,0.04,0.05,0.15,924,-0.035490605,,,,,,,,,,
11/15/2021,SOFR,0.05,0,0.04,0.05,0.15,958,0.103686636,,,,,,,,,,
11/12/2021,SOFR,0.05,0,0.04,0.05,0.15,868,-0.003444317,,,,,,,,,,
11/10/2021,SOFR,0.05,0,0.04,0.05,0.15,871,-0.040748899,,,,,,,,,,
11/09/2021,SOFR,0.05,0,0.04,0.05,0.15,908,0.001102536,,,,,,,,,,
11/08/2021,SOFR,0.05,0,0.04,0.05,0.15,907,0.036571429,,,,,,,,,,
11/05/2021,SOFR,0.05,0,0.04,0.05,0.15,875,-0.054054054,,,,,,,,,,
11/04/2021,SOFR,0.05,-0.01,0.04,0.05,0.15,925,0.054732041,,,,,,,,,,
11/03/2021,SOFR,0.05,0,0.04,0.05,0.15,877,-0.036263736,,,,,,,,,,
11/02/2021,SOFR,0.05,-0.01,0.04,0.05,0.15,910,-0.051094891,,,,,,,,,,
11/01/2021,SOFR,0.05,-0.02,0.03,0.05,0.15,959,0.132231405,,,,,,,,,,
10/29/2021,SOFR,0.05,-0.03,0.02,0.05,0.15,847,-0.027554535,,,,,,,,,,
10/28/2021,SOFR,0.05,-0.03,0.02,0.05,0.15,871,0.006936416,,,,,,,,,,
10/27/2021,SOFR,0.05,-0.03,0.02,0.05,0.15,865,-0.01368301,,,,,,,,,,
10/26/2021,SOFR,0.05,-0.03,0.02,0.05,0.15,877,0.022144522,,,,,,,,,,
10/25/2021,SOFR,0.04,-0.03,0.02,0.05,0.15,858,-0.005793743,,,,,,,,,,
10/22/2021,SOFR,0.05,-0.03,0.02,0.05,0.15,863,-0.018202503,,,,,,,,,,
10/21/2021,SOFR,0.03,-0.05,0,0.05,0.15,879,0.025670945,,,,,,,,,,
10/20/2021,SOFR,0.03,-0.04,0,0.05,0.15,857,-0.020571429,,,,,,,,,,
10/19/2021,SOFR,0.03,-0.03,0.01,0.05,0.15,875,-0.004550626,,,,,,,,,,
10/18/2021,SOFR,0.05,-0.02,0.01,0.05,0.15,879,-0.011248594,,,,,,,,,,
10/15/2021,SOFR,0.05,-0.01,0.02,0.05,0.15,889,0.018327606,,,,,,,,,,
10/14/2021,SOFR,0.05,-0.03,0.03,0.05,0.15,873,-0.037486218,,,,,,,,,,
10/13/2021,SOFR,0.05,-0.01,0.03,0.05,0.15,907,-0.019459459,,,,,,,,,,
10/12/2021,SOFR,0.05,-0.01,0.03,0.05,0.15,925,0.042841037,,,,,,,,,,
10/08/2021,SOFR,0.05,0,0.04,0.05,0.15,887,-0.026344676,,,,,,,,,,
10/07/2021,SOFR,0.05,0,0.04,0.05,0.15,911,0.009977827,,,,,,,,,,
10/06/2021,SOFR,0.05,0,0.04,0.05,0.15,902,-0.015283843,,,,,,,,,,
10/05/2021,SOFR,0.05,0,0.04,0.05,0.15,916,-0.00972973,,,,,,,,,,
10/04/2021,SOFR,0.05,0,0.04,0.05,0.15,925,-0.003232759,,,,,,,,,,
10/01/2021,SOFR,0.05,0,0.04,0.05,0.15,928,-0.01171459,,,,,,,,,,
09/30/2021,SOFR,0.05,-0.01,0.03,0.05,0.15,939,0.076834862,,,,,,,,,,
09/29/2021,SOFR,0.05,-0.02,0.03,0.05,0.15,872,-0.012457531,,,,,,,,,,
09/28/2021,SOFR,0.05,0,0.04,0.05,0.15,883,-0.047464941,,,,,,,,,,
09/27/2021,SOFR,0.05,0,0.04,0.05,0.15,927,0.034598214,,,,,,,,,,
09/24/2021,SOFR,0.05,0,0.04,0.05,0.15,896,0.020501139,,,,,,,,,,
09/23/2021,SOFR,0.05,0,0.03,0.05,0.15,878,-0.001137656,,,,,,,,,,
09/22/2021,SOFR,0.05,0,0.03,0.05,0.15,879,-0.016778523,,,,,,,,,,
09/21/2021,SOFR,0.05,0,0.03,0.05,0.15,894,-0.036637931,,,,,,,,,,
09/20/2021,SOFR,0.05,0,0.03,0.05,0.15,928,0.049773756,,,,,,,,,,
09/17/2021,SOFR,0.05,0.01,0.04,0.05,0.15,884,-0.02320442,,,,,,,,,,
09/16/2021,SOFR,0.05,0.02,0.05,0.05,0.15,905,-0.039278132,,,,,,,,,,
09/15/2021,SOFR,0.05,0.02,0.05,0.06,0.15,942,0.054871221,,,,,,,,,,
09/14/2021,SOFR,0.05,0.01,0.04,0.05,0.15,893,-0.02297593,,,,,,,,,,
09/13/2021,SOFR,0.05,0.01,0.05,0.05,0.15,914,0.025813692,,,,,,,,,,
09/10/2021,SOFR,0.05,0.02,0.05,0.06,0.15,891,-0.028353326,,,,,,,,,,
09/09/2021,SOFR,0.05,0.01,0.05,0.05,0.15,917,0.0234375,,,,,,,,,,
09/08/2021,SOFR,0.05,0.01,0.05,0.05,0.15,896,-0.051851852,,,,,,,,,,
09/07/2021,SOFR,0.05,0.01,0.05,0.06,0.15,945,0.070215176,,,,,,,,,,
09/03/2021,SOFR,0.05,0.02,0.05,0.06,0.15,883,-0.072478992,,,,,,,,,,
09/02/2021,SOFR,0.05,0.02,0.05,0.06,0.15,952,0.017094017,,,,,,,,,,
09/01/2021,SOFR,0.05,0.02,0.05,0.06,0.15,936,-0.017838405,,,,,,,,,,
08/31/2021,SOFR,0.05,0.02,0.05,0.06,0.15,953,0.076836158,,,,,,,,,,
08/30/2021,SOFR,0.05,0,0.04,0.05,0.15,885,-0.038043478,,,,,,,,,,
08/27/2021,SOFR,0.05,0,0.04,0.05,0.15,920,0.064814815,,,,,,,,,,
08/26/2021,SOFR,0.05,0.01,0.05,0.05,0.15,864,-0.052631579,,,,,,,,,,
08/25/2021,SOFR,0.05,0,0.04,0.05,0.15,912,-0.01191766,,,,,,,,,,
08/24/2021,SOFR,0.05,0,0.04,0.05,0.15,923,0.026696329,,,,,,,,,,
08/23/2021,SOFR,0.05,0,0.03,0.05,0.15,899,-0.003325942,,,,,,,,,,
08/20/2021,SOFR,0.05,0,0.03,0.05,0.15,902,-0.024864865,,,,,,,,,,
08/19/2021,SOFR,0.05,0,0.03,0.05,0.15,925,-0.010695187,,,,,,,,,,
08/18/2021,SOFR,0.05,0,0.04,0.05,0.15,935,0.033149171,,,,,,,,,,
08/17/2021,SOFR,0.05,0.01,0.05,0.05,0.15,905,-0.001103753,,,,,,,,,,
08/16/2021,SOFR,0.05,0.01,0.05,0.06,0.15,906,0.014557671,,,,,,,,,,
08/13/2021,SOFR,0.05,0,0.04,0.05,0.15,893,-0.01760176,,,,,,,,,,
08/12/2021,SOFR,0.05,0,0.04,0.05,0.15,909,0.005530973,,,,,,,,,,
08/11/2021,SOFR,0.05,0,0.04,0.05,0.15,904,0.045086705,,,,,,,,,,
08/10/2021,SOFR,0.05,0.01,0.04,0.05,0.15,865,-0.021493213,,,,,,,,,,
08/09/2021,SOFR,0.05,0.02,0.05,0.06,0.15,884,-0.007856341,,,,,,,,,,
08/06/2021,SOFR,0.05,0.02,0.05,0.06,0.15,891,-0.011098779,,,,,,,,,,
08/05/2021,SOFR,0.05,NA,NA,NA,NA,901,-0.02699784,,,,,,,,,,2
08/04/2021,SOFR,0.05,0.02,0.05,0.06,0.15,926,-0.049281314,,,,,,,,,,
08/03/2021,SOFR,0.05,0.02,0.05,0.06,0.15,974,-0.012170385,,,,,,,,,,
08/02/2021,SOFR,0.05,0.01,0.05,0.06,0.15,986,0.091915836,,,,,,,,,,
07/30/2021,SOFR,0.05,0,0.03,0.05,0.15,903,0.029646522,,,,,,,,,,
07/29/2021,SOFR,0.05,0.01,0.04,0.05,0.15,877,0.017401392,,,,,,,,,,
07/28/2021,SOFR,0.05,0.01,0.04,0.05,0.15,862,-0.013729977,,,,,,,,,,
07/27/2021,SOFR,0.05,0.01,0.04,0.05,0.15,874,-0.007945516,,,,,,,,,,
07/26/2021,SOFR,0.05,0.01,0.04,0.05,0.15,881,0.023228804,,,,,,,,,,
07/23/2021,SOFR,0.05,0.01,0.04,0.05,0.15,861,0.014134276,,,,,,,,,,
07/22/2021,SOFR,0.05,0.01,0.04,0.05,0.15,849,-0.070098576,,,,,,,,,,
07/21/2021,SOFR,0.05,0,0.03,0.05,0.15,913,0.067836257,,,,,,,,,,
07/20/2021,SOFR,0.05,0.01,0.04,0.05,0.15,855,-0.037162162,,,,,,,,,,
07/19/2021,SOFR,0.05,0,0.03,0.05,0.15,888,0.027777778,,,,,,,,,,
07/16/2021,SOFR,0.05,0.02,0.04,0.05,0.15,864,-0.073954984,,,,,,,,,,
07/15/2021,SOFR,0.05,0.02,0.05,0.06,0.15,933,0.02753304,,,,,,,,,,
07/14/2021,SOFR,0.05,0,0.04,0.05,0.15,908,0.037714286,,,,,,,,,,
07/13/2021,SOFR,0.05,0.01,0.04,0.05,0.15,875,0.023391813,,,,,,,,,,
07/12/2021,SOFR,0.05,0.01,0.04,0.05,0.15,855,-0.061470911,,,,,,,,,,
07/09/2021,SOFR,0.05,0,0.04,0.05,0.15,911,0.042334096,,,,,,,,,,
07/08/2021,SOFR,0.05,0.01,0.05,0.06,0.15,874,-0.034254144,,,,,,,,,,
07/07/2021,SOFR,0.05,0,0.05,0.06,0.15,905,-0.031049251,,,,,,,,,,
07/06/2021,SOFR,0.05,0,0.05,0.06,0.15,934,0.026373626,,,,,,,,,,
07/02/2021,SOFR,0.05,0,0.05,0.06,0.15,910,-0.029850746,,,,,,,,,,
07/01/2021,SOFR,0.05,0,0.04,0.06,0.15,938,0.076923077,,,,,,,,,,
06/30/2021,SOFR,0.05,-0.02,0.03,0.05,0.15,871,0.024705882,,,,,,,,,,
06/29/2021,SOFR,0.05,-0.02,0.02,0.05,0.15,850,-0.003516999,,,,,,,,,,
06/28/2021,SOFR,0.05,-0.01,0.04,0.05,0.15,853,0.003529412,,,,,,,,,,
06/25/2021,SOFR,0.05,0,0.04,0.06,0.15,850,-0.020737327,,,,,,,,,,
06/24/2021,SOFR,0.05,-0.01,0.04,0.05,0.15,868,0.039520958,,,,,,,,,,
06/23/2021,SOFR,0.05,-0.02,0.03,0.05,0.15,835,-0.059684685,,,,,,,,,,
06/22/2021,SOFR,0.05,-0.01,0.03,0.05,0.15,888,-0.006711409,,,,,,,,,,
06/21/2021,SOFR,0.05,0,0.03,0.05,0.15,894,-0.029315961,,,,,,,,,,
06/18/2021,SOFR,0.05,0,0.04,0.06,0.15,921,-0.077154309,,,,,,,,,,
06/17/2021,SOFR,0.05,0,0.04,0.06,0.15,998,0.108888889,,,,,,,,,,
06/16/2021,SOFR,0.01,-0.02,0,0.01,0.15,900,-0.005524862,,,,,,,,,,
06/15/2021,SOFR,0.01,-0.02,0,0.01,0.15,905,0.031927024,,,,,,,,,,
06/14/2021,SOFR,0.01,-0.04,0,0.01,0.15,877,0.051558753,,,,,,,,,,
06/11/2021,SOFR,0.01,-0.02,0,0.01,0.15,834,-0.077433628,,,,,,,,,,
06/10/2021,SOFR,0.01,-0.02,0.01,0.01,0.15,904,0.008928571,,,,,,,,,,
06/09/2021,SOFR,0.01,-0.03,0,0.01,0.15,896,0,,,,,,,,,,
06/08/2021,SOFR,0.01,-0.03,0,0.01,0.15,896,-0.027144408,,,,,,,,,,
06/07/2021,SOFR,0.01,-0.03,0,0.01,0.15,921,0.025612472,,,,,,,,,,
06/04/2021,SOFR,0.01,-0.02,0.01,0.01,0.15,898,-0.005537099,,,,,,,,,,
06/03/2021,SOFR,0.01,-0.02,0.01,0.01,0.15,903,-0.052465897,,,,,,,,,,
06/02/2021,SOFR,0.01,-0.03,0.01,0.01,0.15,953,-0.024564995,,,,,,,,,,
06/01/2021,SOFR,0.01,-0.03,0,0.01,0.15,977,0.125576037,,,,,,,,,,
05/28/2021,SOFR,0.01,-0.05,-0.01,0.01,0.15,868,-0.010262258,,,,,,,,,,
05/27/2021,SOFR,0.01,-0.05,-0.01,0.01,0.15,877,0.009205984,,,,,,,,,,
05/26/2021,SOFR,0.01,-0.05,-0.01,0.01,0.15,869,-0.009122007,,,,,,,,,,
05/25/2021,SOFR,0.01,-0.05,-0.01,0.01,0.15,877,0.022144522,,,,,,,,,,
05/24/2021,SOFR,0.01,-0.05,-0.01,0.01,0.15,858,0.001166861,,,,,,,,,,
05/21/2021,SOFR,0.01,-0.05,-0.01,0.01,0.15,857,-0.017201835,,,,,,,,,,
05/20/2021,SOFR,0.01,-0.04,0,0.01,0.15,872,-0.021324355,,,,,,,,,,
05/19/2021,SOFR,0.01,-0.04,0,0.01,0.15,891,0.003378378,,,,,,,,,,
05/18/2021,SOFR,0.01,-0.03,0,0.01,0.15,888,-0.015521064,,,,,,,,,,
05/17/2021,SOFR,0.01,-0.03,0,0.01,0.15,902,0.042774566,,,,,,,,,,
05/14/2021,SOFR,0.01,-0.04,-0.01,0.01,0.15,865,0.005813953,,,,,,,,,,
05/13/2021,SOFR,0.01,-0.03,0,0.01,0.15,860,-0.039106145,,,,,,,,,,
05/12/2021,SOFR,0.01,-0.03,0,0.01,0.15,895,0.034682081,,,,,,,,,,
05/11/2021,SOFR,0.01,-0.02,0.01,0.01,0.15,865,-0.004602992,,,,,,,,,,
05/10/2021,SOFR,0.01,-0.02,0.01,0.01,0.15,869,0,,,,,,,,,,
05/07/2021,SOFR,0.01,-0.02,0.01,0.01,0.15,869,-0.01585504,,,,,,,,,,
05/06/2021,SOFR,0.01,-0.02,0.01,0.01,0.15,883,0.049940547,,,,,,,,,,
05/05/2021,SOFR,0.01,-0.02,0.01,0.01,0.15,841,-0.060335196,,,,,,,,,,
05/04/2021,SOFR,0.01,-0.02,0.01,0.01,0.15,895,-0.037634409,,,,,,,,,,
05/03/2021,SOFR,0.01,-0.02,0.01,0.01,0.15,930,0.006493506,,,,,,,,,,
04/30/2021,SOFR,0.01,-0.02,0,0.01,0.15,924,0.102625298,,,,,,,,,,
04/29/2021,SOFR,0.01,-0.03,0,0.01,0.15,838,-0.010625738,,,,,,,,,,
04/28/2021,SOFR,0.01,-0.03,0,0.01,0.15,847,-0.036405006,,,,,,,,,,
04/27/2021,SOFR,0.01,-0.03,0,0.01,0.15,879,0.004571429,,,,,,,,,,
04/26/2021,SOFR,0.01,-0.03,0,0.01,0.15,875,0.004592423,,,,,,,,,,
04/23/2021,SOFR,0.01,-0.02,0,0.01,0.15,871,0.001149425,,,,,,,,,,
04/22/2021,SOFR,0.01,-0.02,0,0.01,0.15,870,-0.013605442,,,,,,,,,,
04/21/2021,SOFR,0.01,-0.03,0,0.01,0.15,882,-0.015625,,,,,,,,,,
04/20/2021,SOFR,0.01,-0.03,0,0.01,0.15,896,-0.025027203,,,,,,,,,,
04/19/2021,SOFR,0.01,-0.03,0,0.01,0.15,919,0.006571742,,,,,,,,,,
04/16/2021,SOFR,0.01,-0.02,0,0.01,0.15,913,-0.016163793,,,,,,,,,,
04/15/2021,SOFR,0.01,-0.02,0.01,0.01,0.15,928,0.050962627,,,,,,,,,,
04/14/2021,SOFR,0.01,-0.03,0,0.01,0.15,883,-0.012304251,,,,,,,,,,
04/13/2021,SOFR,0.01,-0.02,0,0.01,0.15,894,0.035921205,,,,,,,,,,
04/12/2021,SOFR,0.01,-0.02,0,0.01,0.15,863,-0.00461361,,,,,,,,,,
04/09/2021,SOFR,0.01,-0.02,0,0.01,0.15,867,-0.032366071,,,,,,,,,,
04/08/2021,SOFR,0.01,-0.01,0.01,0.01,0.15,896,-0.03030303,,,,,,,,,,
04/07/2021,SOFR,0.01,0,0.01,0.02,0.15,924,-0.056179775,,,,,,,,,,
04/06/2021,SOFR,0.01,0,0.01,0.04,0.15,979,-0.006091371,,,,,,,,,,
04/05/2021,SOFR,0.01,0,0.01,0.04,0.15,985,-0.004044489,,,,,,,,,,
04/01/2021,SOFR,0.01,0,0.01,0.03,0.15,989,0.062298604,,,,,,,,,,
03/31/2021,SOFR,0.01,-0.02,0,0.01,0.15,931,0.152227723,,,,,,,,,,
03/30/2021,SOFR,0.01,-0.02,0.01,0.02,0.15,808,-0.058275058,,,,,,,,,,
03/29/2021,SOFR,0.01,0,0.01,0.03,0.15,858,-0.071428571,,,,,,,,,,
03/26/2021,SOFR,0.01,0,0.01,0.03,0.15,924,-0.033472803,,,,,,,,,,
03/25/2021,SOFR,0.01,0,0.01,0.03,0.15,956,0.068156425,,,,,,,,,,
03/24/2021,SOFR,0.01,-0.01,0.01,0.01,0.15,895,-0.001116071,,,,,,,,,,
03/23/2021,SOFR,0.01,-0.03,0,0.01,0.15,896,0.031070196,,,,,,,,,,
03/22/2021,SOFR,0.01,-0.05,0,0.01,0.15,869,0.004624277,,,,,,,,,,
03/19/2021,SOFR,0.01,-0.04,0,0.01,0.15,865,-0.003456221,,,,,,,,,,
03/18/2021,SOFR,0.01,-0.03,0.01,0.01,0.15,868,-0.016987542,,,,,,,,,,
03/17/2021,SOFR,0.01,-0.01,0.01,0.01,0.15,883,-0.033916849,,,,,,,,,,
03/16/2021,SOFR,0.01,-0.01,0.01,0.01,0.15,914,0.017817372,,,,,,,,,,
03/15/2021,SOFR,0.01,0,0.01,0.02,0.15,898,0.010123735,,,,,,,,,,
03/12/2021,SOFR,0.01,-0.03,0,0.01,0.15,889,0.005656109,,,,,,,,,,
03/11/2021,SOFR,0.01,-0.01,0.01,0.03,0.15,884,-0.032822757,,,,,,,,,,
03/10/2021,SOFR,0.02,0,0.01,0.04,0.15,914,0,,,,,,,,,,
03/09/2021,SOFR,0.02,0,0.01,0.03,0.15,914,-0.015086207,,,,,,,,,,
03/08/2021,SOFR,0.02,0,0.01,0.04,0.15,928,-0.005359057,,,,,,,,,,
03/05/2021,SOFR,0.02,0,0.01,0.03,0.15,933,-0.003205128,,,,,,,,,,
03/04/2021,SOFR,0.02,0.01,0.01,0.04,0.15,936,0.043478261,,,,,,,,,,
03/03/2021,SOFR,0.04,0.02,0.03,0.06,0.15,897,-0.056782334,,,,,,,,,,
03/02/2021,SOFR,0.04,0.01,0.02,0.05,0.15,951,-0.037449393,,,,,,,,,,
03/01/2021,SOFR,0.02,0,0.01,0.04,0.15,988,0.11136108,,,,,,,,,,
02/26/2021,SOFR,0.01,-0.02,0.01,0.01,0.15,889,-0.0078125,,,,,,,,,,
02/25/2021,SOFR,0.03,0.01,0.02,0.05,0.15,896,0.029885057,,,,,,,,,,
02/24/2021,SOFR,0.02,0.01,0.01,0.04,0.15,870,-0.051254089,,,,,,,,,,
02/23/2021,SOFR,0.01,0,0.01,0.03,0.15,917,0.06627907,,,,,,,,,,
02/22/2021,SOFR,0.03,0.01,0.02,0.04,0.15,860,-0.01489118,,,,,,,,,,
02/19/2021,SOFR,0.02,0.01,0.01,0.04,0.15,873,0.001146789,,,,,,,,,,
02/18/2021,SOFR,0.03,0.02,0.02,0.05,0.15,872,-0.088819227,,,,,,,,,,
02/17/2021,SOFR,0.06,0.03,0.05,0.08,0.15,957,0.024625268,,,,,,,,,,
02/16/2021,SOFR,0.06,0.04,0.05,0.08,0.15,934,0.049438202,,,,,,,,,,
02/12/2021,SOFR,0.05,0.02,0.03,0.07,0.15,890,-0.001122334,,,,,,,,,,
02/11/2021,SOFR,0.06,0.03,0.04,0.08,0.15,891,0.007918552,,,,,,,,,,
02/10/2021,SOFR,0.06,0.04,0.05,0.09,0.15,884,-0.018867925,,,,,,,,,,
02/09/2021,SOFR,0.05,0.03,0.03,0.07,0.15,901,-0.020652174,,,,,,,,,,
02/08/2021,SOFR,0.02,0.01,0.01,0.05,0.15,920,-0.013933548,,,,,,,,,,
02/05/2021,SOFR,0.02,0.01,0.01,0.04,0.15,933,-0.056622851,,,,,,,,,,
02/04/2021,SOFR,0.05,0.03,0.03,0.06,0.15,989,0.028066528,,,,,,,,,,
02/03/2021,SOFR,0.07,0.03,0.06,0.1,0.15,962,-0.006198347,,,,,,,,,,
02/02/2021,SOFR,0.07,0.04,0.06,0.09,0.15,968,-0.041584158,,,,,,,,,,
02/01/2021,SOFR,0.07,0.04,0.05,0.09,0.15,1010,0.103825137,,,,,,,,,,
01/29/2021,SOFR,0.06,0.03,0.04,0.07,0.15,915,0.009933775,,,,,,,,,,
01/28/2021,SOFR,0.04,0.02,0.03,0.06,0.15,906,-0.007667032,,,,,,,,,,
01/27/2021,SOFR,0.03,0.01,0.02,0.04,0.15,913,-0.014038877,,,,,,,,,,
01/26/2021,SOFR,0.03,0.01,0.02,0.05,0.15,926,0.046327684,,,,,,,,,,
01/25/2021,SOFR,0.06,0.03,0.05,0.09,0.15,885,-0.023178808,,,,,,,,,,
01/22/2021,SOFR,0.05,0.03,0.04,0.07,0.15,906,-0.017353579,,,,,,,,,,
01/21/2021,SOFR,0.04,0.01,0.02,0.05,0.15,922,0.04416761,,,,,,,,,,
01/20/2021,SOFR,0.06,0.02,0.04,0.07,0.15,883,-0.056623932,,,,,,,,,,
01/19/2021,SOFR,0.07,0.04,0.05,0.09,0.15,936,0.03539823,,,,,,,,,,
01/15/2021,SOFR,0.08,0.05,0.05,0.1,0.15,904,0.019165727,,,,,,,,,,
01/14/2021,SOFR,0.08,0.04,0.05,0.1,0.16,887,-0.026344676,,,,,,,,,,
01/13/2021,SOFR,0.08,0.05,0.05,0.1,0.15,911,-0.007625272,,,,,,,,,,
01/12/2021,SOFR,0.08,0.05,0.06,0.11,0.16,918,-0.047717842,,,,,,,,,,
01/11/2021,SOFR,0.09,0.05,0.07,0.11,0.17,964,-0.028225806,,,,,,,,,,
01/08/2021,SOFR,0.09,0.06,0.07,0.12,0.17,992,0.043112513,,,,,,,,,,
01/07/2021,SOFR,0.1,0.06,0.08,0.12,0.18,951,-0.027607362,,,,,,,,,,
01/06/2021,SOFR,0.1,0.07,0.08,0.13,0.18,978,-0.00811359,,,,,,,,,,
01/05/2021,SOFR,0.11,0.06,0.08,0.13,0.18,986,-0.057361377,,,,,,,,,,
01/04/2021,SOFR,0.1,0.05,0.07,0.12,0.17,1046,-0.044748858,,,,,,,,,,
12/31/2020,SOFR,0.07,0.03,0.06,0.1,0.17,1095,0.195414847,,,,,,,,,,
12/30/2020,SOFR,0.09,0.05,0.08,0.12,0.17,916,-0.030687831,,,,,,,,,,
12/29/2020,SOFR,0.1,0.06,0.08,0.12,0.17,945,-0.001057082,,,,,,,,,,
12/28/2020,SOFR,0.09,0.06,0.07,0.12,0.16,946,0.05698324,,,,,,,,,,
12/24/2020,SOFR,0.08,0.05,0.06,0.1,0.15,895,-0.028230185,,,,,,,,,,
12/23/2020,SOFR,0.06,0.04,0.05,0.07,0.15,921,-0.002166847,,,,,,,,,,
12/22/2020,SOFR,0.07,0.04,0.06,0.09,0.15,923,0.001084599,,,,,,,,,,
12/21/2020,SOFR,0.09,0.06,0.07,0.11,0.16,922,-0.022269353,,,,,,,,,,
12/18/2020,SOFR,0.09,0.06,0.07,0.11,0.16,943,0.022776573,,,,,,,,,,
12/17/2020,SOFR,0.09,0.06,0.07,0.11,0.16,922,0.008752735,,,,,,,,,,
12/16/2020,SOFR,0.09,0.06,0.07,0.11,0.16,914,-0.020364416,,,,,,,,,,
12/15/2020,SOFR,0.09,0.06,0.07,0.11,0.16,933,0.028665932,,,,,,,,,,
12/14/2020,SOFR,0.08,0.05,0.06,0.09,0.15,907,0.024858757,,,,,,,,,,
12/11/2020,SOFR,0.08,0.05,0.06,0.1,0.15,885,-0.06448203,,,,,,,,,,
12/10/2020,SOFR,0.08,0.05,0.06,0.09,0.15,946,0.011764706,,,,,,,,,,
12/09/2020,SOFR,0.08,0.05,0.06,0.09,0.15,935,-0.004259851,,,,,,,,,,
12/08/2020,SOFR,0.07,0.05,0.06,0.09,0.16,939,-0.012618297,,,,,,,,,,
12/07/2020,SOFR,0.08,0.05,0.07,0.11,0.17,951,0,,,,,,,,,,
12/04/2020,SOFR,0.09,0.06,0.07,0.11,0.16,951,-0.003144654,,,,,,,,,,
12/03/2020,SOFR,0.08,0.05,0.06,0.1,0.16,954,0.030237581,,,,,,,,,,
12/02/2020,SOFR,0.08,0.05,0.06,0.1,0.15,926,-0.047325103,,,,,,,,,,
12/01/2020,SOFR,0.08,0.05,0.06,0.1,0.16,972,-0.078672986,,,,,,,,,,
11/30/2020,SOFR,0.09,0.06,0.08,0.12,0.17,1055,0.172222222,,,,,,,,,,
11/27/2020,SOFR,0.08,0.05,0.06,0.1,0.16,900,-0.039487727,,,,,,,,,,
11/25/2020,SOFR,0.08,0.05,0.06,0.1,0.15,937,0.02967033,,,,,,,,,,
11/24/2020,SOFR,0.07,0.04,0.05,0.09,0.14,910,-0.003285871,,,,,,,,,,
11/23/2020,SOFR,0.05,0.03,0.04,0.07,0.13,913,-0.007608696,,,,,,,,,,
11/20/2020,SOFR,0.05,0.03,0.04,0.07,0.13,920,0.009879254,,,,,,,,,,
11/19/2020,SOFR,0.06,0.03,0.04,0.07,0.13,911,-0.031880978,,,,,,,,,,
11/18/2020,SOFR,0.07,0.04,0.05,0.09,0.16,941,-0.029896907,,,,,,,,,,
11/17/2020,SOFR,0.09,0.05,0.07,0.11,0.17,970,0.017838405,,,,,,,,,,
11/16/2020,SOFR,0.1,0.06,0.08,0.12,0.18,953,0.05420354,,,,,,,,,,
11/13/2020,SOFR,0.09,0.06,0.07,0.11,0.17,904,-0.00877193,,,,,,,,,,
11/12/2020,SOFR,0.09,0.05,0.07,0.11,0.17,912,-0.01191766,,,,,,,,,,
11/10/2020,SOFR,0.1,0.06,0.07,0.12,0.17,923,0.021017699,,,,,,,,,,
11/09/2020,SOFR,0.1,0.06,0.08,0.12,0.18,904,0.018018018,,,,,,,,,,
11/06/2020,SOFR,0.1,0.07,0.08,0.13,0.18,888,-0.053304904,,,,,,,,,,
11/05/2020,SOFR,0.11,0.07,0.08,0.13,0.18,938,0.043381535,,,,,,,,,,
11/04/2020,SOFR,0.1,0.06,0.08,0.13,0.18,899,-0.051687764,,,,,,,,,,
11/03/2020,SOFR,0.1,0.06,0.07,0.12,0.17,948,-0.008368201,,,,,,,,,,
11/02/2020,SOFR,0.11,0.07,0.07,0.13,0.17,956,0.095074456,,,,,,,,,,
10/30/2020,SOFR,0.09,0.06,0.07,0.12,0.18,873,0.008083141,,,,,,,,,,
10/29/2020,SOFR,0.09,0.05,0.06,0.1,0.16,866,-0.048351648,,,,,,,,,,
10/28/2020,SOFR,0.08,0.05,0.06,0.1,0.16,910,-0.022556391,,,,,,,,,,
10/27/2020,SOFR,0.09,0.06,0.07,0.11,0.16,931,0.010857763,,,,,,,,,,
10/26/2020,SOFR,0.09,0.06,0.06,0.11,0.16,921,0.006557377,,,,,,,,,,
10/23/2020,SOFR,0.08,0.05,0.06,0.1,0.16,915,-0.015069968,,,,,,,,,,
10/22/2020,SOFR,0.07,0.04,0.05,0.09,0.15,929,-0.014846235,,,,,,,,,,
10/21/2020,SOFR,0.07,0.04,0.05,0.09,0.16,943,0.027233115,,,,,,,,,,
10/20/2020,SOFR,0.08,0.05,0.06,0.1,0.17,918,0.016611296,,,,,,,,,,
10/19/2020,SOFR,0.09,0.05,0.06,0.11,0.17,903,-0.012035011,,,,,,,,,,
10/16/2020,SOFR,0.09,0.06,0.06,0.11,0.17,914,-0.039915966,,,,,,,,,,
10/15/2020,SOFR,0.1,0.06,0.07,0.13,0.18,952,0.075706215,,,,,,,,,,
10/14/2020,SOFR,0.09,0.05,0.06,0.11,0.17,885,-0.048387097,,,,,,,,,,
10/13/2020,SOFR,0.09,0.05,0.07,0.12,0.17,930,0.040268456,,,,,,,,,,
10/09/2020,SOFR,0.09,0.05,0.06,0.11,0.17,894,-0.032467532,,,,,,,,,,
10/08/2020,SOFR,0.08,0.05,0.06,0.1,0.16,924,-0.001081081,,,,,,,,,,
10/07/2020,SOFR,0.09,0.06,0.07,0.12,0.18,925,0.005434783,,,,,,,,,,
10/06/2020,SOFR,0.1,0.06,0.07,0.12,0.18,920,-0.036649215,,,,,,,,,,
10/05/2020,SOFR,0.09,0.06,0.07,0.12,0.18,955,0.030204962,,,,,,,,,,
10/02/2020,SOFR,0.1,0.05,0.06,0.12,0.17,927,-0.091176471,,,,,,,,,,
10/01/2020,SOFR,0.08,0.05,0.05,0.11,0.16,1020,0.046153846,,,,,,,,,,
09/30/2020,SOFR,0.08,0.05,0.06,0.11,0.17,975,0.06441048,,,,,,,,,,
09/29/2020,SOFR,0.07,0.05,0.05,0.1,0.16,916,-0.007583965,,,,,,,,,,
09/28/2020,SOFR,0.08,0.05,0.06,0.11,0.17,923,-0.006458558,,,,,,,,,,
09/25/2020,SOFR,0.08,0.05,0.06,0.11,0.17,929,0.010881393,,,,,,,,,,
09/24/2020,SOFR,0.07,0.04,0.04,0.09,0.15,919,-0.027513228,,,,,,,,,,
09/23/2020,SOFR,0.06,0.03,0.04,0.08,0.16,945,0.004250797,,,,,,,,,,
09/22/2020,SOFR,0.07,0.04,0.05,0.09,0.16,941,0.017297297,,,,,,,,,,
09/21/2020,SOFR,0.08,0.04,0.06,0.11,0.18,925,0.032366071,,,,,,,,,,
09/18/2020,SOFR,0.09,0.06,0.07,0.12,0.18,896,0.004484305,,,,,,,,,,
09/17/2020,SOFR,0.1,0.06,0.07,0.13,0.19,892,-0.007786429,,,,,,,,,,
09/16/2020,SOFR,0.1,0.06,0.07,0.13,0.19,899,-0.041577825,,,,,,,,,,
09/15/2020,SOFR,0.1,0.07,0.07,0.13,0.19,938,0.064699205,,,,,,,,,,
09/14/2020,SOFR,0.09,0.06,0.07,0.12,0.18,881,-0.021111111,,,,,,,,,,
09/11/2020,SOFR,0.09,0.06,0.07,0.12,0.18,900,-0.025974026,,,,,,,,,,
09/10/2020,SOFR,0.09,0.06,0.07,0.13,0.19,924,-0.013874066,,,,,,,,,,
09/09/2020,SOFR,0.09,0.06,0.07,0.12,0.18,937,-0.020898642,,,,,,,,,,
09/08/2020,SOFR,0.09,0.06,0.07,0.13,0.19,957,0.023529412,,,,,,,,,,
09/04/2020,SOFR,0.09,0.06,0.07,0.13,0.18,935,-0.020942408,,,,,,,,,,
09/03/2020,SOFR,0.1,0.06,0.06,0.12,0.17,955,0.00844773,,,,,,,,,,
09/02/2020,SOFR,0.09,0.05,0.06,0.12,0.17,947,-0.022703818,,,,,,,,,,
09/01/2020,SOFR,0.09,0.05,0.06,0.12,0.17,969,0.037473233,,,,,,,,,,
08/31/2020,SOFR,0.09,0.06,0.07,0.13,0.19,934,0.06015891,,,,,,,,,,
08/28/2020,SOFR,0.07,0.04,0.05,0.1,0.16,881,-0.018930958,,,,,,,,,,
08/27/2020,SOFR,0.07,0.05,0.05,0.1,0.16,898,-0.042643923,,,,,,,,,,
08/26/2020,SOFR,0.07,0.05,0.05,0.1,0.16,938,0.007518797,,,,,,,,,,
08/25/2020,SOFR,0.08,0.05,0.06,0.11,0.17,931,-0.004278075,,,,,,,,,,
08/24/2020,SOFR,0.08,0.05,0.06,0.11,0.16,935,-0.025026069,,,,,,,,,,
08/21/2020,SOFR,0.07,0.04,0.05,0.1,0.16,959,-0.024415056,,,,,,,,,,
08/20/2020,SOFR,0.07,0.04,0.05,0.09,0.16,983,0.02289282,,,,,,,,,,
08/19/2020,SOFR,0.09,0.04,0.07,0.12,0.18,961,-0.016376663,,,,,,,,,,
08/18/2020,SOFR,0.09,0.06,0.07,0.12,0.18,977,0.034957627,,,,,,,,,,
08/17/2020,SOFR,0.1,0.07,0.07,0.13,0.19,944,0.015053763,,,,,,,,,,
08/14/2020,SOFR,0.09,0.06,0.07,0.12,0.18,930,-0.059656218,,,,,,,,,,
08/13/2020,SOFR,0.09,0.06,0.07,0.12,0.18,989,0.02593361,,,,,,,,,,
08/12/2020,SOFR,0.09,0.06,0.07,0.12,0.18,964,0.008368201,,,,,,,,,,
08/11/2020,SOFR,0.1,0.06,0.07,0.12,0.18,956,0.008438819,,,,,,,,,,
08/10/2020,SOFR,0.09,0.06,0.07,0.12,0.19,948,0.004237288,,,,,,,,,,
08/07/2020,SOFR,0.09,0.06,0.07,0.12,0.19,944,-0.08260447,,,,,,,,,,
08/06/2020,SOFR,0.09,0.07,0.07,0.12,0.19,1029,0.000972763,,,,,,,,,,
08/05/2020,SOFR,0.09,0.07,0.07,0.12,0.18,1028,-0.02188392,,,,,,,,,,
08/04/2020,SOFR,0.09,0.06,0.07,0.13,0.18,1051,0.060544904,,,,,,,,,,
08/03/2020,SOFR,0.1,0.07,0.08,0.13,0.18,991,-0.041586074,,,,,,,,,,
07/31/2020,SOFR,0.1,0.07,0.08,0.14,0.2,1034,0.114224138,,,,,,,,,,
07/30/2020,SOFR,0.1,0.06,0.07,0.12,0.18,928,-0.021097046,,,,,,,,,,
07/29/2020,SOFR,0.09,0.06,0.07,0.12,0.19,948,-0.007329843,,,,,,,,,,
07/28/2020,SOFR,0.1,0.07,0.08,0.13,0.19,955,-0.018499486,,,,,,,,,,
07/27/2020,SOFR,0.1,0.07,0.08,0.14,0.19,973,0.024210526,,,,,,,,,,
07/24/2020,SOFR,0.1,0.07,0.08,0.13,0.19,950,0.008492569,,,,,,,,,,
07/23/2020,SOFR,0.1,0.07,0.08,0.13,0.2,942,-0.086323957,,,,,,,,,,
07/22/2020,SOFR,0.1,0.06,0.08,0.13,0.2,1031,0.070612669,,,,,,,,,,
07/21/2020,SOFR,0.11,0.07,0.08,0.14,0.2,963,-0.012307692,,,,,,,,,,
07/20/2020,SOFR,0.12,0.07,0.09,0.14,0.2,975,-0.013157895,,,,,,,,,,
07/17/2020,SOFR,0.12,0.07,0.09,0.15,0.2,988,0.032392894,,,,,,,,,,
07/16/2020,SOFR,0.12,0.07,0.08,0.14,0.2,957,0.019169329,,,,,,,,,,
07/15/2020,SOFR,0.13,0.09,0.11,0.17,0.24,939,-0.033950617,,,,,,,,,,
07/14/2020,SOFR,0.11,0.07,0.09,0.15,0.2,972,0.0125,,,,,,,,,,
07/13/2020,SOFR,0.1,0.07,0.08,0.14,0.2,960,0.01910828,,,,,,,,,,
07/10/2020,SOFR,0.1,0.07,0.08,0.14,0.19,942,-0.042682927,,,,,,,,,,
07/09/2020,SOFR,0.1,0.07,0.08,0.14,0.2,984,0.031446541,,,,,,,,,,
07/08/2020,SOFR,0.1,0.07,0.08,0.13,0.2,954,-0.015479876,,,,,,,,,,
07/07/2020,SOFR,0.1,0.07,0.08,0.15,0.21,969,-0.008188332,,,,,,,,,,
07/06/2020,SOFR,0.1,0.07,0.08,0.15,0.21,977,0.026260504,,,,,,,,,,
07/02/2020,SOFR,0.11,0.07,0.08,0.14,0.2,952,-0.050847458,,,,,,,,,,
07/01/2020,SOFR,0.11,0.06,0.07,0.13,0.19,1003,0.034020619,,,,,,,,,,
06/30/2020,SOFR,0.1,0.06,0.07,0.13,0.2,970,0.031914894,,,,,,,,,,
06/29/2020,SOFR,0.08,0.05,0.06,0.12,0.19,940,0.002132196,,,,,,,,,,
06/26/2020,SOFR,0.08,0.05,0.06,0.12,0.19,938,-0.046747967,,,,,,,,,,
06/25/2020,SOFR,0.09,0.05,0.07,0.13,0.19,984,-0.030541872,,,,,,,,,,
06/24/2020,SOFR,0.08,0.05,0.06,0.12,0.18,1015,0.023185484,,,,,,,,,,
06/23/2020,SOFR,0.07,0.04,0.05,0.11,0.18,992,-0.03125,,,,,,,,,,
06/22/2020,SOFR,0.08,0.05,0.06,0.12,0.19,1024,0.063343718,,,,,,,,,,
06/19/2020,SOFR,0.09,0.06,0.06,0.12,0.19,963,-0.079349904,,,,,,,,,,
06/18/2020,SOFR,0.09,0.06,0.07,0.12,0.19,1046,0.033596838,,,,,,,,,,
06/17/2020,SOFR,0.09,0.06,0.07,0.13,0.19,1012,0.026369168,,,,,,,,,,
06/16/2020,SOFR,0.09,0.06,0.07,0.13,0.2,986,-0.014,,,,,,,,,,
06/15/2020,SOFR,0.09,0.06,0.07,0.13,0.2,1000,0.031991744,,,,,,,,,,
06/12/2020,SOFR,0.08,0.05,0.06,0.13,0.19,969,-0.039643211,,,,,,,,,,
06/11/2020,SOFR,0.08,0.05,0.06,0.12,0.18,1009,0.000992063,,,,,,,,,,
06/10/2020,SOFR,0.07,0.05,0.06,0.12,0.18,1008,-0.025145068,,,,,,,,,,
06/09/2020,SOFR,0.08,0.05,0.06,0.13,0.19,1034,0.001937984,,,,,,,,,,
06/08/2020,SOFR,0.07,0.05,0.06,0.12,0.19,1032,0.010773751,,,,,,,,,,
06/05/2020,SOFR,0.07,0.05,0.06,0.12,0.18,1021,-0.043111528,,,,,,,,,,
06/04/2020,SOFR,0.07,0.04,0.06,0.12,0.18,1067,0.041992188,,,,,,,,,,
06/03/2020,SOFR,0.06,0.04,0.05,0.11,0.18,1024,-0.028462998,,,,,,,,,,
06/02/2020,SOFR,0.07,0.05,0.05,0.13,0.18,1054,-0.045289855,,,,,,,,,,
06/01/2020,SOFR,0.06,0.04,0.05,0.12,0.18,1104,0.040527804,,,,,,,,,,
05/29/2020,SOFR,0.06,0.04,0.05,0.1,0.19,1061,0.029097963,,,,,,,,,,
05/28/2020,SOFR,0.06,0.04,0.05,0.12,0.19,1031,-0.03554724,,,,,,,,,,
05/27/2020,SOFR,0.06,0.03,0.04,0.1,0.17,1069,-0.011100833,,,,,,,,,,
05/26/2020,SOFR,0.06,0.04,0.05,0.12,0.18,1081,-0.003686636,,,,,,,,,,
05/22/2020,SOFR,0.04,0.03,0.03,0.09,0.16,1085,-0.028648165,,,,,,,,,,
05/21/2020,SOFR,0.02,0.01,0.01,0.05,0.12,1117,0.012692656,,,,,,,,,,
05/20/2020,SOFR,0.01,0,0.01,0.04,0.13,1103,-0.021295475,,,,,,,,,,
05/19/2020,SOFR,0.04,0.02,0.03,0.08,0.16,1127,-0.002654867,,,,,,,,,,
05/18/2020,SOFR,0.04,0.01,0.03,0.07,0.16,1130,0.002661934,,,,,,,,,,
05/15/2020,SOFR,0.05,0.03,0.04,0.1,0.17,1127,0.022686025,,,,,,,,,,
05/14/2020,SOFR,0.02,0.01,0.01,0.06,0.14,1102,0.015668203,,,,,,,,,,
05/13/2020,SOFR,0.04,0.02,0.04,0.08,0.17,1085,-0.049912434,,,,,,,,,,
05/12/2020,SOFR,0.06,0.04,0.05,0.11,0.18,1142,0.016918967,,,,,,,,,,
05/11/2020,SOFR,0.06,0.04,0.05,0.11,0.18,1123,-0.016637478,,,,,,,,,,
05/08/2020,SOFR,0.06,0.04,0.05,0.11,0.18,1142,0.013309672,,,,,,,,,,
05/07/2020,SOFR,0.05,0.04,0.05,0.1,0.17,1127,0,,,,,,,,,,
05/06/2020,SOFR,0.05,0.03,0.04,0.1,0.17,1127,-0.038395904,,,,,,,,,,
05/05/2020,SOFR,0.05,0.03,0.04,0.09,0.17,1172,-0.010135135,,,,,,,,,,
05/04/2020,SOFR,0.05,0.02,0.04,0.1,0.18,1184,-0.005042017,,,,,,,,,,
05/01/2020,SOFR,0.03,0.02,0.03,0.09,0.16,1190,0.008474576,,,,,,,,,,
04/30/2020,SOFR,0.04,0.02,0.02,0.09,0.16,1180,0.034180543,,,,,,,,,,
04/29/2020,SOFR,0.01,0.01,0.01,0.05,0.13,1141,-0.020600858,,,,,,,,,,
04/28/2020,SOFR,0.01,0.01,0.01,0.05,0.15,1165,0.017467249,,,,,,,,,,
04/27/2020,SOFR,0.03,0.02,0.02,0.07,0.16,1145,-0.052152318,,,,,,,,,,
04/24/2020,SOFR,0.03,0.02,0.03,0.08,0.16,1208,0.058720421,,,,,,,,,,
04/23/2020,SOFR,0.01,0.01,0.01,0.04,0.13,1141,-0.014680484,,,,,,,,,,
04/22/2020,SOFR,0.01,0,0.01,0.03,0.12,1158,-0.004299226,,,,,,,,,,
04/21/2020,SOFR,0.01,0,0.01,0.03,0.13,1163,0.004317789,,,,,,,,,,
04/20/2020,SOFR,0.02,0.01,0.01,0.06,0.15,1158,-0.059301381,,,,,,,,,,
04/17/2020,SOFR,0.03,0.02,0.02,0.08,0.16,1231,0.006541292,,,,,,,,,,
04/16/2020,SOFR,0.03,0.01,0.02,0.08,0.16,1223,-0.027048528,,,,,,,,,,
04/15/2020,SOFR,0.03,0.02,0.03,0.08,0.18,1257,0.091145833,,,,,,,,,,
04/14/2020,SOFR,0.06,0.03,0.05,0.11,0.21,1152,-0.034367142,,,,,,,,,,
04/13/2020,SOFR,0.02,0.01,0.02,0.07,0.17,1193,0.028448276,,,,,,,,,,
04/09/2020,SOFR,0.01,0.01,0.01,0.05,0.16,1160,0.006944444,,,,,,,,,,
04/08/2020,SOFR,0.01,0.01,0.01,0.03,0.16,1152,-0.060358891,,,,,,,,,,
04/07/2020,SOFR,0.01,0,0.01,0.02,0.16,1226,-0.022328549,,,,,,,,,,
04/06/2020,SOFR,0.01,0,0.01,0.02,0.15,1254,-0.009478673,,,,,,,,,,
04/03/2020,SOFR,0.01,0,0.01,0.02,0.16,1266,0.053244592,,,,,,,,,,
04/02/2020,SOFR,0.01,0.01,0.01,0.03,0.17,1202,-0.019575856,,,,,,,,,,
04/01/2020,SOFR,0.01,-0.01,0.01,0.03,0.17,1226,0.087843833,,,,,,,,,,
03/31/2020,SOFR,0.01,-0.03,0.01,0.01,0.17,1127,-0.025929127,,,,,,,,,,
03/30/2020,SOFR,0.01,-0.02,0.01,0.01,0.18,1157,-0.053191489,,,,,,,,,,
03/27/2020,SOFR,0.01,-0.01,0.01,0.01,0.2,1222,-0.00892133,,,,,,,,,,
03/26/2020,SOFR,0.01,0,0.01,0.02,0.23,1233,0.003254679,,,,,,,,,,
03/25/2020,SOFR,0.01,0,0.01,0.02,0.22,1229,-0.03984375,,,,,,,,,,
03/24/2020,SOFR,0.01,0,0.01,0.03,0.2,1280,0.002349256,,,,,,,,,,
03/23/2020,SOFR,0.02,0,0.01,0.04,0.2,1277,0.034008097,,,,,,,,,,
03/20/2020,SOFR,0.04,0.01,0.03,0.07,0.18,1235,-0.06368461,,,,,,,,,,
03/19/2020,SOFR,0.06,0.03,0.05,0.11,0.27,1319,-0.028718704,,,,,,,,,,
03/18/2020,SOFR,0.1,0.06,0.08,0.16,0.42,1358,0.017228464,,,,,,,,,,
03/17/2020,SOFR,0.54,0.09,0.5,0.74,1,1335,0.022205207,,,,,,,,,,
03/16/2020,SOFR,0.26,0.2,0.23,0.35,2,1306,0.006163328,,,,,,,,,,
03/13/2020,SOFR,1.1,1.06,1.08,1.15,1.22,1298,0.003866976,,,,,,,,,,
03/12/2020,SOFR,1.2,1.07,1.2,1.25,1.42,1293,0.058101473,,,,,,,,,,
03/11/2020,SOFR,1.15,1.1,1.14,1.2,1.28,1222,-0.033227848,,,,,,,,,,
03/10/2020,SOFR,1.11,1.08,1.1,1.17,1.23,1264,0.006369427,,,,,,,,,,
03/09/2020,SOFR,1.09,1.05,1.08,1.14,1.22,1256,-0.03011583,,,,,,,,,,
03/06/2020,SOFR,1.1,1.06,1.08,1.15,1.22,1295,0.032695375,,,,,,,,,,
03/05/2020,SOFR,1.12,1.08,1.11,1.17,1.25,1254,-0.00555115,,,,,,,,,,
03/04/2020,SOFR,1.23,1.12,1.22,1.28,1.37,1261,0.018578352,,,,,,,,,,
03/03/2020,SOFR,1.64,1.58,1.63,1.71,1.81,1238,-0.041053447,,,,,,,,,,
03/02/2020,SOFR,1.59,1.55,1.57,1.64,1.76,1291,0.116782007,,,,,,,,,,
02/28/2020,SOFR,1.6,1.54,1.59,1.65,1.72,1156,0.045207957,,,,,,,,,,
02/27/2020,SOFR,1.58,1.54,1.57,1.63,1.7,1106,-0.0125,,,,,,,,,,
02/26/2020,SOFR,1.58,1.55,1.57,1.63,1.7,1120,-0.001782531,,,,,,,,,,
02/25/2020,SOFR,1.59,1.55,1.57,1.63,1.7,1122,0.014466546,,,,,,,,,,
02/24/2020,SOFR,1.58,1.54,1.56,1.62,1.69,1106,0.006369427,,,,,,,,,,
02/21/2020,SOFR,1.58,1.54,1.56,1.62,1.69,1099,-0.011690647,,,,,,,,,,
02/20/2020,SOFR,1.6,1.54,1.59,1.65,1.71,1112,-0.014184397,,,,,,,,,,
02/19/2020,SOFR,1.59,1.53,1.57,1.64,1.7,1128,-0.030094583,,,,,,,,,,
02/18/2020,SOFR,1.6,1.55,1.58,1.65,1.71,1163,0.070902394,,,,,,,,,,
02/14/2020,SOFR,1.58,1.55,1.56,1.63,1.69,1086,-0.02513465,,,,,,,,,,
02/13/2020,SOFR,1.57,1.54,1.56,1.62,1.68,1114,-0.008896797,,,,,,,,,,
02/12/2020,SOFR,1.57,1.53,1.55,1.62,1.68,1124,0.008976661,,,,,,,,,,
02/11/2020,SOFR,1.58,1.54,1.56,1.62,1.7,1114,0.00270027,,,,,,,,,,
02/10/2020,SOFR,1.58,1.54,1.56,1.62,1.69,1111,0,,,,,,,,,,
02/07/2020,SOFR,1.58,1.53,1.56,1.63,1.69,1111,0.005429864,,,,,,,,,,
02/06/2020,SOFR,1.59,1.55,1.57,1.64,1.7,1105,-0.053938356,,,,,,,,,,
02/05/2020,SOFR,1.59,1.54,1.57,1.64,1.71,1168,0.006029285,,,,,,,,,,
02/04/2020,SOFR,1.6,1.55,1.58,1.65,1.72,1161,0.023809524,,,,,,,,,,
02/03/2020,SOFR,1.59,1.55,1.57,1.64,1.71,1134,-0.01305483,,,,,,,,,,
01/31/2020,SOFR,1.6,1.55,1.57,1.65,1.72,1149,0.071828358,,,,,,,,,,
01/30/2020,SOFR,1.58,1.53,1.55,1.62,1.68,1072,-0.009242144,,,,,,,,,,
01/29/2020,SOFR,1.53,1.49,1.51,1.57,1.63,1082,0.00744879,,,,,,,,,,
01/28/2020,SOFR,1.53,1.49,1.51,1.57,1.63,1074,0.02188392,,,,,,,,,,
01/27/2020,SOFR,1.53,1.49,1.51,1.57,1.63,1051,-0.017757009,,,,,,,,,,
01/24/2020,SOFR,1.53,1.49,1.51,1.57,1.63,1070,0.018078021,,,,,,,,,,
01/23/2020,SOFR,1.54,1.48,1.51,1.57,1.63,1051,-0.031336406,,,,,,,,,,
01/22/2020,SOFR,1.54,1.49,1.51,1.57,1.64,1085,0.016869728,,,,,,,,,,
01/21/2020,SOFR,1.54,1.49,1.52,1.57,1.64,1067,0.023010547,,,,,,,,,,
01/17/2020,SOFR,1.54,1.5,1.52,1.58,1.64,1043,-0.024321796,,,,,,,,,,
01/16/2020,SOFR,1.55,1.5,1.52,1.58,1.64,1069,0.045988258,,,,,,,,,,
01/15/2020,SOFR,1.56,1.5,1.53,1.6,1.66,1022,0.012884044,,,,,,,,,,
01/14/2020,SOFR,1.55,1.5,1.52,1.59,1.65,1009,-0.011753183,,,,,,,,,,
01/13/2020,SOFR,1.54,1.5,1.52,1.58,1.65,1021,0.007897335,,,,,,,,,,
01/10/2020,SOFR,1.55,1.5,1.52,1.59,1.65,1013,0.001978239,,,,,,,,,,
01/09/2020,SOFR,1.55,1.5,1.52,1.59,1.66,1011,0.003972195,,,,,,,,,,
01/08/2020,SOFR,1.55,1.5,1.52,1.59,1.66,1007,-0.020428016,,,,,,,,,,
01/07/2020,SOFR,1.56,1.5,1.53,1.61,1.67,1028,-0.005802708,,,,,,,,,,
01/06/2020,SOFR,1.55,1.5,1.53,1.6,1.66,1034,0.003883495,,,,,,,,,,
01/03/2020,SOFR,1.55,1.5,1.52,1.6,1.66,1030,-0.082813891,,,,,,,,,,
01/02/2020,SOFR,1.54,1.49,1.5,1.6,1.65,1123,0.111881188,,,,,,,,,,
12/31/2019,SOFR,1.55,1.45,1.55,1.66,2,1010,-0.025096525,,,,,,,,,,
12/30/2019,SOFR,1.54,1.47,1.52,1.6,1.67,1036,-0.001926782,,,,,,,,,,
12/27/2019,SOFR,1.53,1.47,1.5,1.58,1.64,1038,0.038,,,,,,,,,,
12/26/2019,SOFR,1.52,1.47,1.5,1.57,1.64,1000,-0.005964215,,,,,,,,,,
12/24/2019,SOFR,1.52,1.45,1.5,1.57,1.64,1006,-0.020447907,,,,,,,,,,
12/23/2019,SOFR,1.52,1.48,1.5,1.57,1.64,1027,0.06204757,,,,,,,,,,
12/20/2019,SOFR,1.53,1.47,1.49,1.57,1.64,967,-0.021255061,,,,,,,,,,
12/19/2019,SOFR,1.53,1.47,1.5,1.58,1.65,988,-0.065279092,,,,,,,,,,
12/18/2019,SOFR,1.53,1.48,1.5,1.58,1.65,1057,0.042406312,,,,,,,,,,
12/17/2019,SOFR,1.54,1.48,1.5,1.59,1.64,1014,-0.010731707,,,,,,,,,,
12/16/2019,SOFR,1.62,1.54,1.6,1.67,1.74,1025,0.007866273,,,,,,,,,,
12/13/2019,SOFR,1.54,1.48,1.5,1.58,1.66,1017,-0.021174206,,,,,,,,,,
12/12/2019,SOFR,1.53,1.48,1.5,1.57,1.65,1039,-0.016098485,,,,,,,,,,
12/11/2019,SOFR,1.54,1.49,1.5,1.58,1.65,1056,0.006673022,,,,,,,,,,
12/10/2019,SOFR,1.55,1.5,1.51,1.59,1.66,1049,0.00671785,,,,,,,,,,
12/09/2019,SOFR,1.56,1.5,1.53,1.61,1.67,1042,0.024582104,,,,,,,,,,
12/06/2019,SOFR,1.55,1.5,1.52,1.6,1.67,1017,0,,,,,,,,,,
12/05/2019,SOFR,1.55,1.5,1.52,1.6,1.66,1017,-0.027724665,,,,,,,,,,
12/04/2019,SOFR,1.54,1.49,1.5,1.59,1.65,1046,-0.003809524,,,,,,,,,,
12/03/2019,SOFR,1.55,1.49,1.51,1.59,1.66,1050,-0.048913043,,,,,,,,,,
12/02/2019,SOFR,1.63,1.54,1.6,1.68,1.75,1104,0.099601594,,,,,,,,,,
11/29/2019,SOFR,1.65,1.5,1.63,1.7,1.8,1004,-0.006923838,,,,,,,,,,
11/27/2019,SOFR,1.55,1.48,1.5,1.59,1.66,1011,-0.042613636,,,,,,,,,,
11/26/2019,SOFR,1.54,1.49,1.51,1.59,1.68,1056,0.062374245,,,,,,,,,,
11/25/2019,SOFR,1.56,1.5,1.54,1.62,1.69,994,-0.03307393,,,,,,,,,,
11/22/2019,SOFR,1.58,1.51,1.56,1.64,1.7,1028,0.035246727,,,,,,,,,,
11/21/2019,SOFR,1.58,1.5,1.55,1.64,1.7,993,-0.007992008,,,,,,,,,,
11/20/2019,SOFR,1.57,1.51,1.54,1.63,1.69,1001,-0.006944444,,,,,,,,,,
11/19/2019,SOFR,1.57,1.51,1.53,1.63,1.68,1008,-0.003952569,,,,,,,,,,
11/18/2019,SOFR,1.56,1.5,1.52,1.61,1.68,1012,-0.035271687,,,,,,,,,,
11/15/2019,SOFR,1.59,1.51,1.55,1.63,1.7,1049,0.021421616,,,,,,,,,,
11/14/2019,SOFR,1.58,1.5,1.55,1.64,1.71,1027,0.008840864,,,,,,,,,,
11/13/2019,SOFR,1.57,1.5,1.54,1.63,1.7,1018,-0.043233083,,,,,,,,,,
11/12/2019,SOFR,1.57,1.52,1.54,1.63,1.7,1064,0.047244094,,,,,,,,,,
11/08/2019,SOFR,1.56,1.5,1.53,1.61,1.68,1016,-0.046904315,,,,,,,,,,
11/07/2019,SOFR,1.56,1.51,1.53,1.62,1.69,1066,-0.015697138,,,,,,,,,,
11/06/2019,SOFR,1.57,1.5,1.53,1.61,1.69,1083,0.019774011,,,,,,,,,,
11/05/2019,SOFR,1.58,1.51,1.55,1.63,1.7,1062,-0.073298429,,,,,,,,,,
11/04/2019,SOFR,1.56,1.5,1.54,1.62,1.69,1146,0.025044723,,,,,,,,,,
11/01/2019,SOFR,1.58,1.52,1.55,1.63,1.7,1118,-0.04770017,,,,,,,,,,
10/31/2019,SOFR,1.76,1.68,1.73,1.85,2.02,1174,0.068243858,,,,,,,,,,
10/30/2019,SOFR,1.82,1.77,1.8,1.88,1.95,1099,0.048664122,,,,,,,,,,
10/29/2019,SOFR,1.81,1.76,1.78,1.86,1.94,1048,-0.037649219,,,,,,,,,,
10/28/2019,SOFR,1.82,1.77,1.8,1.88,1.96,1089,0.011142061,,,,,,,,,,
10/25/2019,SOFR,1.84,1.78,1.81,1.9,1.97,1077,-0.008287293,,,,,,,,,,
10/24/2019,SOFR,1.86,1.81,1.85,1.93,2.02,1086,0.01971831,,,,,,,,,,
10/23/2019,SOFR,1.87,1.8,1.84,1.92,2.01,1065,-0.012974977,,,,,,,,,,
10/22/2019,SOFR,1.87,1.8,1.85,1.94,2.01,1079,0.023719165,,,,,,,,,,
10/21/2019,SOFR,1.86,1.8,1.83,1.92,1.99,1054,-0.058928571,,,,,,,,,,
10/18/2019,SOFR,1.88,1.82,1.85,1.95,2.02,1120,0.03992572,,,,,,,,,,
10/17/2019,SOFR,1.95,1.87,1.93,2.01,2.1,1077,-0.008287293,,,,,,,,,,
10/16/2019,SOFR,2.05,1.9,2.02,2.11,2.2,1086,-0.001838235,,,,,,,,,,
10/15/2019,SOFR,2,1.9,1.96,2.07,2.4,1088,0.0625,,,,,,,,,,
10/11/2019,SOFR,1.85,1.78,1.82,1.9,1.97,1024,-0.088967972,,,,,,,,,,
10/10/2019,SOFR,1.85,1.78,1.82,1.91,1.98,1124,0.059377945,,,,,,,,,,
10/09/2019,SOFR,1.85,1.8,1.82,1.9,1.97,1061,-0.008411215,,,,,,,,,,
10/08/2019,SOFR,1.85,1.8,1.82,1.91,1.98,1070,0,,,,,,,,,,
10/07/2019,SOFR,1.83,1.78,1.8,1.89,1.95,1070,-0.021937843,,,,,,,,,,
10/04/2019,SOFR,1.82,1.77,1.79,1.88,1.94,1094,-0.023214286,,,,,,,,,,
10/03/2019,SOFR,1.84,1.79,1.81,1.89,1.96,1120,-0.023539669,,,,,,,,,,
10/02/2019,SOFR,1.85,1.8,1.82,1.9,1.98,1147,-0.030431107,,,,,,,,,,
10/01/2019,SOFR,1.88,1.82,1.84,1.96,2.05,1183,0.078395624,,,,,,,,,,
09/30/2019,SOFR,2.35,2,2.35,2.5,3.2,1097,0.01199262,,,,,,,,,,
09/27/2019,SOFR,1.82,1.75,1.8,1.88,1.96,1084,-0.007326007,,,,,,,,,,
09/26/2019,SOFR,1.85,1.78,1.82,1.9,2.03,1092,0.011111111,,,,,,,,,,
09/25/2019,SOFR,2.01,1.8,2,2.1,2.23,1080,-0.004608295,,,,,,,,,,
09/24/2019,SOFR,1.96,1.89,1.94,2.02,2.1,1085,-0.048245614,,,,,,,,,,
09/23/2019,SOFR,1.85,1.8,1.82,1.91,2.1,1140,0.016949153,,,,,,,,,,
09/20/2019,SOFR,1.86,1.8,1.85,1.9,2.08,1121,-0.01407212,,,,,,,,,,
09/19/2019,SOFR,1.95,1.82,1.92,2.05,2.5,1137,-0.049331104,,,,,,,,,,
09/18/2019,SOFR,2.55,2.1,2.5,3,5,1196,0.016142736,,,,,,,,,,
09/17/2019,SOFR,5.25,2.25,5,5.85,9,1177,0.01816609,,,,,,,,,,
09/16/2019,SOFR,2.43,2.38,2.42,2.55,4.6,1156,0.019400353,,,,,,,,,,
09/13/2019,SOFR,2.2,2.16,2.19,2.27,2.4,1134,-0.019031142,,,,,,,,,,
09/12/2019,SOFR,2.2,2.15,2.18,2.28,2.35,1156,-0.019508058,,,,,,,,,,
09/11/2019,SOFR,2.15,2.12,2.14,2.23,2.3,1179,-0.005902192,,,,,,,,,,
09/10/2019,SOFR,2.14,2.11,2.13,2.22,2.28,1186,-0.045856798,,,,,,,,,,
09/09/2019,SOFR,2.12,2.09,2.11,2.19,2.27,1243,0.017184943,,,,,,,,,,
09/06/2019,SOFR,2.15,2.1,2.15,2.23,2.3,1222,0.020885547,,,,,,,,,,
09/05/2019,SOFR,2.21,2.15,2.2,2.28,2.35,1197,-0.020458265,,,,,,,,,,
09/04/2019,SOFR,2.21,2.15,2.2,2.29,2.39,1222,-0.046057767,,,,,,,,,,
09/03/2019,SOFR,2.17,2.14,2.15,2.25,2.4,1281,0.072864322,,,,,,,,,,
08/30/2019,SOFR,2.16,2.09,2.15,2.23,2.33,1194,-0.001672241,,,,,,,,,,
08/29/2019,SOFR,2.12,2.06,2.11,2.19,2.26,1196,0,,,,,,,,,,
08/28/2019,SOFR,2.12,2.05,2.11,2.19,2.26,1196,-0.000835422,,,,,,,,,,
08/27/2019,SOFR,2.15,2.11,2.14,2.22,2.3,1197,0.005882353,,,,,,,,,,
08/26/2019,SOFR,2.1,2.07,2.09,2.17,2.23,1190,0.053097345,,,,,,,,,,
08/23/2019,SOFR,2.1,2.06,2.07,2.16,2.22,1130,-0.025862069,,,,,,,,,,
08/22/2019,SOFR,2.09,2.05,2.07,2.16,2.22,1160,-0.023569024,,,,,,,,,,
08/21/2019,SOFR,2.1,2.05,2.08,2.16,2.24,1188,-0.03257329,,,,,,,,,,
08/20/2019,SOFR,2.13,2.08,2.12,2.19,2.26,1228,-0.010475423,,,,,,,,,,
08/19/2019,SOFR,2.11,2.07,2.1,2.17,2.24,1241,-0.004811548,,,,,,,,,,
08/16/2019,SOFR,2.13,2.08,2.12,2.2,2.27,1247,0.023809524,,,,,,,,,,
08/15/2019,SOFR,2.18,2.1,2.18,2.26,2.34,1218,-0.020900322,,,,,,,,,,
08/14/2019,SOFR,2.13,2.08,2.12,2.2,2.27,1244,0.051563821,,,,,,,,,,
08/13/2019,SOFR,2.16,2.03,2.16,2.24,2.32,1183,0.005097706,,,,,,,,,,
08/12/2019,SOFR,2.12,2.05,2.11,2.19,2.26,1177,-0.007588533,,,,,,,,,,
08/09/2019,SOFR,2.11,2.08,2.1,2.18,2.25,1186,-0.026272578,,,,,,,,,,
08/08/2019,SOFR,2.09,2.06,2.07,2.15,2.25,1218,0.018394649,,,,,,,,,,
08/07/2019,SOFR,2.1,2.06,2.09,2.16,2.23,1196,-0.030794165,,,,,,,,,,
08/06/2019,SOFR,2.11,2.08,2.1,2.18,2.25,1234,-0.015163607,,,,,,,,,,
08/05/2019,SOFR,2.13,2.1,2.12,2.2,2.28,1253,0.057383966,,,,,,,,,,
08/02/2019,SOFR,2.19,2.1,2.18,2.25,2.33,1185,0.001690617,,,,,,,,,,
08/01/2019,SOFR,2.19,2.11,2.19,2.27,2.33,1183,-0.027937551,,,,,,,,,,
07/31/2019,SOFR,2.55,2.35,2.53,2.63,2.78,1217,0.050949914,,,,,,,,,,
07/30/2019,SOFR,2.39,2.35,2.38,2.46,2.53,1158,0.004336513,,,,,,,,,,
07/29/2019,SOFR,2.4,2.3,2.39,2.47,2.54,1153,0.009632224,,,,,,,,,,
07/26/2019,SOFR,2.41,2.35,2.4,2.48,2.56,1142,-0.00954033,,,,,,,,,,
07/25/2019,SOFR,2.42,2.38,2.41,2.5,2.57,1153,0.012291484,,,,,,,,,,
07/24/2019,SOFR,2.41,2.35,2.4,2.48,2.56,1139,0.043996334,,,,,,,,,,
07/23/2019,SOFR,2.4,2.36,2.39,2.47,2.53,1091,-0.028495102,,,,,,,,,,
07/22/2019,SOFR,2.4,2.36,2.38,2.47,2.53,1123,-0.014912281,,,,,,,,,,
07/19/2019,SOFR,2.41,2.35,2.4,2.48,2.55,1140,0.023339318,,,,,,,,,,
07/18/2019,SOFR,2.46,2.3,2.44,2.52,2.62,1114,0.009057971,,,,,,,,,,
07/17/2019,SOFR,2.47,2.4,2.45,2.54,2.62,1104,0.001814882,,,,,,,,,,
07/16/2019,SOFR,2.47,2.42,2.44,2.53,2.6,1102,-0.080900751,,,,,,,,,,
07/15/2019,SOFR,2.46,2.42,2.44,2.52,2.6,1199,0.053602812,,,,,,,,,,
07/12/2019,SOFR,2.36,2.33,2.34,2.42,2.53,1138,-0.007846556,,,,,,,,,,
07/11/2019,SOFR,2.41,2.34,2.4,2.47,2.55,1147,0.007023705,,,,,,,,,,
07/10/2019,SOFR,2.46,2.3,2.45,2.52,2.59,1139,-0.033106961,,,,,,,,,,
07/09/2019,SOFR,2.45,2.42,2.45,2.53,2.6,1178,-0.027250206,,,,,,,,,,
07/08/2019,SOFR,2.48,2.42,2.46,2.54,2.6,1211,0.015088013,,,,,,,,,,
07/05/2019,SOFR,2.59,2.44,2.58,2.68,2.76,1193,-0.016488046,,,,,,,,,,
07/03/2019,SOFR,2.56,2.48,2.55,2.65,2.75,1213,-0.008986928,,,,,,,,,,
07/02/2019,SOFR,2.51,2.45,2.49,2.58,3.1,1224,0.036409822,,,,,,,,,,
07/01/2019,SOFR,2.42,2.36,2.38,2.47,3.85,1181,0.061096137,,,,,,,,,,
06/28/2019,SOFR,2.5,2.33,2.5,2.65,3.03,1113,-0.003581021,,,,,,,,,,
06/27/2019,SOFR,2.42,2.32,2.4,2.48,2.57,1117,0.016378526,,,,,,,,,,
06/26/2019,SOFR,2.43,2.3,2.43,2.5,2.57,1099,-0.00181653,,,,,,,,,,
06/25/2019,SOFR,2.41,2.35,2.4,2.48,2.54,1101,0.008241758,,,,,,,,,,
06/24/2019,SOFR,2.39,2.35,2.38,2.46,2.52,1092,-0.009972801,,,,,,,,,,
06/21/2019,SOFR,2.37,2.33,2.35,2.43,2.5,1103,0.033739456,,,,,,,,,,
06/20/2019,SOFR,2.36,2.31,2.33,2.41,2.48,1067,0.007554297,,,,,,,,,,
06/19/2019,SOFR,2.36,2.31,2.34,2.42,2.49,1059,0,,,,,,,,,,
06/18/2019,SOFR,2.39,2.33,2.36,2.44,2.51,1059,-0.035519126,,,,,,,,,,
06/17/2019,SOFR,2.41,2.36,2.38,2.47,2.53,1098,0.048710602,,,,,,,,,,
06/14/2019,SOFR,2.35,2.3,2.32,2.39,2.45,1047,0.007699711,,,,,,,,,,
06/13/2019,SOFR,2.35,2.32,2.34,2.42,2.49,1039,-0.054595086,,,,,,,,,,
06/12/2019,SOFR,2.37,2.31,2.36,2.43,2.5,1099,0.048664122,,,,,,,,,,
06/11/2019,SOFR,2.38,2.3,2.36,2.44,2.5,1048,-0.057553957,,,,,,,,,,
06/10/2019,SOFR,2.39,2.35,2.37,2.45,2.5,1112,0.007246377,,,,,,,,,,
06/07/2019,SOFR,2.39,2.3,2.37,2.45,2.51,1104,0.070805044,,,,,,,,,,
06/06/2019,SOFR,2.4,2.34,2.37,2.46,2.51,1031,-0.047134935,,,,,,,,,,
06/05/2019,SOFR,2.4,2.34,2.36,2.45,2.5,1082,-0.025225225,,,,,,,,,,
06/04/2019,SOFR,2.39,2.34,2.36,2.45,2.5,1110,-0.04475043,,,,,,,,,,
06/03/2019,SOFR,2.4,2.35,2.37,2.45,2.52,1162,0.022887324,,,,,,,,,,
05/31/2019,SOFR,2.49,NA,NA,NA,NA,1136,0.048938135,,,,,,,,,,2
05/30/2019,SOFR,2.4,2.28,2.39,2.46,2.54,1083,-0.01455869,,,,,,,,,,
05/29/2019,SOFR,2.4,2.28,2.39,2.47,2.53,1099,0.012903226,,,,,,,,,,
05/28/2019,SOFR,2.41,2.35,2.38,2.47,2.53,1085,0.045279383,,,,,,,,,,
05/24/2019,SOFR,2.37,2.32,2.34,2.43,2.49,1038,-0.000962464,,,,,,,,,,
05/23/2019,SOFR,2.37,2.32,2.34,2.43,2.49,1039,0.00192864,,,,,,,,,,
05/22/2019,SOFR,2.37,2.3,2.34,2.43,2.49,1037,0.019665683,,,,,,,,,,
05/21/2019,SOFR,2.38,2.33,2.36,2.44,2.5,1017,-0.020231214,,,,,,,,,,
05/20/2019,SOFR,2.39,2.33,2.36,2.44,2.5,1038,0.001930502,,,,,,,,,,
05/17/2019,SOFR,2.42,2.34,2.39,2.47,2.52,1036,0.005825243,,,,,,,,,,
05/16/2019,SOFR,2.43,2.38,2.4,2.49,2.54,1030,-0.020912548,,,,,,,,,,
05/15/2019,SOFR,2.48,2.4,2.45,2.54,2.6,1052,0.039525692,,,,,,,,,,
05/14/2019,SOFR,2.39,2.34,2.36,2.45,2.51,1012,0.004965243,,,,,,,,,,
05/13/2019,SOFR,2.38,2.33,2.35,2.43,2.49,1007,-0.026112186,,,,,,,,,,
05/10/2019,SOFR,2.4,2.35,2.37,2.44,2.5,1034,0.022749753,,,,,,,,,,
05/09/2019,SOFR,2.41,2.35,2.38,2.46,2.52,1011,-0.022243714,,,,,,,,,,
05/08/2019,SOFR,2.43,2.35,2.4,2.48,2.54,1034,-0.032740879,,,,,,,,,,
05/07/2019,SOFR,2.44,2.38,2.41,2.5,2.55,1069,0.047012733,,,,,,,,,,
05/06/2019,SOFR,2.42,2.37,2.4,2.48,2.54,1021,-0.051115242,,,,,,,,,,
05/03/2019,SOFR,2.43,2.38,2.41,2.5,2.56,1076,0.021842355,,,,,,,,,,
05/02/2019,SOFR,2.5,2.4,2.46,2.57,2.63,1053,-0.019553073,,,,,,,,,,
05/01/2019,SOFR,2.54,2.46,2.5,2.6,2.65,1074,-0.009225092,,,,,,,,,,
04/30/2019,SOFR,2.76,2.42,2.75,2.87,3.06,1084,0.119834711,,,,,,,,,,
04/29/2019,SOFR,2.48,2.4,2.46,2.55,2.62,968,-0.014256619,,,,,,,,,,
04/26/2019,SOFR,2.46,2.41,2.45,2.53,2.6,982,0.020790021,,,,,,,,,,
04/25/2019,SOFR,2.45,2.39,2.41,2.5,2.57,962,-0.055009823,,,,,,,,,,
04/24/2019,SOFR,2.44,2.39,2.41,2.49,2.56,1018,0.050567595,,,,,,,,,,
04/23/2019,SOFR,2.46,2.39,2.45,2.53,2.59,969,-0.009202454,,,,,,,,,,
04/22/2019,SOFR,2.46,2.4,2.43,2.52,2.59,978,-0.00102145,,,,,,,,,,
04/18/2019,SOFR,2.5,2.43,2.46,2.55,2.63,979,0.026205451,,,,,,,,,,
04/17/2019,SOFR,2.5,2.43,2.47,2.57,2.63,954,-0.007284079,,,,,,,,,,
04/16/2019,SOFR,2.47,2.4,2.43,2.53,2.65,961,-0.007231405,,,,,,,,,,
04/15/2019,SOFR,2.47,2.4,2.43,2.52,2.6,968,0.013612565,,,,,,,,,,
04/12/2019,SOFR,2.44,2.39,2.4,2.49,2.55,955,-0.019507187,,,,,,,,,,
04/11/2019,SOFR,2.44,2.39,2.4,2.49,2.55,974,0.030687831,,,,,,,,,,
04/10/2019,SOFR,2.45,2.38,2.42,2.51,2.57,945,-0.025773196,,,,,,,,,,
04/09/2019,SOFR,2.45,2.37,2.42,2.51,2.57,970,0.022128556,,,,,,,,,,
04/08/2019,SOFR,2.46,2.4,2.43,2.52,2.58,949,-0.027663934,,,,,,,,,,
04/05/2019,SOFR,2.46,2.4,2.43,2.53,2.58,976,-0.024,,,,,,,,,,
04/04/2019,SOFR,2.46,2.4,2.43,2.52,2.58,1000,0.013171226,,,,,,,,,,
04/03/2019,SOFR,2.47,2.41,2.43,2.52,2.58,987,0.009202454,,,,,,,,,,
04/02/2019,SOFR,2.46,2.4,2.43,2.53,2.61,978,0,,,,,,,,,,
04/01/2019,SOFR,2.46,2.4,2.41,2.51,2.67,978,0.090301003,,,,,,,,,,
03/29/2019,SOFR,2.65,2.4,2.56,3.18,3.7,897,-0.001113586,,,,,,,,,,
03/28/2019,SOFR,2.43,2.34,2.42,2.5,2.58,898,0.021615472,,,,,,,,,,
03/27/2019,SOFR,2.4,2.34,2.38,2.46,2.53,879,-0.024417314,,,,,,,,,,
03/26/2019,SOFR,2.4,2.35,2.37,2.46,2.52,901,-0.019586507,,,,,,,,,,
03/25/2019,SOFR,2.4,2.35,2.37,2.45,2.51,919,0.033745782,,,,,,,,,,
03/22/2019,SOFR,2.4,2.35,2.38,2.46,2.52,889,-0.034744843,,,,,,,,,,
03/21/2019,SOFR,2.44,2.39,2.42,2.51,2.59,921,-0.007543103,,,,,,,,,,
03/20/2019,SOFR,2.47,2.4,2.46,2.54,2.61,928,-0.017989418,,,,,,,,,,
03/19/2019,SOFR,2.42,2.38,2.4,2.5,2.58,945,0.003184713,,,,,,,,,,
03/18/2019,SOFR,2.41,2.35,2.38,2.47,2.53,942,0.00212766,,,,,,,,,,
03/15/2019,SOFR,2.46,2.4,2.43,2.52,2.59,940,0.069397042,,,,,,,,,,
03/14/2019,SOFR,2.42,2.36,2.39,2.47,2.53,879,-0.04972973,,,,,,,,,,
03/13/2019,SOFR,2.4,2.33,2.38,2.46,2.53,925,0.009825328,,,,,,,,,,
03/12/2019,SOFR,2.39,2.35,2.37,2.46,2.52,916,-0.034773446,,,,,,,,,,
03/11/2019,SOFR,2.38,2.35,2.36,2.45,2.51,949,-0.00524109,,,,,,,,,,
03/08/2019,SOFR,2.39,2.34,2.36,2.44,2.51,954,-0.018518519,,,,,,,,,,
03/07/2019,SOFR,2.38,2.34,2.37,2.46,2.52,972,-0.005117707,,,,,,,,,,
03/06/2019,SOFR,2.38,2.33,2.36,2.44,2.5,977,0.021966527,,,,,,,,,,
03/05/2019,SOFR,2.38,2.33,2.36,2.44,2.51,956,-0.009326425,,,,,,,,,,
03/04/2019,SOFR,2.38,2.34,2.36,2.45,2.51,965,-0.041708044,,,,,,,,,,
03/01/2019,SOFR,2.38,2.35,2.36,2.45,2.52,1007,0.003988036,,,,,,,,,,
02/28/2019,SOFR,2.58,2.35,2.55,2.64,2.82,1003,0.116926503,,,,,,,,,,
02/27/2019,SOFR,2.37,2.34,2.37,2.44,2.51,898,-0.022850925,,,,,,,,,,
02/26/2019,SOFR,2.38,2.34,2.37,2.45,2.51,919,-0.020255864,,,,,,,,,,
02/25/2019,SOFR,2.38,2.34,2.37,2.45,2.51,938,0.049217002,,,,,,,,,,
02/22/2019,SOFR,2.4,2.34,2.37,2.45,2.51,894,0.009029345,,,,,,,,,,
02/21/2019,SOFR,2.39,2.34,2.37,2.45,2.51,886,-0.029572837,,,,,,,,,,
02/20/2019,SOFR,2.39,2.34,2.37,2.46,2.51,913,-0.029755579,,,,,,,,,,
02/19/2019,SOFR,2.4,2.35,2.37,2.46,2.51,941,0.030668127,,,,,,,,,,
02/15/2019,SOFR,2.43,2.38,2.41,2.49,2.56,913,0.059164733,,,,,,,,,,
02/14/2019,SOFR,2.39,2.34,2.36,2.45,2.5,862,-0.07112069,,,,,,,,,,
02/13/2019,SOFR,2.38,2.34,2.36,2.44,2.5,928,0.008695652,,,,,,,,,,
02/12/2019,SOFR,2.39,2.33,2.36,2.44,2.5,920,-0.06504065,,,,,,,,,,
02/11/2019,SOFR,2.4,2.35,2.4,2.48,2.56,984,0.078947368,,,,,,,,,,
02/08/2019,SOFR,2.37,2.33,2.35,2.44,2.5,912,-0.006535948,,,,,,,,,,
02/07/2019,SOFR,2.38,2.34,2.36,2.45,2.51,918,-0.025477707,,,,,,,,,,
02/06/2019,SOFR,2.38,2.33,2.35,2.44,2.49,942,0.010729614,,,,,,,,,,
02/05/2019,SOFR,2.4,2.34,2.37,2.45,2.51,932,-0.033195021,,,,,,,,,,
02/04/2019,SOFR,2.4,2.3,2.38,2.47,2.53,964,-0.029204431,,,,,,,,,,
02/01/2019,SOFR,2.47,2.3,2.44,2.52,2.59,993,-0.052480916,,,,,,,,,,
01/31/2019,SOFR,2.58,2.3,2.55,2.65,2.85,1048,0.105485232,,,,,,,,,,
01/30/2019,SOFR,2.39,2.35,2.36,2.45,2.52,948,0.014989293,,,,,,,,,,
01/29/2019,SOFR,2.4,2.32,2.37,2.45,2.52,934,-0.047910296,,,,,,,,,,
01/28/2019,SOFR,2.39,2.32,2.37,2.45,2.52,981,0.072131148,,,,,,,,,,
01/25/2019,SOFR,2.4,2.34,2.38,2.46,2.53,915,-0.079476861,,,,,,,,,,
01/24/2019,SOFR,2.41,2.35,2.4,2.48,2.55,994,0.039748954,,,,,,,,,,
01/23/2019,SOFR,2.4,2.35,2.38,2.46,2.52,956,-0.011375388,,,,,,,,,,
01/22/2019,SOFR,2.41,2.35,2.37,2.46,2.52,967,-0.007186858,,,,,,,,,,
01/18/2019,SOFR,2.42,2.34,2.37,2.46,2.52,974,0.005159959,,,,,,,,,,
01/17/2019,SOFR,2.41,2.35,2.37,2.46,2.52,969,-0.019230769,,,,,,,,,,
01/16/2019,SOFR,2.43,2.35,2.37,2.46,2.52,988,-0.003027245,,,,,,,,,,
01/15/2019,SOFR,2.46,2.38,2.41,2.5,2.56,991,0.01432958,,,,,,,,,,
01/14/2019,SOFR,2.4,2.34,2.38,2.46,2.53,977,0.004110997,,,,,,,,,,
01/11/2019,SOFR,2.41,2.35,2.38,2.46,2.52,973,-0.05165692,,,,,,,,,,
01/10/2019,SOFR,2.43,2.37,2.41,2.49,2.56,1026,-0.005813953,,,,,,,,,,
01/09/2019,SOFR,2.45,2.3,2.44,2.52,2.59,1032,-0.035514019,,,,,,,,,,
01/08/2019,SOFR,2.42,2.38,2.4,2.5,2.55,1070,0.017110266,,,,,,,,,,
01/07/2019,SOFR,2.41,2.35,2.39,2.47,2.54,1052,0.010566763,,,,,,,,,,
01/04/2019,SOFR,2.45,2.3,2.43,2.51,2.6,1041,-0.020696143,,,,,,,,,,
01/03/2019,SOFR,2.7,2.3,2.7,2.78,2.89,1063,-0.026556777,,,,,,,,,,
01/02/2019,SOFR,3.15,2.3,3.1,3.29,3.7,1092,0.092,,,,,,,,,,
12/31/2018,SOFR,3,2.7,2.95,3.2,6.25,1000,0.078748652,,,,,,,,,,
12/28/2018,SOFR,2.46,2.3,2.45,2.54,2.6,927,-0.016967126,,,,,,,,,,
12/27/2018,SOFR,2.44,2.3,2.43,2.52,2.57,943,-0.014629049,,,,,,,,,,
12/26/2018,SOFR,2.44,2.3,2.43,2.52,2.57,957,0.086265607,,,,,,,,,,
12/24/2018,SOFR,2.41,2.38,2.41,2.49,2.55,881,-0.049622438,,,,,,,,,,
12/21/2018,SOFR,2.4,2.35,2.39,2.47,2.54,927,-0.037383178,,,,,,,,,,
12/20/2018,SOFR,2.41,2.35,2.4,2.48,2.54,963,0.058241758,,,,,,,,,,
12/19/2018,SOFR,2.3,2.1,2.29,2.37,2.44,910,-0.010869565,,,,,,,,,,
12/18/2018,SOFR,2.32,2.15,2.3,2.39,2.45,920,-0.016042781,,,,,,,,,,
12/17/2018,SOFR,2.31,2.25,2.28,2.37,2.45,935,0.078431373,,,,,,,,,,
12/14/2018,SOFR,2.21,2.15,2.19,2.27,2.32,867,-0.033444816,,,,,,,,,,
12/13/2018,SOFR,2.21,2.15,2.18,2.26,2.31,897,0.017006803,,,,,,,,,,
12/12/2018,SOFR,2.2,2.15,2.17,2.25,2.3,882,0.016129032,,,,,,,,,,
12/11/2018,SOFR,2.19,2.14,2.17,2.24,2.3,868,-0.03875969,,,,,,,,,,
12/10/2018,SOFR,2.22,2.15,2.2,2.28,2.33,903,-0.009868421,,,,,,,,,,
12/07/2018,SOFR,2.3,2.1,2.28,2.36,2.42,912,-0.052959502,,,,,,,,,,
12/06/2018,SOFR,2.34,2.15,2.31,2.4,2.7,963,0.079596413,,,,,,,,,,
12/04/2018,SOFR,2.27,2.21,2.23,2.32,2.85,892,-0.021929825,,,,,,,,,,
12/03/2018,SOFR,2.23,2.2,2.22,2.3,2.4,912,-0.007616975,,,,,,,,,,
11/30/2018,SOFR,2.28,2.23,2.27,2.36,2.42,919,0.081176471,,,,,,,,,,
11/29/2018,SOFR,2.24,2.18,2.23,2.31,2.36,850,0,,,,,,,,,,
11/28/2018,SOFR,2.19,2.16,2.19,2.26,2.32,850,0.008303677,,,,,,,,,,
11/27/2018,SOFR,2.19,2.16,2.17,2.25,2.31,843,-0.022041763,,,,,,,,,,
11/26/2018,SOFR,2.2,2.16,2.18,2.26,2.32,862,0.051219512,,,,,,,,,,
11/23/2018,SOFR,2.23,2.17,2.22,2.3,2.36,820,0.001221001,,,,,,,,,,
11/21/2018,SOFR,2.18,2.15,2.17,2.24,2.31,819,-0.030769231,,,,,,,,,,
11/20/2018,SOFR,2.2,2.14,2.18,2.26,2.31,845,-0.020857474,,,,,,,,,,
11/19/2018,SOFR,2.24,2.17,2.22,2.29,2.36,863,0.042270531,,,,,,,,,,
11/16/2018,SOFR,2.26,2.2,2.25,2.32,2.38,828,-0.021276596,,,,,,,,,,
11/15/2018,SOFR,2.28,2.2,2.26,2.34,2.39,846,0.053549191,,,,,,,,,,
11/14/2018,SOFR,2.2,2.15,2.17,2.25,2.3,803,-0.017135863,,,,,,,,,,
11/13/2018,SOFR,2.2,2.13,2.17,2.25,2.3,817,-0.022727273,,,,,,,,,,
11/09/2018,SOFR,2.2,2.14,2.19,2.26,2.32,836,0.020757021,,,,,,,,,,
11/08/2018,SOFR,2.21,2.16,2.2,2.27,2.33,819,-0.004860267,,,,,,,,,,
11/07/2018,SOFR,2.18,2.12,2.16,2.23,2.29,823,0.026184539,,,,,,,,,,
11/06/2018,SOFR,2.22,2.1,2.22,2.28,2.34,802,-0.047505938,,,,,,,,,,
11/05/2018,SOFR,2.24,2.15,2.23,2.3,2.36,842,-0.012895662,,,,,,,,,,
11/02/2018,SOFR,2.25,2.2,2.24,2.32,2.38,853,0.021556886,,,,,,,,,,
11/01/2018,SOFR,2.22,2.16,2.2,2.29,2.45,835,-0.016489988,,,,,,,,,,
10/31/2018,SOFR,2.22,2.15,2.19,2.28,2.35,849,0.077411168,,,,,,,,,,
10/30/2018,SOFR,2.18,2.14,2.17,2.24,2.29,788,-0.022332506,,,,,,,,,,
10/29/2018,SOFR,2.18,2.12,2.17,2.24,2.3,806,0.03465982,,,,,,,,,,
10/26/2018,SOFR,2.19,2.14,2.17,2.25,2.3,779,-0.052311436,,,,,,,,,,
10/25/2018,SOFR,2.19,2.14,2.17,2.25,2.3,822,-0.007246377,,,,,,,,,,
10/24/2018,SOFR,2.18,2.12,2.16,2.24,2.29,828,0.062901155,,,,,,,,,,
10/23/2018,SOFR,2.17,2.13,2.15,2.23,2.28,779,-0.01517067,,,,,,,,,,
10/22/2018,SOFR,2.18,2.13,2.17,2.24,2.29,791,0.007643312,,,,,,,,,,
10/19/2018,SOFR,2.19,2.15,2.17,2.25,2.3,785,-0.030864198,,,,,,,,,,
10/18/2018,SOFR,2.19,2.15,2.18,2.26,2.3,810,0.050583658,,,,,,,,,,
10/17/2018,SOFR,2.18,2.14,2.17,2.25,2.29,771,-0.055147059,,,,,,,,,,
10/16/2018,SOFR,2.18,2.13,2.17,2.25,2.29,816,-0.025089606,,,,,,,,,,
10/15/2018,SOFR,2.21,2.15,2.19,2.27,2.31,837,-0.017605634,,,,,,,,,,
10/12/2018,SOFR,2.18,2.14,2.16,2.25,2.28,852,0.016706444,,,,,,,,,,
10/11/2018,SOFR,2.17,2.11,2.16,2.24,2.28,838,-0.001191895,,,,,,,,,,
10/10/2018,SOFR,2.15,2.11,2.14,2.22,2.27,839,-0.01871345,,,,,,,,,,
10/09/2018,SOFR,2.15,2.1,2.13,2.21,2.27,855,-0.020618557,,,,,,,,,,
10/05/2018,SOFR,2.16,2.12,2.14,2.22,2.27,873,0.069852941,,,,,,,,,,
10/04/2018,SOFR,2.18,2.14,2.17,2.24,2.28,816,-0.045614035,,,,,,,,,,
10/03/2018,SOFR,2.2,2.14,2.18,2.26,2.3,855,-0.006968641,,,,,,,,,,
10/02/2018,SOFR,2.2,2.15,2.19,2.27,2.3,861,-0.061068702,,,,,,,,,,
10/01/2018,SOFR,2.22,2.15,2.2,2.28,2.33,917,0.136307311,,,,,,,,,,
09/28/2018,SOFR,2.25,2.1,2.24,2.33,2.4,807,-0.021818182,,,,,,,,,,
09/27/2018,SOFR,2.16,2.1,2.15,2.22,2.26,825,-0.003623188,,,,,,,,,,
09/26/2018,SOFR,1.92,1.85,1.91,1.98,2.01,828,0.017199017,,,,,,,,,,
09/25/2018,SOFR,1.93,1.85,1.91,1.98,2.02,814,0.018773467,,,,,,,,,,
09/24/2018,SOFR,1.95,1.88,1.94,2.01,2.05,799,0.023047375,,,,,,,,,,
09/21/2018,SOFR,1.92,1.87,1.9,1.97,2.01,781,-0.033415842,,,,,,,,,,
09/20/2018,SOFR,1.92,1.85,1.9,1.98,2.01,808,0.017632242,,,,,,,,,,
09/19/2018,SOFR,1.92,1.87,1.9,1.97,2.01,794,-0.030525031,,,,,,,,,,
09/18/2018,SOFR,1.94,1.86,1.91,1.99,2.02,819,0.038022814,,,,,,,,,,
09/17/2018,SOFR,2,1.9,1.97,2.05,2.1,789,-0.011278195,,,,,,,,,,
09/14/2018,SOFR,1.95,1.88,1.91,1.99,2.07,798,-0.014814815,,,,,,,,,,
09/13/2018,SOFR,1.94,1.87,1.91,1.99,2.02,810,0,,,,,,,,,,
09/12/2018,SOFR,1.94,1.85,1.92,1.99,2.03,810,0.009975062,,,,,,,,,,
09/11/2018,SOFR,1.94,1.85,1.92,1.99,2.04,802,-0.017156863,,,,,,,,,,
09/10/2018,SOFR,1.94,1.86,1.92,1.99,2.03,816,0.017456359,,,,,,,,,,
09/07/2018,SOFR,1.94,1.88,1.91,1.99,2.04,802,0.003754693,,,,,,,,,,
09/06/2018,SOFR,1.94,1.88,1.91,1.99,2.04,799,0.001253133,,,,,,,,,,
09/05/2018,SOFR,1.95,1.88,1.93,2,2.04,798,-0.042016807,,,,,,,,,,
09/04/2018,SOFR,1.95,1.88,1.93,2.01,2.05,833,0.036069652,,,,,,,,,,
08/31/2018,SOFR,1.97,1.9,1.95,2.03,2.08,804,0.011320755,,,,,,,,,,
08/30/2018,SOFR,1.93,1.86,1.92,2,2.05,795,-0.00250941,,,,,,,,,,
08/29/2018,SOFR,1.93,1.86,1.92,1.99,2.03,797,-0.009937888,,,,,,,,,,
08/28/2018,SOFR,1.95,1.87,1.94,2.02,2.06,805,-0.011056511,,,,,,,,,,
08/27/2018,SOFR,1.95,1.89,1.94,2.02,2.07,814,0.053040103,,,,,,,,,,
08/24/2018,SOFR,1.95,1.89,1.94,2.01,2.05,773,0,,,,,,,,,,
08/23/2018,SOFR,1.94,1.87,1.92,2,2.05,773,-0.017789072,,,,,,,,,,
08/22/2018,SOFR,1.9,1.85,1.89,1.96,2.03,787,0.019430052,,,,,,,,,,
08/21/2018,SOFR,1.9,1.85,1.88,1.95,2,772,-0.007712082,,,,,,,,,,
08/20/2018,SOFR,1.9,1.85,1.89,1.95,1.99,778,-0.026282854,,,,,,,,,,
08/17/2018,SOFR,1.9,1.86,1.9,1.96,2.01,799,0.02173913,,,,,,,,,,
08/16/2018,SOFR,1.99,1.91,1.98,2.05,2.09,782,-0.030978934,,,,,,,,,,
08/15/2018,SOFR,1.98,1.9,1.97,2.04,2.1,807,0.106995885,,,,,,,,,,
08/14/2018,SOFR,1.93,1.87,1.91,1.98,2.06,729,-0.005457026,,,,,,,,,,
08/13/2018,SOFR,1.91,1.85,1.89,1.96,2.04,733,-0.002721088,,,,,,,,,,
08/10/2018,SOFR,1.9,1.85,1.87,1.95,2.05,735,-0.034165572,,,,,,,,,,
08/09/2018,SOFR,1.91,1.85,1.9,1.97,2.01,761,0.031165312,,,,,,,,,,
08/08/2018,SOFR,1.88,1.84,1.87,1.94,1.98,738,0.008196721,,,,,,,,,,
08/07/2018,SOFR,1.87,1.84,1.86,1.93,1.97,732,-0.040629096,,,,,,,,,,
08/06/2018,SOFR,1.86,1.82,1.84,1.92,2,763,0,,,,,,,,,,
08/03/2018,SOFR,1.86,1.81,1.83,1.91,2.02,763,-0.023047375,,,,,,,,,,
08/02/2018,SOFR,1.91,1.84,1.9,1.96,2.01,781,-0.006361323,,,,,,,,,,
08/01/2018,SOFR,1.88,1.83,1.86,1.93,2,786,-0.016270338,,,,,,,,,,
07/31/2018,SOFR,1.93,1.85,1.91,1.98,2.03,799,0.040364583,,,,,,,,,,
07/30/2018,SOFR,1.88,1.82,1.86,1.93,1.97,768,-0.007751938,,,,,,,,,,
07/27/2018,SOFR,1.88,1.83,1.87,1.94,1.98,774,-0.012755102,,,,,,,,,,
07/26/2018,SOFR,1.9,1.85,1.89,1.96,2,784,0.041168659,,,,,,,,,,
07/25/2018,SOFR,1.87,1.83,1.86,1.93,1.98,753,-0.028387097,,,,,,,,,,
07/24/2018,SOFR,1.9,1.82,1.89,1.95,2,775,0.014397906,,,,,,,,,,
07/23/2018,SOFR,1.87,1.84,1.86,1.93,1.97,764,-0.01164295,,,,,,,,,,
07/20/2018,SOFR,1.88,1.84,1.86,1.94,1.97,773,0.00520156,,,,,,,,,,
07/19/2018,SOFR,1.9,1.84,1.88,1.96,1.99,769,-0.017879949,,,,,,,,,,
07/18/2018,SOFR,1.9,1.83,1.87,1.95,1.98,783,0.022193211,,,,,,,,,,
07/17/2018,SOFR,1.92,1.86,1.9,1.98,2.02,766,-0.001303781,,,,,,,,,,
07/16/2018,SOFR,1.95,1.87,1.92,2,2.05,767,0.043537415,,,,,,,,,,
07/13/2018,SOFR,1.9,1.84,1.87,1.95,2.05,735,-0.016064257,,,,,,,,,,
07/12/2018,SOFR,1.9,1.84,1.87,1.94,1.98,747,-0.024804178,,,,,,,,,,
07/11/2018,SOFR,1.89,1.83,1.86,1.93,1.96,766,0.005249344,,,,,,,,,,
07/10/2018,SOFR,1.89,1.83,1.87,1.94,2,762,-0.028061224,,,,,,,,,,
07/09/2018,SOFR,1.89,1.84,1.87,1.94,1.97,784,0.031578947,,,,,,,,,,
07/06/2018,SOFR,1.93,1.85,1.9,1.98,2.02,760,-0.058240397,,,,,,,,,,
07/05/2018,SOFR,1.97,1.85,1.95,2.03,2.07,807,0.05078125,,,,,,,,,,
07/03/2018,SOFR,2,1.85,1.98,2.06,2.1,768,-0.009032258,,,,,,,,,,
07/02/2018,SOFR,2.04,1.93,2.01,2.1,2.15,775,0.103988604,,,,,,,,,,
06/29/2018,SOFR,2.12,1.8,2.1,2.22,2.37,702,-0.0859375,,,,,,,,,,
06/28/2018,SOFR,1.93,1.85,1.9,1.97,2.15,768,0.010526316,,,,,,,,,,
06/27/2018,SOFR,1.9,1.83,1.88,1.95,1.99,760,0.003963012,,,,,,,,,,
06/26/2018,SOFR,1.9,1.8,1.89,1.95,1.99,757,0.002649007,,,,,,,,,,
06/25/2018,SOFR,1.91,1.8,1.89,1.95,2.01,755,0.017520216,,,,,,,,,,
06/22/2018,SOFR,1.92,1.83,1.9,1.96,2.01,742,-0.014608234,,,,,,,,,,
06/21/2018,SOFR,1.87,1.8,1.83,1.91,2,753,-0.020806242,,,,,,,,,,
06/20/2018,SOFR,1.87,1.8,1.83,1.91,1.94,769,-0.037546934,,,,,,,,,,
06/19/2018,SOFR,1.88,1.81,1.84,1.92,1.96,799,0,,,,,,,,,,
06/18/2018,SOFR,1.9,1.82,1.85,1.93,1.98,799,-0.003740648,,,,,,,,,,
06/15/2018,SOFR,1.91,1.84,1.87,1.96,2.05,802,-0.019559902,,,,,,,,,,
06/14/2018,SOFR,1.9,1.8,1.87,1.94,1.99,818,0.00122399,,,,,,,,,,
06/13/2018,SOFR,1.71,1.62,1.68,1.75,1.8,817,0.055555556,,,,,,,,,,
06/12/2018,SOFR,1.67,1.62,1.65,1.72,1.78,774,-0.021491783,,,,,,,,,,
06/11/2018,SOFR,1.69,1.6,1.66,1.73,1.76,791,-0.018610422,,,,,,,,,,
06/08/2018,SOFR,1.69,1.64,1.67,1.74,1.77,806,-0.008610086,,,,,,,,,,
06/07/2018,SOFR,1.71,1.65,1.69,1.76,1.8,813,0.009937888,,,,,,,,,,
06/06/2018,SOFR,1.73,1.65,1.7,1.77,1.8,805,0.010037641,,,,,,,,,,
06/05/2018,SOFR,1.75,1.67,1.72,1.8,1.83,797,-0.033939394,,,,,,,,,,
06/04/2018,SOFR,1.8,1.68,1.76,1.84,1.88,825,0.022304833,,,,,,,,,,
06/01/2018,SOFR,1.81,1.71,1.77,1.86,1.92,807,-0.074541284,,,,,,,,,,
05/31/2018,SOFR,1.81,1.73,1.78,1.88,2.05,872,0.088639201,,,,,,,,,,
05/30/2018,SOFR,1.72,1.67,1.7,1.78,1.81,801,0.006281407,,,,,,,,,,
05/29/2018,SOFR,1.72,1.67,1.7,1.78,1.82,796,0.062750334,,,,,,,,,,
05/25/2018,SOFR,1.73,1.65,1.7,1.78,1.82,749,-0.029792746,,,,,,,,,,
05/24/2018,SOFR,1.74,1.66,1.71,1.79,1.84,772,0.058984911,,,,,,,,,,
05/23/2018,SOFR,1.67,1.6,1.63,1.7,1.8,729,-0.02540107,,,,,,,,,,
05/22/2018,SOFR,1.65,1.59,1.63,1.69,1.75,748,-0.031088083,,,,,,,,,,
05/21/2018,SOFR,1.69,1.63,1.66,1.73,1.77,772,0.029333333,,,,,,,,,,
05/18/2018,SOFR,1.73,1.65,1.69,1.77,1.81,750,-0.00530504,,,,,,,,,,
05/17/2018,SOFR,1.74,1.66,1.71,1.8,1.84,754,0,,,,,,,,,,
05/16/2018,SOFR,1.75,1.65,1.7,1.79,1.82,754,-0.020779221,,,,,,,,,,
05/15/2018,SOFR,1.79,1.65,1.73,1.84,1.88,770,0.039136302,,,,,,,,,,
05/14/2018,SOFR,1.75,1.65,1.7,1.79,1.82,741,-0.006702413,,,,,,,,,,
05/11/2018,SOFR,1.73,1.63,1.7,1.79,1.83,746,0.012211669,,,,,,,,,,
05/10/2018,SOFR,1.73,1.64,1.69,1.79,1.83,737,-0.058748404,,,,,,,,,,
05/09/2018,SOFR,1.72,1.64,1.68,1.77,1.82,783,0.049597855,,,,,,,,,,
05/08/2018,SOFR,1.72,1.65,1.68,1.77,1.81,746,-0.018421053,,,,,,,,,,
05/07/2018,SOFR,1.71,1.65,1.67,1.76,1.84,760,0.010638298,,,,,,,,,,
05/04/2018,SOFR,1.72,1.65,1.68,1.77,1.8,752,-0.009222661,,,,,,,,,,
05/03/2018,SOFR,1.74,1.64,1.7,1.79,1.83,759,0.007968127,,,,,,,,,,
05/02/2018,SOFR,1.75,1.64,1.7,1.79,1.83,753,-0.010512484,,,,,,,,,,
05/01/2018,SOFR,1.76,1.65,1.7,1.8,1.84,761,-0.018064516,,,,,,,,,,
04/30/2018,SOFR,1.77,1.66,1.72,1.82,1.86,775,0.058743169,,,,,,,,,,
04/27/2018,SOFR,1.72,1.63,1.68,1.77,1.8,732,0.009655172,,,,,,,,,,
04/26/2018,SOFR,1.72,1.64,1.67,1.77,1.8,725,-0.004120879,,,,,,,,,,
04/25/2018,SOFR,1.71,1.63,1.67,1.76,1.79,728,-0.025435074,,,,,,,,,,
04/24/2018,SOFR,1.71,1.64,1.68,1.76,1.8,747,-0.010596026,,,,,,,,,,
04/23/2018,SOFR,1.7,1.63,1.67,1.75,1.79,755,0.039944904,,,,,,,,,,
04/20/2018,SOFR,1.72,1.64,1.67,1.76,1.79,726,-0.025503356,,,,,,,,,,
04/19/2018,SOFR,1.73,1.64,1.67,1.76,1.81,745,0.009485095,,,,,,,,,,
04/18/2018,SOFR,1.75,1.66,1.69,1.8,1.83,738,0.012345679,,,,,,,,,,
04/17/2018,SOFR,1.76,1.67,1.7,1.81,1.85,729,-0.053246753,,,,,,,,,,
04/16/2018,SOFR,1.77,1.65,1.7,1.82,1.85,770,-0.007731959,,,,,,,,,,
04/13/2018,SOFR,1.72,1.64,1.68,1.77,1.82,776,-0.109070034,,,,,,,,,,
04/12/2018,SOFR,1.73,1.64,1.68,1.77,1.8,871,0.073982737,,,,,,,,,,
04/11/2018,SOFR,1.76,1.65,1.7,1.8,1.83,811,0,,,,,,,,,,
04/10/2018,SOFR,1.75,1.66,1.7,1.8,1.84,811,-0.026410564,,,,,,,,,,
04/09/2018,SOFR,1.75,1.65,1.7,1.8,1.85,833,-0.014201183,,,,,,,,,,
04/06/2018,SOFR,1.75,1.65,1.7,1.8,1.84,845,0.019300362,,,,,,,,,,
04/05/2018,SOFR,1.75,1.65,1.7,1.81,1.85,829,-0.034924331,,,,,,,,,,
04/04/2018,SOFR,1.74,1.65,1.7,1.79,1.84,859,0.041212121,,,,,,,,,,
04/03/2018,SOFR,1.83,1.62,1.81,1.91,2,825,-0.028268551,,,,,,,,,,
04/02/2018,SOFR,1.8,1.25,1.77,1.89,2.25,849,,,,,,,,,,,