PeriodStart,VolOfVol
2014-06-30 08:30:00,0.0010324824838194
2014-07-09 08:30:00,0.0007595308931138
2014-07-10 08:30:00,0.0013041917121636
2014-07-11 08:30:00,0.0005430611115265171
2014-07-14 08:30:00,0.0005678453710043
2014-07-15 08:30:00,0.0009529513790167999
2014-07-16 08:30:00,0.0009417169702934
2014-07-17 08:30:00,0.0022001849569162
2014-07-18 08:30:00,0.0009409347497132
2014-07-24 08:30:00,0.0004987783243147
2014-07-25 08:30:00,0.0006706157837177
2014-07-30 08:30:00,0.0012069887817482
2014-07-31 08:30:00,0.0017166656323248
2014-08-01 08:30:00,0.0032743818005493
2014-08-04 08:30:00,0.0016306252145759
2014-08-05 08:30:00,0.0028019953892074
2014-08-06 08:30:00,0.0015976524587459
2014-08-07 08:30:00,0.0021054242757347
2014-08-08 08:30:00,0.0011374979037688
2014-08-11 08:30:00,0.0010913443727146
2014-08-12 08:30:00,0.0012867654672546
2014-08-13 08:30:00,0.0007214237974087
2014-08-14 08:30:00,0.0005369551510494
2014-08-15 08:30:00,0.0035990948548073397
2014-08-18 08:30:00,0.00067040328502
2014-08-19 08:30:00,0.0005618098399947
2014-08-21 08:30:00,0.0002677254351513
2014-08-22 08:30:00,0.0008505518497995
2014-08-25 08:30:00,0.0004911077604715
2014-08-27 08:30:00,0.00020205042429708407
2014-08-28 08:30:00,0.0002995923782503
2014-09-04 08:30:00,0.0007287482036530999
2014-09-09 08:30:00,0.0008845956847781
2014-09-10 08:30:00,0.0007088540977135406
2014-09-11 08:30:00,0.0006405136128052919
2014-09-12 08:30:00,0.0009811234907319152
2014-09-15 08:30:00,0.0006871230586856593
2014-09-18 08:30:00,0.00046116982452430006
2014-09-19 08:30:00,0.0008092832496023
2014-09-22 08:30:00,0.0006680954597478
2014-09-23 08:30:00,0.0007727728429285
2014-09-25 08:30:00,0.0016471241099025
2014-09-26 08:30:00,0.0008751653467056
2014-09-29 08:30:00,0.0012124254986416
2014-09-30 08:30:00,0.0011821558254538
2014-10-01 08:30:00,0.0009106308467773
2014-10-02 08:30:00,0.0014337569137709
2014-10-03 08:30:00,0.0014267338278598
2014-10-06 08:30:00,0.0012516151839691001
2014-10-07 08:30:00,0.0010920045261073
2014-10-08 08:30:00,0.0019734554604481
2014-10-09 08:30:00,0.0031486446795831
2014-10-10 08:30:00,0.004069300304893
2014-10-13 08:30:00,0.0060290386592661
2014-10-14 08:30:00,0.0069944454304142
2014-10-15 08:30:00,0.00890399082370019
2014-10-16 08:30:00,0.006889449410478206
2014-10-17 08:30:00,0.002375871800428885
2014-10-20 08:30:00,0.001591755349972915
2014-10-21 08:30:00,0.0008280038844065
2014-10-22 08:30:00,0.0020719876015765
2014-10-23 08:30:00,0.0012189365548295
2014-10-24 08:30:00,0.0022754791052814
2014-10-27 08:30:00,0.0010471149796003
2014-10-28 08:30:00,0.0007184336945157
2014-10-29 08:30:00,0.0021802287573705
2014-10-30 08:30:00,0.0012655875151389
2014-10-31 08:30:00,0.0006962294211971
2014-11-03 08:30:00,0.000778465825592
2014-11-04 08:30:00,0.0008728003499492937
2014-11-05 08:30:00,0.0008172864441591
2014-11-06 08:30:00,0.0005388283325476784
2014-11-10 08:30:00,0.000527512935000679
2014-11-11 08:30:00,0.0006140065921490197
2014-11-12 08:30:00,0.0007483014488748657
2014-11-13 08:30:00,0.001431727809212641
2014-11-14 08:30:00,0.0009224886340186537
2014-11-17 08:30:00,0.0008390959037772655
2014-11-18 08:30:00,0.0004790275766404
2014-11-19 08:30:00,0.0006371750700993
2014-11-20 08:30:00,0.0004948256895364
2014-11-21 08:30:00,0.0005763198041061
2014-11-25 08:30:00,0.0004117489032092
2014-11-26 08:30:00,0.0004319881794718
2014-11-28 08:30:00,0.0003523747331924
2014-12-01 08:30:00,0.0010688041691839
2014-12-02 08:30:00,0.0008246332396993
2014-12-08 08:30:00,0.0011601666491506222
2014-12-09 08:30:00,0.0015848071055266837
2014-12-10 08:30:00,0.0018235552825578722
2014-12-11 08:30:00,0.0029550062379359527
2014-12-12 08:30:00,0.0031667674438708147
2014-12-15 08:30:00,0.004927286625037284
2014-12-16 08:30:00,0.0037483157731907995
2014-12-17 08:30:00,0.0040815189477053
2014-12-18 08:30:00,0.0016129964694345
2014-12-19 08:30:00,0.0011066175135645
2014-12-22 08:30:00,0.00069434808329
2014-12-26 08:30:00,0.0003256935092859
2014-12-31 08:30:00,0.0015906439222427
2015-01-02 08:30:00,0.0034671554683514
2015-01-05 08:30:00,0.0017157269204474
2015-01-06 08:30:00,0.0031978837939612
2015-01-07 08:30:00,0.0013902395478775
2015-01-08 08:30:00,0.0007333748178284
2015-01-09 08:30:00,0.0024238677901288
2015-01-12 08:30:00,0.002411082085859545
2015-01-13 08:30:00,0.0024394048963985253
2015-01-14 08:30:00,0.001940806566260101
2015-01-15 08:30:00,0.0027022142995156524
2015-01-16 08:30:00,0.001986374958541717
2015-01-20 08:30:00,0.0017190355189121997
2015-01-21 08:30:00,0.0017202700914327998
2015-01-22 08:30:00,0.0012598235502875
2015-01-23 08:30:00,0.000935657901119
2015-01-26 08:30:00,0.0009516814598209
2015-01-27 08:30:00,0.0011960562934218
2015-01-28 08:30:00,0.0021908665692429
2015-01-29 08:30:00,0.0020355900965142
2015-01-30 08:30:00,0.0026304352139731
2015-02-02 08:30:00,0.002783495518685
2015-02-03 08:30:00,0.0009341284251916
2015-02-04 08:30:00,0.0019385402825577
2015-02-05 08:30:00,0.0006140786078748165
2015-02-06 08:30:00,0.001365069082210946
2015-02-09 08:30:00,0.0009378610717480796
2015-02-10 08:30:00,0.0005851017285899413
2015-02-11 08:30:00,0.0007664650765634849
2015-02-12 08:30:00,0.0006037808491386464
2015-02-13 08:30:00,0.0006914173119607765
2015-02-17 08:30:00,0.0005231723522707
2015-02-18 08:30:00,0.00048379089415109995
2015-02-20 08:30:00,0.0007558715451993
2015-02-24 08:30:00,0.0007104122196966
2015-02-25 08:30:00,0.0009123700030811
2015-02-26 08:30:00,0.0011480705718316
2015-02-27 08:30:00,0.0009890401182504
2015-03-02 08:30:00,0.0003843753515795
2015-03-03 08:30:00,0.0010049482895564
2015-03-05 08:30:00,0.0006008540957731
2015-03-06 08:30:00,0.0011192725977105
2015-03-09 08:30:00,0.0005583032716883663
2015-03-10 08:30:00,0.0008137821185696182
2015-03-11 08:30:00,0.0008085102795017836
2015-03-12 08:30:00,0.0005734201746128331
2015-03-13 08:30:00,0.0009774539571863
2015-03-16 08:30:00,0.0004559804097172936
2015-03-17 08:30:00,0.00042593961450059994
2015-03-18 08:30:00,0.001281775371687
2015-03-19 08:30:00,0.0006959532673781
2015-03-20 08:30:00,0.0006926380938383
2015-03-23 08:30:00,0.0005403320051633
2015-03-24 08:30:00,0.0006302898036439
2015-03-25 08:30:00,0.0010598506736411
2015-03-26 08:30:00,0.0015666757056003
2015-03-27 08:30:00,0.0007216206046924
2015-03-30 08:30:00,0.0003753678238643
2015-03-31 08:30:00,0.0005670957444066
2015-04-01 08:30:00,0.0010983416272129
2015-04-06 08:30:00,0.0005202295595921
2015-04-07 08:30:00,0.00040850604832580006
2015-04-08 08:30:00,0.0007780042430369
2015-04-09 08:30:00,0.0005984894632831
2015-04-10 08:30:00,0.00047986226295134636
2015-04-13 08:30:00,0.000998845505914511
2015-04-14 08:30:00,0.0008128314099082
2015-04-15 08:30:00,0.0005981547371368
2015-04-16 08:30:00,0.0005216337296842
2015-04-17 08:30:00,0.0008774476124358
2015-04-20 08:30:00,0.0006485733609989
2015-04-21 08:30:00,0.0006475680522783
2015-04-22 08:30:00,0.0005203912356244
2015-04-23 08:30:00,0.0006229717623317
2015-04-24 08:30:00,0.0004638039568242
2015-04-27 08:30:00,0.0008704911738855
2015-04-28 08:30:00,0.0013299264798241
2015-04-29 08:30:00,0.0013539950710058
2015-04-30 08:30:00,0.0012832386099525
2015-05-01 08:30:00,0.0007677225794577
2015-05-04 08:30:00,0.00043371608509229997
2015-05-05 08:30:00,0.0011686648036266
2015-05-06 08:30:00,0.0015553866431642
2015-05-07 08:30:00,0.0011802547824402
2015-05-08 08:30:00,0.0004559713408932
2015-05-11 08:30:00,0.0008620846922773001
2015-05-12 08:30:00,0.0008965300139929333
2015-05-13 08:30:00,0.0012130875750375
2015-05-14 08:30:00,0.0006051203428748
2015-05-15 08:30:00,0.0004181435397492
2015-05-18 08:30:00,0.00045654208406545034
2015-05-19 08:30:00,0.0009264849742698
2015-05-20 08:30:00,0.0006180715928928
2015-05-21 08:30:00,0.000444585021034
2015-05-22 08:30:00,0.0006611051237179
2015-05-26 08:30:00,0.0008475149609949
2015-05-27 08:30:00,0.0005930061597406
2015-05-28 08:30:00,0.0008505158334355
2015-05-29 08:30:00,0.0008643237375564
2015-06-01 08:30:00,0.0007501610292244001
2015-06-02 08:30:00,0.0005340968056967463
2015-06-03 08:30:00,0.00046986861624981867
2015-06-04 08:30:00,0.0008244134235873646
2015-06-05 08:30:00,0.000849512345443
2015-06-08 08:30:00,0.00042137445457982053
2015-06-09 08:30:00,0.0007071866995789
2015-06-10 08:30:00,0.0005077099136717401
2015-06-11 08:30:00,0.000713126194966709
2015-06-12 08:30:00,0.0006842281980012709
2015-06-15 08:30:00,0.0008608504466595119
2015-06-16 08:30:00,0.00047326132365549996
2015-06-17 08:30:00,0.0008244370254152001
2015-06-19 08:30:00,0.00041559236938960007
2015-06-22 08:30:00,0.0005396069665771
2015-06-23 08:30:00,0.0005652146331575
2015-06-24 08:30:00,0.000599689856393
2015-06-25 08:30:00,0.0009732725044186
2015-06-26 08:30:00,0.0007448316839056
2015-06-29 08:30:00,0.0016869772077392
2015-06-30 08:30:00,0.0032400291882775
2015-07-01 08:30:00,0.0016901995122103
2015-07-02 08:30:00,0.0016761213527322
2015-07-06 08:30:00,0.001595841069662
2015-07-07 08:30:00,0.003285195756835
2015-07-08 08:30:00,0.0029301639047586
2015-07-09 08:30:00,0.0015893729279987997
2015-07-10 08:30:00,0.0014576820674943
2015-07-13 08:30:00,0.0009928464076816
2015-07-14 08:30:00,0.00080341195057
2015-07-15 08:30:00,0.001282919028341
2015-07-16 08:30:00,0.0006836159362995605
2015-07-20 08:30:00,0.0007394132442679
2015-07-21 08:30:00,0.0010082582707541155
2015-07-22 08:30:00,0.0006877796690294
2015-07-23 08:30:00,0.0012800397857571
2015-07-24 08:30:00,0.0011418271600481
2015-07-27 08:30:00,0.0015003266595255
2015-07-28 08:30:00,0.0012823999790595
2015-07-29 08:30:00,0.0007546722841221002
2015-07-30 08:30:00,0.0008679472102869
2015-07-31 08:30:00,0.0009235916705049
2015-08-03 08:30:00,0.0008942886347624001
2015-08-04 08:30:00,0.0008740236318198
2015-08-06 08:30:00,0.0011842384678992155
2015-08-07 08:30:00,0.0010758565934280797
2015-08-10 08:30:00,0.0003640200968012243
2015-08-11 08:30:00,0.0009124241428263671
2015-08-12 08:30:00,0.0019109313741811121
2015-08-13 08:30:00,0.0009504945478795235
2015-08-14 08:30:00,0.0005547503038930361
2015-08-17 08:30:00,0.0008147282440819245
2015-08-18 08:30:00,0.0005287786180952
2015-08-19 08:30:00,0.0011665707901011
2015-08-20 08:30:00,0.0013823646761439
2015-08-21 08:30:00,0.0042351918909951
2015-08-24 08:30:00,0.0319201167864936
2015-08-25 08:30:00,0.0086935424585396
2015-08-26 08:30:00,0.0078797092543841
2015-08-27 08:30:00,0.0057249437980241
2015-08-28 08:30:00,0.0030581601403546
2015-08-31 08:30:00,0.0016269547510067
2015-09-01 08:30:00,0.0027812315618861
2015-09-02 08:30:00,0.0022339331325346
2015-09-03 08:30:00,0.0038440256426396
2015-09-04 08:30:00,0.0020692963109188
2015-09-08 08:30:00,0.0010978351740497244
2015-09-09 08:30:00,0.0025371064089114983
2015-09-10 08:30:00,0.002315233857954375
2015-09-11 08:30:00,0.0011474728092671996
2015-09-14 08:30:00,0.0010198962559419518
2015-09-15 08:30:00,0.0009482158764232543
2015-09-16 08:30:00,0.0015647674630527
2015-09-17 08:30:00,0.0056286814675873
2015-09-18 08:30:00,0.0022425926971565
2015-09-21 08:30:00,0.002120548817339
2015-09-22 08:30:00,0.0020536153961064
2015-09-23 08:30:00,0.0018136961268547
2015-09-24 08:30:00,0.0020063333568475
2015-09-25 08:30:00,0.0018131071083478595
2015-09-28 08:30:00,0.0015117657413457033
2015-09-29 08:30:00,0.0023841684010755494
2015-09-30 08:30:00,0.0009891307155313889
2015-10-01 08:30:00,0.001141930456011103
2015-10-02 08:30:00,0.0010933883166112524
2015-10-05 08:30:00,0.0007201944648259354
2015-10-06 08:30:00,0.0011048016932755644
2015-10-07 08:30:00,0.0011458156912026005
2015-10-08 08:30:00,0.0011242851627534592
2015-10-09 08:30:00,0.0014110982450170999
2015-10-12 08:30:00,0.000955402999113113
2015-10-13 08:30:00,0.0013685861810776442
2015-10-14 08:30:00,0.0018523950247884297
2015-10-15 08:30:00,0.0013454385703014118
2015-10-16 08:30:00,0.001153384118444553
2015-10-19 08:30:00,0.0014360004142256913
2015-10-20 08:30:00,0.0013598885902522
2015-10-21 08:30:00,0.001924180279147363
2015-10-22 08:30:00,0.0012825895599388537
2015-10-23 08:30:00,0.001343477125342414
2015-10-26 08:30:00,0.0008404419175869
2015-10-27 08:30:00,0.0009226350453852914
2015-10-28 08:30:00,0.0018067766744945888
2015-10-29 08:30:00,0.0009703653497331116
2015-10-30 08:30:00,0.000719935032086698
2015-11-02 08:30:00,0.0008231465085923
2015-11-03 08:30:00,0.0007264580401147517
2015-11-04 08:30:00,0.0011291067874749999
2015-11-05 08:30:00,0.0011271616670765494
2015-11-06 08:30:00,0.0014531476869923
2015-11-09 08:30:00,0.0010280008655136513
2015-11-10 08:30:00,0.0007584856810994484
2015-11-11 08:30:00,0.0008439555772857656
2015-11-12 08:30:00,0.001242286552499136
2015-11-13 08:30:00,0.0021249856347004756
2015-11-16 08:30:00,0.001855869910957126
2015-11-17 08:30:00,0.0020015213202126
2015-11-18 08:30:00,0.0013431404590207
2015-11-19 08:30:00,0.0012064863199363
2015-11-20 08:30:00,0.000757618133655
2015-11-23 08:30:00,0.0007083843713775
2015-11-24 08:30:00,0.0009838025664336
2015-11-25 08:30:00,0.0005291017655384
2015-11-27 08:30:00,0.0002643197431736
2015-11-30 08:30:00,0.0007122383003641
2015-12-01 08:30:00,0.0007252014071609
2015-12-02 08:30:00,0.0012530217465034
2015-12-03 08:30:00,0.0023168667966492
2015-12-04 08:30:00,0.0016657230009489
2015-12-07 08:30:00,0.0018275578039283
2015-12-08 08:30:00,0.0022469416067823
2015-12-09 08:30:00,0.0030181126762243
2015-12-10 08:30:00,0.0016660096672188231
2015-12-11 08:30:00,0.0026438145756121994
2015-12-14 08:30:00,0.004162929268553003
2015-12-15 08:30:00,0.001654294157405
2015-12-16 08:30:00,0.0022275508923697
2015-12-17 08:30:00,0.0019308159002865
2015-12-18 08:30:00,0.0020492667533656
2015-12-21 08:30:00,0.0013824987788699
2015-12-22 08:30:00,0.000882289537026
2015-12-23 08:30:00,0.0008650176321052
2015-12-24 08:30:00,0.0002222964163681
2015-12-28 08:30:00,0.0009102444704444
2015-12-29 08:30:00,0.000746043506392
2015-12-31 08:30:00,0.0006812720724845
2016-01-04 08:30:00,0.0017099096499478
2016-01-05 08:30:00,0.0015736228903766
2016-01-06 08:30:00,0.0017064502483615
2016-01-07 08:30:00,0.003059492216569
2016-01-08 08:30:00,0.0023040290921446
2016-01-11 08:30:00,0.0046758820685626
2016-01-12 08:30:00,0.003269188465435701
2016-01-13 08:30:00,0.0036406143287133217
2016-01-14 08:30:00,0.004246325105296874
2016-01-15 08:30:00,0.004361734692997072
2016-01-19 08:30:00,0.002937361035573518
2016-01-20 08:30:00,0.0036109921803791
2016-01-21 08:30:00,0.0037088083863992
2016-01-22 08:30:00,0.000775307592647
2016-01-25 08:30:00,0.0010327807697076
2016-01-26 08:30:00,0.0009948651080826
2016-01-27 08:30:00,0.0020166656470356
2016-01-28 08:30:00,0.0017956757595587
2016-01-29 08:30:00,0.0006270264543765
2016-02-01 08:30:00,0.0009042153364593
2016-02-02 08:30:00,0.0009106681845442044
2016-02-03 08:30:00,0.002958569878775751
2016-02-04 08:30:00,0.0015503807677469674
2016-02-05 08:30:00,0.001107237719634735
2016-02-08 08:30:00,0.0014375025682220198
2016-02-09 08:30:00,0.002016519113770789
2016-02-10 08:30:00,0.0011092797664869225
2016-02-11 08:30:00,0.001878704505495443
2016-02-12 08:30:00,0.0006522189866706271
2016-02-16 08:30:00,0.00044851031651902003
2016-02-17 08:30:00,0.0003775682215145
2016-02-18 08:30:00,0.0006452194512689
2016-02-19 08:30:00,0.0006924280779046
2016-02-22 08:30:00,0.00038604660383387187
2016-02-23 08:30:00,0.000744218636321285
2016-02-24 08:30:00,0.000880425956664161
2016-02-25 08:30:00,0.0006359073414782977
2016-02-26 08:30:00,0.0008764914615386216
2016-02-29 08:30:00,0.0007998051472614147
2016-03-01 08:30:00,0.000598256811991173
2016-03-02 08:30:00,0.001111469854305936
2016-03-03 08:30:00,0.0009392988731773515
2016-03-04 08:30:00,0.0010182546412642718
2016-03-07 08:30:00,0.0011207756025120694
2016-03-08 08:30:00,0.0010315521371822766
2016-03-09 08:30:00,0.0008913059665015135
2016-03-10 08:30:00,0.0021017870541339256
2016-03-11 08:30:00,0.000580455378372293
2016-03-14 08:30:00,0.0005680971392455895
2016-03-15 08:30:00,0.0005964316393102911
2016-03-16 08:30:00,0.0012284558475967
2016-03-17 08:30:00,0.0006895885967028
2016-03-18 08:30:00,0.0007323780514017
2016-03-21 08:30:00,0.0005001919556419
2016-03-22 08:30:00,0.0007210782020972
2016-03-23 08:30:00,0.0008824541030373
2016-03-24 08:30:00,0.0008432347256675
2016-03-28 08:30:00,0.0008257266951788
2016-03-29 08:30:00,0.0008336942708954
2016-03-30 08:30:00,0.0008523833330849
2016-03-31 08:30:00,0.0007725501972977
2016-04-01 08:30:00,0.0009921380103785
2016-04-04 08:30:00,0.0008290562169673001
2016-04-05 08:30:00,0.0012382298304476
2016-04-06 08:30:00,0.0010640184129628
2016-04-07 08:30:00,0.0017310573196988
2016-04-08 08:30:00,0.0015439989642782
2016-04-11 08:30:00,0.001263165333711
2016-04-12 08:30:00,0.0014474908546787204
2016-04-13 08:30:00,0.0007879941730560215
2016-04-14 08:30:00,0.0008708470984175335
2016-04-15 08:30:00,0.0005546465531045654
2016-04-18 08:30:00,0.0008942548150008341
2016-04-19 08:30:00,0.0012541733868567174
2016-04-20 08:30:00,0.0008509321880706
2016-04-21 08:30:00,0.0009760184463606
2016-04-22 08:30:00,0.0008007709274358
2016-04-25 08:30:00,0.0007282191638244
2016-04-26 08:30:00,0.0005526933401351
2016-04-27 08:30:00,0.0008781457912913
2016-04-28 08:30:00,0.0012716104715174
2016-04-29 08:30:00,0.0024906282118284
2016-05-02 08:30:00,0.001263225945693
2016-05-03 08:30:00,0.0015236206157599
2016-05-04 08:30:00,0.0011275120662344
2016-05-05 08:30:00,0.0011084202155075
2016-05-06 08:30:00,0.0012262984168977
2016-05-09 08:30:00,0.0007264086499390338
2016-05-10 08:30:00,0.000485225149225287
2016-05-11 08:30:00,0.0011530929273929763
2016-05-12 08:30:00,0.001568174418245824
2016-05-13 08:30:00,0.0012392527696080606
2016-05-16 08:30:00,0.000576750129470332
2016-05-17 08:30:00,0.0008994369923433001
2016-05-18 08:30:00,0.001755002080113
2016-05-19 08:30:00,0.001260024564872
2016-05-20 08:30:00,0.0005369951134187
2016-05-23 08:30:00,0.00034809485459970005
2016-05-24 08:30:00,0.00047516970576359996
2016-05-25 08:30:00,0.0007497989946515
2016-05-26 08:30:00,0.0005368889550947
2016-05-27 08:30:00,0.000377469510795
2016-05-31 08:30:00,0.0010727402796908
2016-06-01 08:30:00,0.0008364723350063
2016-06-02 08:30:00,0.0007147966718503
2016-06-03 08:30:00,0.001247712632675
2016-06-06 08:30:00,0.0007394984386878185
2016-06-07 08:30:00,0.0004568799707522615
2016-06-08 08:30:00,0.0005676527088612236
2016-06-09 08:30:00,0.0006212388631289587
2016-06-10 08:30:00,0.0008523939314430475
2016-06-13 08:30:00,0.0018070132089371307
2016-06-14 08:30:00,0.0040648696626105
2016-06-15 08:30:00,0.0014245145812841
2016-06-16 08:30:00,0.0022831288089015
2016-06-17 08:30:00,0.001232428345231
2016-06-20 08:30:00,0.0010111119138604
2016-06-21 08:30:00,0.0013917308185806
2016-06-22 08:30:00,0.0017444431811038
2016-06-23 08:30:00,0.0011533977493003
2016-06-24 08:30:00,0.0056109173230026
2016-06-27 08:30:00,0.002999411159766
2016-06-28 08:30:00,0.0015035463723721
2016-06-29 08:30:00,0.0011321504051309
2016-06-30 08:30:00,0.0011481172734594
2016-07-01 08:30:00,0.0012280313384629
2016-07-05 08:30:00,0.0012190604870668
2016-07-06 08:30:00,0.0016855367926141
2016-07-07 08:30:00,0.001366836634442
2016-07-08 08:30:00,0.000754476918838
2016-07-11 08:30:00,0.0009336740123616001
2016-07-12 08:30:00,0.0005328006042243
2016-07-13 08:30:00,0.0008946230572588
2016-07-14 08:30:00,0.0008922294017716
2016-07-15 08:30:00,0.000977167118541524
2016-07-18 08:30:00,0.00046294497060747007
2016-07-19 08:30:00,0.0005990281656240017
2016-07-20 08:30:00,0.0004021523170013
2016-07-21 08:30:00,0.0007261499156454
2016-07-22 08:30:00,0.00065004599395
2016-07-25 08:30:00,0.0006011774236917
2016-07-26 08:30:00,0.0006117877387144
2016-07-27 08:30:00,0.000555179844284563
2016-07-28 08:30:00,0.0006721436165927455
2016-07-29 08:30:00,0.0005283076758020481
2016-08-01 08:30:00,0.0010451562729175666
2016-08-02 08:30:00,0.0015639172518308534
2016-08-03 08:30:00,0.0006334371873538625
2016-08-04 08:30:00,0.0005446448286407196
2016-08-05 08:30:00,0.00041427495700641233
2016-08-08 08:30:00,0.0003286016171784212
2016-08-09 08:30:00,0.0006224480165392881
2016-08-10 08:30:00,0.00083800179420981
2016-08-11 08:30:00,0.0006089400009450356
2016-08-12 08:30:00,0.0007240417754079961
2016-08-15 08:30:00,0.0004145003180833475
2016-08-16 08:30:00,0.000506015066259101
2016-08-17 08:30:00,0.0008575906413756
2016-08-18 08:30:00,0.0006355268543354
2016-08-19 08:30:00,0.0003666593394711
2016-08-22 08:30:00,0.0007407645954214
2016-08-23 08:30:00,0.000293309773089
2016-08-24 08:30:00,0.00041709866463400004
2016-08-25 08:30:00,0.0006016313337426999
2016-08-26 08:30:00,0.001516710657622
2016-08-29 08:30:00,0.0004092322338081
2016-08-30 08:30:00,0.0005027427166698
2016-08-31 08:30:00,0.0006526513724301
2016-09-01 08:30:00,0.0008544549183569
2016-09-02 08:30:00,0.0005538825699402999
2016-09-06 08:30:00,0.00048302412151520006
2016-09-07 08:30:00,0.00044307187727399993
2016-09-08 08:30:00,0.000629623178762
2016-09-09 08:30:00,0.0019340867445989001
2016-09-12 08:30:00,0.0036487729414274
2016-09-13 08:30:00,0.0052946833160835
2016-09-14 08:30:00,0.0023473649321319318
2016-09-15 08:30:00,0.001551089321912875
2016-09-16 08:30:00,0.0012432946742646327
2016-09-19 08:30:00,0.001343804734401876
2016-09-20 08:30:00,0.0007254689498222
2016-09-21 08:30:00,0.0013938142855736
2016-09-22 08:30:00,0.0007126153182176
2016-09-23 08:30:00,0.0005166715433231
2016-09-26 08:30:00,0.0008997469782110001
2016-09-27 08:30:00,0.0010609210470259
2016-09-28 08:30:00,0.0008398907394864
2016-09-29 08:30:00,0.0032730443048659004
2016-09-30 08:30:00,0.0008396946222389999
2016-10-03 08:30:00,0.0005955327558331
2016-10-04 08:30:00,0.0014892406194199
2016-10-05 08:30:00,0.0003857729217817
2016-10-06 08:30:00,0.00045293189650429995
2016-10-07 08:30:00,0.0007217523147398272
2016-10-10 08:30:00,0.000298135487597593
2016-10-11 08:30:00,0.0009764548452781542
2016-10-12 08:30:00,0.000894889838823801
2016-10-13 08:30:00,0.001387621827061573
2016-10-14 08:30:00,0.0007484844244931538
2016-10-17 08:30:00,0.0005034431045106277
2016-10-18 08:30:00,0.0003338850679999
2016-10-19 08:30:00,0.0003493793304249
2016-10-20 08:30:00,0.0005786753455663
2016-10-21 08:30:00,0.0003681375456494
2016-10-24 08:30:00,0.0003501494776014
2016-10-25 08:30:00,0.0003983345871393
2016-10-26 08:30:00,0.0006976266390217
2016-10-27 08:30:00,0.000895004346278
2016-10-28 08:30:00,0.0020368304097963
2016-10-31 08:30:00,0.0007199616964579
2016-11-01 08:30:00,0.001471766811918
2016-11-02 08:30:00,0.0010679400918506745
2016-11-03 08:30:00,0.0008397227254747765
2016-11-04 08:30:00,0.0013123872240471046
2016-11-07 08:30:00,0.0009255155203362577
2016-11-08 08:30:00,0.0014463914482890055
2016-11-09 08:30:00,0.0033279144956634846
2016-11-10 08:30:00,0.004301497628299308
2016-11-11 08:30:00,0.001308510101315741
2016-11-14 08:30:00,0.0013409471787713448
2016-11-15 08:30:00,0.0006000536675154
2016-11-16 08:30:00,0.0005470571989349
2016-11-17 08:30:00,0.0004058115643758
2016-11-18 08:30:00,0.0004973047787531
2016-11-21 08:30:00,0.000419325890137
2016-11-22 08:30:00,0.0007032253673999
2016-11-23 08:30:00,0.0007336994083351
2016-11-25 08:30:00,0.000209263793226
2016-11-28 08:30:00,0.0005397380472333
2016-11-29 08:30:00,0.0003811960123939
2016-11-30 08:30:00,0.0006359895584079
2016-12-01 08:30:00,0.0013170690838245
2016-12-02 08:30:00,0.0010026051299027
2016-12-05 08:30:00,0.0007733161452522
2016-12-06 08:30:00,0.000606996341959
2016-12-07 08:30:00,0.0009227238985915001
2016-12-08 08:30:00,0.0014564415139942
2016-12-09 08:30:00,0.0007934164221702
2016-12-12 08:30:00,0.0008252429388941
2016-12-13 08:30:00,0.0008432055641057547
2016-12-14 08:30:00,0.001644992019966621
2016-12-15 08:30:00,0.000486795842175383
2016-12-16 08:30:00,0.0006636839939133614
2016-12-19 08:30:00,0.0004415893824150144
2016-12-20 08:30:00,0.000493745647238564
2016-12-21 08:30:00,0.0005430874764377
2016-12-22 08:30:00,0.0006054878283914
2016-12-27 08:30:00,0.0003598968531709
2016-12-28 08:30:00,0.0005804573496279
2016-12-29 08:30:00,0.0004992584722664
2016-12-30 08:30:00,0.0006320015058559
2017-01-03 08:30:00,0.0008301262396084
2017-01-04 08:30:00,0.0005615352953633
2017-01-05 08:30:00,0.0006878273418525
2017-01-06 08:30:00,0.0008536769611886
2017-01-09 08:30:00,0.0005716076207668
2017-01-10 08:30:00,0.0007658452993142
2017-01-11 08:30:00,0.0010776992654364184
2017-01-12 08:30:00,0.0013106142844454417
2017-01-13 08:30:00,0.0005328397115873391
2017-01-17 08:30:00,0.0005178125977847389
2017-01-18 08:30:00,0.0005526478758965
2017-01-19 08:30:00,0.0006470476976075
2017-01-20 08:30:00,0.0006885848329036
2017-01-23 08:30:00,0.0006556398294792
2017-01-24 08:30:00,0.0005366104680617
2017-01-25 08:30:00,0.0004608054577665
2017-01-26 08:30:00,0.0005053223841304
2017-01-27 08:30:00,0.0003865761889929
2017-01-30 08:30:00,0.0014654853716972
2017-01-31 08:30:00,0.0010156750218382
2017-02-01 08:30:00,0.0007438968966625
2017-02-02 08:30:00,0.0006986306597434
2017-02-03 08:30:00,0.0004734059841277
2017-02-06 08:30:00,0.0006279472582002
2017-02-07 08:30:00,0.0004261007844322
2017-02-08 08:30:00,0.0005718474734628
2017-02-09 08:30:00,0.0004949162795108
2017-02-10 08:30:00,0.000428493436185
2017-02-13 08:30:00,0.0004722858270349006
2017-02-14 08:30:00,0.0006814446443893611
2017-02-15 08:30:00,0.0010566278348073
2017-02-16 08:30:00,0.0015867000396797
2017-02-17 08:30:00,0.0009789007713222
2017-02-21 08:30:00,0.0006621890072772
2017-02-22 08:30:00,0.0007323791984765
2017-02-23 08:30:00,0.0009001791658308
2017-02-24 08:30:00,0.000770937299978
2017-02-27 08:30:00,0.0007042040286474
2017-02-28 08:30:00,0.0008797381411635
2017-03-01 08:30:00,0.0007965663284334001
2017-03-02 08:30:00,0.0009433465849898
2017-03-03 08:30:00,0.0008358822403969999
2017-03-06 08:30:00,0.0005816110925895
2017-03-07 08:30:00,0.0007370826912997
2017-03-08 08:30:00,0.0006205991459115
2017-03-09 08:30:00,0.0008993430590561
2017-03-10 08:30:00,0.0008955647449157999
2017-03-13 08:30:00,0.000600257131289
2017-03-14 08:30:00,0.0010151495509468
2017-03-15 08:30:00,0.000864005102883
2017-03-16 08:30:00,0.0005726871417184
2017-03-17 08:30:00,0.0007091148575551999
2017-03-20 08:30:00,0.0004728558314921405
2017-03-21 08:30:00,0.0022251928526487758
2017-03-22 08:30:00,0.0012844925272985
2017-03-23 08:30:00,0.0011349070308493
2017-03-24 08:30:00,0.0019168403237546
2017-03-27 08:30:00,0.0011951709225139
2017-03-28 08:30:00,0.0007445860376536
2017-03-29 08:30:00,0.0007236208938259
2017-03-30 08:30:00,0.0005404602739051
2017-03-31 08:30:00,0.0005550053160361
2017-04-03 08:30:00,0.0012747155915314
2017-04-04 08:30:00,0.0008210293020572
2017-04-05 08:30:00,0.0009280718151584
2017-04-06 08:30:00,0.0009859076281499
2017-04-07 08:30:00,0.0015852470566672
2017-04-10 08:30:00,0.0009609426207213
2017-04-11 08:30:00,0.002534750441027
2017-04-12 08:30:00,0.0013396942349814002
2017-04-13 08:30:00,0.0013831360968157
2017-04-17 08:30:00,0.0007708088317939
2017-04-18 08:30:00,0.00124229980454334
2017-04-19 08:30:00,0.0006207745997785
2017-04-20 08:30:00,0.0008051519071448
2017-04-21 08:30:00,0.0007428457285454
2017-04-24 08:30:00,0.0008100295576262
2017-04-25 08:30:00,0.0005409277116326
2017-04-26 08:30:00,0.0008361802795392
2017-04-27 08:30:00,0.0007655392658622
2017-05-01 08:30:00,0.0007440682957867
2017-05-02 08:30:00,0.0007589916716559
2017-05-03 08:30:00,0.0006697422440639
2017-05-04 08:30:00,0.0008414320191245213
2017-05-05 08:30:00,0.0005316756318620977
2017-05-08 08:30:00,0.0006024136110474788
2017-05-09 08:30:00,0.0005670024356064384
2017-05-10 08:30:00,0.000550656760080372
2017-05-11 08:30:00,0.0009699999016346439
2017-05-12 08:30:00,0.0005265342256163088
2017-05-15 08:30:00,0.00046777708790157654
2017-05-16 08:30:00,0.0007467593181616812
2017-05-17 08:30:00,0.0024602461456207
2017-05-18 08:30:00,0.0033372249963165
2017-05-19 08:30:00,0.0013938376912484998
2017-05-22 08:30:00,0.0007721526355009
2017-05-23 08:30:00,0.0007479747702782
2017-05-24 08:30:00,0.0006269971102505
2017-05-25 08:30:00,0.0006835351269038
2017-05-26 08:30:00,0.0005029623985344
2017-05-30 08:30:00,0.0006385508010584
2017-05-31 08:30:00,0.0011173087743541
2017-06-01 08:30:00,0.0004952931729057
2017-06-02 08:30:00,0.000562014313423
2017-06-05 08:30:00,0.0005680235366434
2017-06-06 08:30:00,0.0006685805990824
2017-06-07 08:30:00,0.000766473083118
2017-06-08 08:30:00,0.0008174902096461001
2017-06-09 08:30:00,0.0022849699359693
2017-06-12 08:30:00,0.0017210877320526
2017-06-13 08:30:00,0.0007979223946467
2017-06-14 08:30:00,0.0012496293226239
2017-06-15 08:30:00,0.0014916025799388
2017-06-16 08:30:00,0.0008645675559250536
2017-06-19 08:30:00,0.0006907185763505531
2017-06-20 08:30:00,0.000939319117931312
2017-06-21 08:30:00,0.0005682020894312
2017-06-22 08:30:00,0.0006154632300647
2017-06-23 08:30:00,0.0004400088522742
2017-06-26 08:30:00,0.0006365584039626
2017-06-27 08:30:00,0.0009848395821836
2017-06-28 08:30:00,0.000735439674354
2017-06-29 08:30:00,0.004202245256185
2017-06-30 08:30:00,0.001586181566275826
2017-07-03 08:30:00,0.0005078009436196281
2017-07-05 08:30:00,0.0009372711235083795
2017-07-06 08:30:00,0.0011204496458311112
2017-07-07 08:30:00,0.0006353516113938443
2017-07-10 08:30:00,0.0007153126285673025
2017-07-11 08:30:00,0.002190942022925549
2017-07-12 08:30:00,0.0004639645455729841
2017-07-13 08:30:00,0.0006367527348336268
2017-07-14 08:30:00,0.00048396511839696844
2017-07-17 08:30:00,0.000654159059958654
2017-07-18 08:30:00,0.0007207806423131
2017-07-19 08:30:00,0.0005546985596166
2017-07-20 08:30:00,0.0007090722005939
2017-07-21 08:30:00,0.0004189322122707
2017-07-24 08:30:00,0.0004538844487866
2017-07-25 08:30:00,0.0004849213402138
2017-07-26 08:30:00,0.0003870788362631
2017-07-27 08:30:00,0.0026131600582159
2017-07-28 08:30:00,0.0007338044540626
2017-07-31 08:30:00,0.0005594067844847536
2017-08-01 08:30:00,0.000496389731339968
2017-08-02 08:30:00,0.0006710541153936026
2017-08-03 08:30:00,0.0006339239345760839
2017-08-04 08:30:00,0.0008475447468365
2017-08-07 08:30:00,0.0003547816899694509
2017-08-08 08:30:00,0.0010572559834699674
2017-08-09 08:30:00,0.0017574982047228907
2017-08-10 08:30:00,0.005504172951689694
2017-08-11 08:30:00,0.002972474344686924
2017-08-14 08:30:00,0.0011337223339975817
2017-08-15 08:30:00,0.0016958451780078902
2017-08-16 08:30:00,0.0009806768842081
2017-08-17 08:30:00,0.0036431917693999
2017-08-18 08:30:00,0.0034043615501617
2017-08-21 08:30:00,0.0013697439559179
2017-08-22 08:30:00,0.0008287719228864999
2017-08-23 08:30:00,0.001107275028202
2017-08-24 08:30:00,0.0017294756974699
2017-08-25 08:30:00,0.0006674693194338
2017-08-28 08:30:00,0.0007065515352034
2017-08-29 08:30:00,0.00139608469329
2017-08-30 08:30:00,0.0004089651589342
2017-08-31 08:30:00,0.0004167570543018
2017-09-01 08:30:00,0.0003928745464284
2017-09-05 08:30:00,0.0028112445579639
2017-09-06 08:30:00,0.0010525164813265
2017-09-07 08:30:00,0.000779450100476
2017-09-08 08:30:00,0.0007899099689038
2017-09-11 08:30:00,0.0005864506152577
2017-09-12 08:30:00,0.0006701712312896
2017-09-13 08:30:00,0.0005906803317498
2017-09-14 08:30:00,0.000528568432510002
2017-09-15 08:30:00,0.000630901547951541
2017-09-18 08:30:00,0.0006793152186871775
2017-09-19 08:30:00,0.0008342543600939674
2017-09-20 08:30:00,0.0010602740358599
2017-09-21 08:30:00,0.000655564672934
2017-09-22 08:30:00,0.0005956364007881
2017-09-25 08:30:00,0.0015845500521371
2017-09-26 08:30:00,0.0005968168198014
2017-09-27 08:30:00,0.0005477453478043
2017-09-28 08:30:00,0.00042779593693468345
2017-09-29 08:30:00,0.0004903384404118131
2017-10-02 08:30:00,0.0004493144644958147
2017-10-03 08:30:00,0.00048485556375838646
2017-10-04 08:30:00,0.0005485124689130934
2017-10-05 08:30:00,0.00047001478287682347
2017-10-06 08:30:00,0.0007194332606140293
2017-10-09 08:30:00,0.000751643721586281
2017-10-10 08:30:00,0.0007184859129533098
2017-10-11 08:30:00,0.0005257805959867617
2017-10-12 08:30:00,0.0007289855109840382
2017-10-13 08:30:00,0.0006800243462850177
2017-10-16 08:30:00,0.0005489812764173213
2017-10-17 08:30:00,0.000645796902395479
2017-10-18 08:30:00,0.0004511775560853
2017-10-19 08:30:00,0.000967022365672
2017-10-20 08:30:00,0.0004360175106587
2017-10-23 08:30:00,0.0007193914541992
2017-10-24 08:30:00,0.0007903375646304
2017-10-25 08:30:00,0.002827978286171
2017-10-26 08:30:00,0.0011733867195595
2017-10-27 08:30:00,0.0009476916268545999
2017-10-30 08:30:00,0.0014225848413308
2017-10-31 08:30:00,0.0006244320833865
2017-11-01 08:30:00,0.0008850959260343
2017-11-02 08:30:00,0.0013120280565592
2017-11-03 08:30:00,0.0006774733088256
2017-11-06 08:30:00,0.0003971054294073575
2017-11-07 08:30:00,0.0007443095807966827
2017-11-08 08:30:00,0.00047301907417497436
2017-11-09 08:30:00,0.002093288360628127
2017-11-10 08:30:00,0.0009463978712020397
2017-11-13 08:30:00,0.0008513311188534433
2017-11-14 08:30:00,0.001099970228579323
2017-11-15 08:30:00,0.0010358672390944
2017-11-16 08:30:00,0.0008426815832943001
2017-11-17 08:30:00,0.0008188789751847
2017-11-20 08:30:00,0.0005254669197147
2017-11-21 08:30:00,0.0005687961759759
2017-11-22 08:30:00,0.0006398396132918
2017-11-24 08:30:00,0.0003426391706358
2017-11-27 08:30:00,0.0006459523435942
2017-11-28 08:30:00,0.0007008959024678
2017-11-29 08:30:00,0.0010863021468036
2017-11-30 08:30:00,0.0009227719448267
2017-12-01 08:30:00,0.0070599014225435
2017-12-04 08:30:00,0.0014215128791427
2017-12-05 08:30:00,0.0015041733750882
2017-12-06 08:30:00,0.0008688924142590364
2017-12-07 08:30:00,0.0006926236103234155
2017-12-08 08:30:00,0.0006115074365951219
2017-12-11 08:30:00,0.0005614387819074521
2017-12-12 08:30:00,0.0007091405634860116
2017-12-13 08:30:00,0.0005892878454625668
2017-12-14 08:30:00,0.000869056522963692
2017-12-15 08:30:00,0.0006763638015914754
2017-12-18 08:30:00,0.0005674543607305
2017-12-19 08:30:00,0.0006480622673644306
2017-12-20 08:30:00,0.0006286700150811
2017-12-21 08:30:00,0.0008259523601226
2017-12-22 08:30:00,0.0006365300573906
2017-12-26 08:30:00,0.0001949075623263
2017-12-27 08:30:00,0.0002849937477175
2017-12-28 08:30:00,0.0006666982943336
2017-12-29 08:30:00,0.0005315821597307716
2018-01-02 08:30:00,0.0006592651330975855
2018-01-03 08:30:00,0.0003426052929813589
2018-01-04 08:30:00,0.000578329833410063
2018-01-05 08:30:00,0.0007072948307404
2018-01-08 08:30:00,0.0005311679873669124
2018-01-09 08:30:00,0.0007123309348014738
2018-01-10 08:30:00,0.0007110246621466091
2018-01-11 08:30:00,0.00036488612266964417
2018-01-12 08:30:00,0.0004458239830214071
2018-01-16 08:30:00,0.00148174384519644
2018-01-17 08:30:00,0.0013239955588479
2018-01-18 08:30:00,0.0013419191529564
2018-01-19 08:30:00,0.0007750138060952
2018-01-22 08:30:00,0.0006914168671801
2018-01-23 08:30:00,0.0008797995135634
2018-01-24 08:30:00,0.0014243720673721
2018-01-25 08:30:00,0.0011463987455462
2018-01-26 08:30:00,0.0006508327542483
2018-01-29 08:30:00,0.0013357400603428
2018-01-30 08:30:00,0.002386877858408
2018-01-31 08:30:00,0.0015153679886544
2018-02-01 08:30:00,0.0018222827360743997
2018-02-02 08:30:00,0.0033517434853923
2018-02-05 08:30:00,0.040656096500529905
2018-02-06 08:30:00,0.0529930918910167
2018-02-07 08:30:00,0.0114311040796336
2018-02-08 08:30:00,0.0164129533300513
2018-02-09 08:30:00,0.015255375772692698
2018-02-12 08:30:00,0.003416751282887807
2018-02-13 08:30:00,0.0014723130831242257
2018-02-14 08:30:00,0.0030703828962484
2018-02-15 08:30:00,0.0020317820952155
2018-02-16 08:30:00,0.0022458175360391
2018-02-20 08:30:00,0.0012451382223318
2018-02-21 08:30:00,0.0020812507677301
2018-02-22 08:30:00,0.0018071273890286
2018-02-23 08:30:00,0.0006768694911267
2018-02-26 08:30:00,0.0006982092103564
2018-02-27 08:30:00,0.0025540140607722
2018-02-28 08:30:00,0.0029625020937486
2018-03-01 08:30:00,0.004758207850043643
2018-03-02 08:30:00,0.00327544504896482
2018-03-05 08:30:00,0.0015647072115885562
2018-03-06 08:30:00,0.0013986832958108387
2018-03-07 08:30:00,0.0013159921861284867
2018-03-08 08:30:00,0.0012378014996387158
2018-03-09 08:30:00,0.0005857668593919792
2018-03-12 08:30:00,0.0010296139305529131
2018-03-13 08:30:00,0.0018831080093397441
2018-03-14 08:30:00,0.002455443308879627
2018-03-15 08:30:00,0.0015208931956832304
2018-03-16 08:30:00,0.001079817692587258
2018-03-19 08:30:00,0.0033292564158902455
2018-03-20 08:30:00,0.0010964574903191
2018-03-21 08:30:00,0.002091041363713
2018-03-22 08:30:00,0.0037713069660068005
2018-03-23 08:30:00,0.0033477096411214
2018-03-26 08:30:00,0.0017433806425839998
2018-03-27 08:30:00,0.0017907207295114658
2018-03-28 08:30:00,0.0036779028428260375
2018-03-29 08:30:00,0.0012461936592249093
2018-04-02 08:30:00,0.0030198092281210854
2018-04-03 08:30:00,0.0018615723457177896
2018-04-04 08:30:00,0.0018026202516116293
2018-04-05 08:30:00,0.0010670223186284486
2018-04-06 08:30:00,0.002680987428072767
2018-04-09 08:30:00,0.0007976278756525266
2018-04-10 08:30:00,0.0010962232559703737
2018-04-11 08:30:00,0.0007623521756604105
2018-04-12 08:30:00,0.0007389300241165091
2018-04-13 08:30:00,0.0011952173341551447
2018-04-16 08:30:00,0.0008109222155872094
2018-04-17 08:30:00,0.0007062178257426
2018-04-18 08:30:00,0.0014316069685206
2018-04-19 08:30:00,0.0014870442666123
2018-04-20 08:30:00,0.0012805058749721303
2018-04-23 08:30:00,0.0010595689656014047
2018-04-24 08:30:00,0.0026212837268681055
2018-04-25 08:30:00,0.0016012702551692069
2018-04-26 08:30:00,0.0007821142050075208
2018-04-27 08:30:00,0.0008468649348236273
2018-04-30 08:30:00,0.001144118205558186
2018-05-01 08:30:00,0.0008162656046299536
2018-05-02 08:30:00,0.0008579060560995732
2018-05-03 08:30:00,0.0023382515082330736
2018-05-04 08:30:00,0.0007414524145944575
2018-05-07 08:30:00,0.0006238278864021848
2018-05-08 08:30:00,0.0008693141924533049
2018-05-09 08:30:00,0.0004167375612267009
2018-05-10 08:30:00,0.0007951077419599585
2018-05-11 08:30:00,0.00069521513730894
2018-05-14 08:30:00,0.0007630098220428724
2018-05-15 08:30:00,0.0012045009549145
2018-05-16 08:30:00,0.0006648307184575
2018-05-17 08:30:00,0.0010018810097674
2018-05-18 08:30:00,0.0006584825422154
2018-05-21 08:30:00,0.001003887456
2018-05-22 08:30:00,0.0005800877546462
2018-05-23 08:30:00,0.0009640040539798999
2018-05-24 08:30:00,0.0017427088982489003
2018-05-25 08:30:00,0.0010063349989898
2018-05-29 08:30:00,0.0025411901420478
2018-05-30 08:30:00,0.0011528260279959
2018-05-31 08:30:00,0.0014890372630131
2018-06-01 08:30:00,0.0005764727186505
2018-06-04 08:30:00,0.0004359820973655
2018-06-05 08:30:00,0.0006278515989137613
2018-06-06 08:30:00,0.0006012958487720884
2018-06-07 08:30:00,0.0015776247899005101
2018-06-08 08:30:00,0.0007636914917463325
2018-06-11 08:30:00,0.0005635493189879891
2018-06-12 08:30:00,0.0007158158201375261
2018-06-13 08:30:00,0.0008504892573614119
2018-06-14 08:30:00,0.0006067026140388146
2018-06-15 08:30:00,0.000946706130144636
2018-06-18 08:30:00,0.000997117078196175
2018-06-19 08:30:00,0.0012939081234154
2018-06-20 08:30:00,0.0006672640231742
2018-06-21 08:30:00,0.0018217029938997
2018-06-22 08:30:00,0.0008888116922621
2018-06-25 08:30:00,0.0042773278860146
2018-06-26 08:30:00,0.0022123934712627
2018-06-27 08:30:00,0.0035536273201036
2018-06-28 08:30:00,0.0027737329910149
2018-06-29 08:30:00,0.000880499867021
2018-07-02 08:30:00,0.001664751702722
2018-07-03 08:30:00,0.0007757996923201
2018-07-05 08:30:00,0.0013502787406864
2018-07-06 08:30:00,0.0010592345670975
2018-07-09 08:30:00,0.0007120966237854
2018-07-10 08:30:00,0.0008373647961217
2018-07-11 08:30:00,0.0015180229124480582
2018-07-12 08:30:00,0.0007676585239314452
2018-07-13 08:30:00,0.0006029050193163015
2018-07-16 08:30:00,0.0006565143768749089
2018-07-17 08:30:00,0.0007563432991027
2018-07-18 08:30:00,0.0005952601100154
2018-07-19 08:30:00,0.0009112462750608
2018-07-20 08:30:00,0.0006968919910395
2018-07-23 08:30:00,0.0006179543714056
2018-07-24 08:30:00,0.0010927608001113
2018-07-25 08:30:00,0.0005794966792656
2018-07-26 08:30:00,0.0005027129352512
2018-07-27 08:30:00,0.0017158240835313
2018-07-30 08:30:00,0.0011497347851578
2018-07-31 08:30:00,0.0006166837925954
2018-08-01 08:30:00,0.000718832477901597
2018-08-02 08:30:00,0.0007647272274636654
2018-08-03 08:30:00,0.00035920924644222886
2018-08-06 08:30:00,0.00039056422109759773
2018-08-07 08:30:00,0.00047798274856385007
2018-08-08 08:30:00,0.0004776919575689107
2018-08-09 08:30:00,0.00037978390686426274
2018-08-10 08:30:00,0.0017115128846484345
2018-08-13 08:30:00,0.0017464163784763056
2018-08-14 08:30:00,0.0007855475189847146
2018-08-15 08:30:00,0.004007697557327365
2018-08-16 08:30:00,0.0007871309224307926
2018-08-17 08:30:00,0.0007837215724735518
2018-08-20 08:30:00,0.0007190983473131658
2018-08-21 08:30:00,0.0006440254859156975
2018-08-22 08:30:00,0.0004963104828955
2018-08-23 08:30:00,0.0005774132769541
2018-08-24 08:30:00,0.0004264607699837
2018-08-27 08:30:00,0.0005093574879329
2018-08-28 08:30:00,0.0005972012656649
2018-08-29 08:30:00,0.0005381669978512
2018-08-30 08:30:00,0.0013949312351982
2018-08-31 08:30:00,0.0009240503001022999
2018-09-04 08:30:00,0.0009596012494608
2018-09-05 08:30:00,0.0013269594553871
2018-09-06 08:30:00,0.0015439361997324
2018-09-07 08:30:00,0.001127930960451
2018-09-10 08:30:00,0.0005238039064255038
2018-09-11 08:30:00,0.0004486388820882329
2018-09-12 08:30:00,0.0006441180506727235
2018-09-13 08:30:00,0.00043218865419936175
2018-09-14 08:30:00,0.000613193970842179
2018-09-17 08:30:00,0.0008112903959914821
2018-09-18 08:30:00,0.0005731172371303
2018-09-19 08:30:00,0.0003376717442692
2018-09-20 08:30:00,0.0003069830896228
2018-09-21 08:30:00,0.0006121797516632
2018-09-24 08:30:00,0.0005414921399862
2018-09-25 08:30:00,0.0006431570255385
2018-09-26 08:30:00,0.0007487703520238
2018-09-27 08:30:00,0.0004892353899823
2018-09-28 08:30:00,0.0004829359283428
2018-10-01 08:30:00,0.0004572452561026
2018-10-02 08:30:00,0.0005997282380974
2018-10-03 08:30:00,0.0004816825826895
2018-10-04 08:30:00,0.0027644064952172995
2018-10-05 08:30:00,0.0032995299329278
2018-10-08 08:30:00,0.0023887951695286
2018-10-09 08:30:00,0.0020762302450982
2018-10-10 08:30:00,0.0033431753866540077
2018-10-11 08:30:00,0.010610117643666886
2018-10-12 08:30:00,0.0053117969280590885
2018-10-15 08:30:00,0.0021768856127582677
2018-10-16 08:30:00,0.0006475922110028
2018-10-17 08:30:00,0.0024048957105017
2018-10-18 08:30:00,0.0029302583192789
2018-10-19 08:30:00,0.0019247137207184
2018-10-22 08:30:00,0.0017745763233736
2018-10-23 08:30:00,0.0023824427373147
2018-10-24 08:30:00,0.0025985233119189
2018-10-25 08:30:00,0.0019424565720748
2018-10-26 08:30:00,0.0032763813707248
2018-10-29 08:30:00,0.002393889754769
2018-10-30 08:30:00,0.0017841023978659
2018-10-31 08:30:00,0.0009190507743050001
2018-11-01 08:30:00,0.0010380986885382
2018-11-02 08:30:00,0.0019469837971197
2018-11-05 08:30:00,0.0005667464354095
2018-11-06 08:30:00,0.0005382953003355
2018-11-07 08:30:00,0.0007607798848115
2018-11-08 08:30:00,0.0014508667829706
2018-11-09 08:30:00,0.0012823466658659
2018-11-12 08:30:00,0.0020974265525412128
2018-11-13 08:30:00,0.0024603752105000955
2018-11-14 08:30:00,0.001818698448136511
2018-11-15 08:30:00,0.0019931561662492785
2018-11-16 08:30:00,0.0014599932020067513
2018-11-19 08:30:00,0.0017781146271857624
2018-11-20 08:30:00,0.0019914118296464
2018-11-21 08:30:00,0.0006170657222090804
2018-11-23 08:30:00,0.0002774045087407885
2018-11-26 08:30:00,0.0004540543649712275
2018-11-27 08:30:00,0.000686494717964864
2018-11-28 08:30:00,0.0008336311616955253
2018-11-29 08:30:00,0.0007738891285790159
2018-11-30 08:30:00,0.0005147404068100616
2018-12-03 08:30:00,0.0009497757353292115
2018-12-04 08:30:00,0.0031797782836275813
2018-12-06 08:30:00,0.0028813230129021206
2018-12-07 08:30:00,0.003284233473132911
2018-12-10 08:30:00,0.0025399560940413753
2018-12-11 08:30:00,0.0013982475994374461
2018-12-12 08:30:00,0.0007376229887628228
2018-12-13 08:30:00,0.0010762487743956
2018-12-14 08:30:00,0.0010827752867710507
2018-12-17 08:30:00,0.001456930919737074
2018-12-18 08:30:00,0.001173971779481275
2018-12-19 08:30:00,0.002443602761927616
2018-12-20 08:30:00,0.0018982221311736101
2018-12-21 08:30:00,0.0018223918651736623
2018-12-24 08:30:00,0.0009230711486344927
2018-12-26 08:30:00,0.001469972969850281
2018-12-27 08:30:00,0.0016308287049122262
2018-12-28 08:30:00,0.0012188417588258234
2018-12-31 08:30:00,0.0006397547185389228
2019-01-02 08:30:00,0.0007806134815383725
2019-01-03 08:30:00,0.0014553967756721147
2019-01-04 08:30:00,0.0007153833549368607
2019-01-07 08:30:00,0.0008654124841629589
2019-01-08 08:30:00,0.0008508536576211439
2019-01-09 08:30:00,0.0008644708440519646
2019-01-10 08:30:00,0.0007611423616660261
2019-01-11 08:30:00,0.0007197311963421816
2019-01-14 08:30:00,0.0005804464442701368
2019-01-15 08:30:00,0.0006802943111283
2019-01-16 08:30:00,0.0006303711448893
2019-01-17 08:30:00,0.0007320040304939
2019-01-18 08:30:00,0.0005926101492216
2019-01-22 08:30:00,0.0016468786561999
2019-01-23 08:30:00,0.001618663052303
2019-01-24 08:30:00,0.0011569597010094
2019-01-25 08:30:00,0.0005384762106633
2019-01-28 08:30:00,0.0012390267468084
2019-01-29 08:30:00,0.0009945758724017
2019-01-30 08:30:00,0.0005915829065270137
2019-01-31 08:30:00,0.0006568435795407104
2019-02-01 08:30:00,0.0005237486670465799
2019-02-04 08:30:00,0.0005377389401179064
2019-02-05 08:30:00,0.000713488305177793
2019-02-06 08:30:00,0.0005433868912196824
2019-02-07 08:30:00,0.0023008422032373735
2019-02-08 08:30:00,0.0008605478254065793
2019-02-11 08:30:00,0.0008310131306312699
2019-02-12 08:30:00,0.0006033334393894
2019-02-13 08:30:00,0.0004623990390075
2019-02-14 08:30:00,0.0010329539476006
2019-02-15 08:30:00,0.0004437421036546
2019-02-19 08:30:00,0.00054110926874
2019-02-20 08:30:00,0.0006450344774435
2019-02-21 08:30:00,0.0011173501280746
2019-02-22 08:30:00,0.0005178222713381
2019-02-25 08:30:00,0.000724440977744
2019-02-26 08:30:00,0.000651764814170616
2019-02-27 08:30:00,0.0006891894137312432
2019-02-28 08:30:00,0.0005578970785798514
2019-03-01 08:30:00,0.000512411752330313
2019-03-04 08:30:00,0.00223238609707071
2019-03-05 08:30:00,0.000832869269688623
2019-03-06 08:30:00,0.0010827902785123082
2019-03-07 08:30:00,0.0019105251060136837
2019-03-08 08:30:00,0.0014996469380371843
2019-03-11 08:30:00,0.0006162327283537126
2019-03-12 08:30:00,0.000590252573101074
2019-03-13 08:30:00,0.0005114138220024477
2019-03-14 08:30:00,0.0007295191357260474
2019-03-15 08:30:00,0.00048560152518113177
2019-03-18 08:30:00,0.0006150746614839
2019-03-19 08:30:00,0.0009215225013140001
2019-03-20 08:30:00,0.0011596869182563
2019-03-21 08:30:00,0.0006342995583114
2019-03-22 08:30:00,0.002954543731871
2019-03-25 08:30:00,0.0027666501990486
2019-03-26 08:30:00,0.000869729326427
2019-03-27 08:30:00,0.0017170328610005
2019-03-28 08:30:00,0.000786530028004
2019-03-29 08:30:00,0.000532531693097
2019-04-01 08:30:00,0.0004358063089025
2019-04-02 08:30:00,0.00039380368845250006
2019-04-03 08:30:00,0.0007693788719855
2019-04-04 08:30:00,0.0007521909638293
2019-04-05 08:30:00,0.0004171922922904
2019-04-08 08:30:00,0.0004464196611276001
2019-04-09 08:30:00,0.0007643511534389999
2019-04-10 08:30:00,0.0005682449308507
2019-04-11 08:30:00,0.00062003174047916
2019-04-12 08:30:00,0.00039414493902943567
2019-04-15 08:30:00,0.0007830753966743487
2019-04-16 08:30:00,0.00043415944867820005
2019-04-17 08:30:00,0.0007544122302817
2019-04-18 08:30:00,0.0007377691024021001
2019-04-22 08:30:00,0.000334514072282
2019-04-23 08:30:00,0.0003637274183187
2019-04-24 08:30:00,0.0006763698848597999
2019-04-25 08:30:00,0.0011138007359308
2019-04-26 08:30:00,0.0007035272291338
2019-04-29 08:30:00,0.0003982031370946
2019-04-30 08:30:00,0.0008529793473625
2019-05-01 08:30:00,0.0010595831998405
2019-05-02 08:30:00,0.0020905634084842
2019-05-03 08:30:00,0.0004026285565547
2019-05-06 08:30:00,0.0016082190796582
2019-05-07 08:30:00,0.0049989428447443
2019-05-08 08:30:00,0.0026431501030294
2019-05-09 08:30:00,0.0036988303190796
2019-05-10 08:30:00,0.0040324930580677
2019-05-13 08:30:00,0.0038188210002053
2019-05-14 08:30:00,0.0009880936587174766
2019-05-15 08:30:00,0.0009045499769149431
2019-05-16 08:30:00,0.0006967765611296297
2019-05-17 08:30:00,0.0016288056946488993
2019-05-20 08:30:00,0.001978373088552458
2019-05-21 08:30:00,0.0003715553250111
2019-05-22 08:30:00,0.0004928739263823
2019-05-23 08:30:00,0.001427965805576
2019-05-24 08:30:00,0.0006464588363758
2019-05-28 08:30:00,0.000840703984133
2019-05-29 08:30:00,0.0012018563736081
2019-05-30 08:30:00,0.0006801230827902
2019-05-31 08:30:00,0.0008602761734653001
2019-06-03 08:30:00,0.0012455216657363526
2019-06-04 08:30:00,0.0005119367445317317
2019-06-05 08:30:00,0.0005485166971912948
2019-06-06 08:30:00,0.0004814966483037771
2019-06-07 08:30:00,0.00045551935782201273
2019-06-10 08:30:00,0.00043355293493205525
2019-06-11 08:30:00,0.0007181999898488489
2019-06-12 08:30:00,0.0004307899747816101
2019-06-13 08:30:00,0.0004449995250006543
2019-06-14 08:30:00,0.0003277095498168106
2019-06-17 08:30:00,0.0002918171651156356
2019-06-18 08:30:00,0.0003617733397065
2019-06-19 08:30:00,0.000443957217971
2019-06-20 08:30:00,0.0011468092739142
2019-06-21 08:30:00,0.0005164632233955
2019-06-24 08:30:00,0.00038095077330460006
2019-06-25 08:30:00,0.0005596313873715
2019-06-26 08:30:00,0.0003894397053668
2019-06-27 08:30:00,0.00027919373009595804
2019-06-28 08:30:00,0.00017564915027650294
2019-07-01 08:30:00,0.0005271543389984142
2019-07-02 08:30:00,0.00047239190369808187
2019-07-03 08:30:00,0.00021845426189754147
2019-07-05 08:30:00,0.0007355160788601906
2019-07-08 08:30:00,0.0006919162441733607
2019-07-09 08:30:00,0.0004470216505537918
2019-07-10 08:30:00,0.00042849305224790273
2019-07-11 08:30:00,0.00046703148175000504
2019-07-12 08:30:00,0.0002967965982769637
2019-07-15 08:30:00,0.0003359145982480694
2019-07-16 08:30:00,0.000570453797704
2019-07-17 08:30:00,0.0005512512738987
2019-07-18 08:30:00,0.0005103062491414
2019-07-19 08:30:00,0.0006315603064662
2019-07-22 08:30:00,0.0004767342163646
2019-07-23 08:30:00,0.00041739821112829993
2019-07-24 08:30:00,0.0003610739331385
2019-07-25 08:30:00,0.0009580757731634
2019-07-26 08:30:00,0.000293057585148
2019-07-29 08:30:00,0.000456923144534
2019-07-30 08:30:00,0.0006310488734312
2019-07-31 08:30:00,0.0042864926604311
2019-08-01 08:30:00,0.0063096759375717
2019-08-02 08:30:00,0.0030933477191359
2019-08-05 08:30:00,0.0028500786560282
2019-08-06 08:30:00,0.0026382615697315
2019-08-07 08:30:00,0.0034055009007312
2019-08-08 08:30:00,0.0009197590950186
2019-08-09 08:30:00,0.0020959413225281
2019-08-12 08:30:00,0.0015338411241541
2019-08-13 08:30:00,0.0040852802392697
2019-08-14 08:30:00,0.0031212443095000346
2019-08-15 08:30:00,0.0019787990158629614
2019-08-16 08:30:00,0.0006537669449792592
2019-08-19 08:30:00,0.0004193985375049109
2019-08-20 08:30:00,0.0007723338054881
2019-08-21 08:30:00,0.0004322008013642
2019-08-22 08:30:00,0.0010787157843478
2019-08-23 08:30:00,0.0039033139852429
2019-08-26 08:30:00,0.0010171467025254
2019-08-27 08:30:00,0.0011574834105771
2019-08-28 08:30:00,0.0007402846611707
2019-08-29 08:30:00,0.0006474627021502
2019-08-30 08:30:00,0.0010179556475875
2019-09-03 08:30:00,0.0009900389488674284
2019-09-04 08:30:00,0.0003886476394372327
2019-09-05 08:30:00,0.00043919430785691125
2019-09-06 08:30:00,0.0003249899257419634
2019-09-09 08:30:00,0.0006295223540614227
2019-09-10 08:30:00,0.0008898194462476985
2019-09-11 08:30:00,0.00042417578079900455
2019-09-12 08:30:00,0.0008580647281230176
2019-09-13 08:30:00,0.0006499999875376863
2019-09-16 08:30:00,0.0006364481553451177
2019-09-17 08:30:00,0.0003856883223032
2019-09-18 08:30:00,0.0012063357849613
2019-09-19 08:30:00,0.0005447319518235
2019-09-20 08:30:00,0.0020358010638192
2019-09-23 08:30:00,0.0003906325137234249
2019-09-24 08:30:00,0.0021880191970451712
2019-09-25 08:30:00,0.0009823876757316448
2019-09-26 08:30:00,0.0008742802012245982
2019-09-27 08:30:00,0.001711062521933177
2019-09-30 08:30:00,0.0003357144299611276
2019-10-01 08:30:00,0.001454206301523757
2019-10-02 08:30:00,0.000885489821833272
2019-10-03 08:30:00,0.0015987543041192098
2019-10-04 08:30:00,0.0005026335371033373
2019-10-07 08:30:00,0.0007548854357201795
2019-10-08 08:30:00,0.0012304922262499998
2019-10-09 08:30:00,0.0010364989124075849
2019-10-10 08:30:00,0.0009018914679907362
2019-10-11 08:30:00,0.0009123873566050147
2019-10-14 08:30:00,0.0005604479962086019
2019-10-15 08:30:00,0.0003132904178546
2019-10-16 08:30:00,0.0003306304717688
2019-10-17 08:30:00,0.00048358313498229996
2019-10-18 08:30:00,0.0005588374305416
2019-10-21 08:30:00,0.0003252645963989
2019-10-22 08:30:00,0.0004944408416051
2019-10-23 08:30:00,0.0003946474201503
2019-10-24 08:30:00,0.0005015391190992
2019-10-25 08:30:00,0.0003417514047465
2019-10-28 08:30:00,0.0002510836539029
2019-10-29 08:30:00,0.00043106101761209993
2019-10-30 08:30:00,0.0006591970864691
2019-10-31 08:30:00,0.0010350093335989
2019-11-01 08:30:00,0.0004458350059081
2019-11-04 08:30:00,0.0004915621793284
2019-11-05 08:30:00,0.0005715856149875
2019-11-06 08:30:00,0.0007230671629985
2019-11-07 08:30:00,0.0004868044144404
2019-11-08 08:30:00,0.0005272440316236
2019-11-11 08:30:00,0.0004087313645765
2019-11-12 08:30:00,0.0004297900364599
2019-11-13 08:30:00,0.0006411978492814817
2019-11-14 08:30:00,0.00048078517205022895
2019-11-15 08:30:00,0.00043179769474866955
2019-11-18 08:30:00,0.0004725216124963434
2019-11-19 08:30:00,0.0006069504250386722
2019-11-20 08:30:00,0.0012994525370213
2019-11-21 08:30:00,0.0007510751774342001
2019-11-22 08:30:00,0.00042538103299879994
2019-11-25 08:30:00,0.0003238256754756999
2019-11-26 08:30:00,0.0002608674478641
2019-11-27 08:30:00,0.0002830394296375
2019-11-29 08:30:00,0.0002437848647308
2019-12-02 08:30:00,0.0020646501948778
2019-12-03 08:30:00,0.0018189092473098
2019-12-04 08:30:00,0.0005858603275169
2019-12-05 08:30:00,0.0009161288122482
2019-12-06 08:30:00,0.0005790535634543
2019-12-09 08:30:00,0.0005775775744262
2019-12-10 08:30:00,0.001196672219742
2019-12-11 08:30:00,0.00041251708439803304
2019-12-12 08:30:00,0.002305025537574769
2019-12-13 08:30:00,0.001989275393152861
2019-12-16 08:30:00,0.0005663143303047766
2019-12-17 08:30:00,0.0004541602414793
2019-12-18 08:30:00,0.0003892482013147
2019-12-19 08:30:00,0.0003641951720404
2019-12-20 08:30:00,0.0003449309483261
2019-12-23 08:30:00,0.0002764603028816
2019-12-26 08:30:00,0.0003570323105481
2019-12-27 08:30:00,0.0007331163177105
2019-12-30 08:30:00,0.0012842818343925
2019-12-31 08:30:00,0.0006802151993364
2020-01-02 08:30:00,0.0006447129994273001
2020-01-03 08:30:00,0.0018930867151233
2020-01-06 08:30:00,0.000772802163837
2020-01-07 08:30:00,0.0008161583178852
2020-01-08 08:30:00,0.0012116227235057
2020-01-09 08:30:00,0.00053558080206
2020-01-10 08:30:00,0.0004932078045688
2020-01-13 08:30:00,0.0004228694175593
2020-01-14 08:30:00,0.0009594050492666898
2020-01-15 08:30:00,0.00046957873195567555
2020-01-16 08:30:00,0.00031740620049176013
2020-01-17 08:30:00,0.0005014286088673608
2020-01-21 08:30:00,0.0005478853163534
2020-01-22 08:30:00,0.00047363043466959996
2020-01-23 08:30:00,0.0008118688603123
2020-01-24 08:30:00,0.0025693159265574
2020-01-27 08:30:00,0.0017532869260224
2020-01-28 08:30:00,0.0008025944721089
2020-01-29 08:30:00,0.0008820558564078999
2020-01-30 08:30:00,0.0018918938259685
2020-01-31 08:30:00,0.0031810436296956005
2020-02-03 08:30:00,0.0012272640516282
2020-02-04 08:30:00,0.0005578315673839
2020-02-05 08:30:00,0.000959123264951
2020-02-06 08:30:00,0.0006162221002783938
2020-02-07 08:30:00,0.0011076822945711394
2020-02-10 08:30:00,0.00044034463159448045
2020-02-11 08:30:00,0.000523668441672841
2020-02-12 08:30:00,0.00047982750640513495
2020-02-13 08:30:00,0.0009898791605439565
2020-02-14 08:30:00,0.0007668606265437115
2020-02-18 08:30:00,0.0006255942382369
2020-02-19 08:30:00,0.0003705765343628
2020-02-20 08:30:00,0.0024364291164644
2020-02-21 08:30:00,0.0021759922622684
2020-02-24 08:30:00,0.0027439765760383
2020-02-25 08:30:00,0.0039801500794103
2020-02-26 08:30:00,0.003060840906192895
2020-02-27 08:30:00,0.0046546216873045035
2020-02-28 08:30:00,0.006273867829705756
2020-03-02 08:30:00,0.00440208436076091
2020-03-03 08:30:00,0.01026778952573947
2020-03-04 08:30:00,0.0021037811993657343
2020-03-05 08:30:00,0.002388254325886053
2020-03-06 08:30:00,0.005435107472163415
2020-03-09 08:30:00,0.013863514805750559
2020-03-10 08:30:00,0.006450004855750718
2020-03-11 08:30:00,0.002530639669206865
2020-03-12 08:30:00,0.014255031772919638
2020-03-13 08:30:00,0.01188215900448295
2020-03-16 08:30:00,0.008146613113661707
2020-03-17 08:30:00,0.009072144739624624
2020-03-18 08:30:00,0.016483375018712
2020-03-19 08:30:00,0.0141538164655606
2020-03-20 08:30:00,0.0162170002360882
2020-03-23 08:30:00,0.0150775075555521
2020-03-24 08:30:00,0.0106616537897246
2020-03-25 08:30:00,0.0073395588147705
2020-03-26 08:30:00,0.0035112452473647906
2020-03-27 08:30:00,0.0026570027427311156
2020-03-30 08:30:00,0.0016127469219074635
2020-03-31 08:30:00,0.002821314473842987
2020-04-01 08:30:00,0.0016445399762379722
2020-04-02 08:30:00,0.0017498316047024507
2020-04-03 08:30:00,0.0013245718720509827
2020-04-06 08:30:00,0.0007736940790548921
2020-04-07 08:30:00,0.0021830506006887446
2020-04-08 08:30:00,0.000791290040754466
2020-04-09 08:30:00,0.0009608782412179864
2020-04-13 08:30:00,0.0009082897743534925
2020-04-14 08:30:00,0.0007493032626357489
2020-04-15 08:30:00,0.0011204948713823804
2020-04-16 08:30:00,0.0009058587928899633
2020-04-17 08:30:00,0.0007300095760473674
2020-04-20 08:30:00,0.000907725980654398
2020-04-21 08:30:00,0.0016520277702277697
2020-04-22 08:30:00,0.0004087809452932542
2020-04-23 08:30:00,0.001691006714508476
2020-04-24 08:30:00,0.000515040015983009
2020-04-27 08:30:00,0.0007001850218083052
2020-04-28 08:30:00,0.0019031279097062863
2020-04-29 08:30:00,0.0004096284887338709
2020-04-30 08:30:00,0.0013074018346172654
2020-05-01 08:30:00,0.0012056704948823253
2020-05-04 08:30:00,0.0007978629525752202
2020-05-05 08:30:00,0.0007602209117799324
2020-05-06 08:30:00,0.0013703068438329089
2020-05-07 08:30:00,0.0005256113160265497
2020-05-08 08:30:00,0.00035928453496535915
2020-05-11 08:30:00,0.0009526305883754814
2020-05-12 08:30:00,0.0021616096831235487
2020-05-13 08:30:00,0.005800288451979129
2020-05-14 08:30:00,0.0039893645381186655
2020-05-15 08:30:00,0.002492004929076062
2020-05-18 08:30:00,0.0006377979219983847
2020-05-19 08:30:00,0.0011156021021097432
2020-05-20 08:30:00,0.0008343346944763396
2020-05-21 08:30:00,0.001481491046662467
2020-05-22 08:30:00,0.0006671170757994599
2020-05-26 08:30:00,0.00043134725981260676
2020-05-27 08:30:00,0.0014675015644091771
2020-05-28 08:30:00,0.0009614358629481973
2020-05-29 08:30:00,0.002170003973931974
2020-06-01 08:30:00,0.0003539792395508582
2020-06-02 08:30:00,0.0004375799727020232
2020-06-03 08:30:00,0.00027356419987395567
2020-06-04 08:30:00,0.001178409894002159
2020-06-05 08:30:00,0.00046097416183939736
2020-06-08 08:30:00,0.0005453564247217768
2020-06-09 08:30:00,0.0008881875641672323
2020-06-10 08:30:00,0.002245151171993232
2020-06-11 08:30:00,0.007424705699637531
2020-06-12 08:30:00,0.01697900727366025
2020-06-15 08:30:00,0.005553001378894732
2020-06-16 08:30:00,0.0050564169159444
2020-06-17 08:30:00,0.0016942639493578002
2020-06-18 08:30:00,0.0006587252531120413
2020-06-19 08:30:00,0.0019998571647584407
2020-06-22 08:30:00,0.0009390100143960995
2020-06-23 08:30:00,0.000764020650947311
2020-06-24 08:30:00,0.003492425501214155
2020-06-25 08:30:00,0.001558331129705636
2020-06-26 08:30:00,0.00206898666853532
2020-06-29 08:30:00,0.0009048950563971383
2020-06-30 08:30:00,0.0007139336118687996
2020-07-01 08:30:00,0.0006434721912356565
2020-07-02 08:30:00,0.0007376288281132067
2020-07-06 08:30:00,0.0004272714881495609
2020-07-07 08:30:00,0.0006223370794718412
2020-07-08 08:30:00,0.000967607220625061
2020-07-09 08:30:00,0.002235921127984396
2020-07-10 08:30:00,0.0006907135767931833
2020-07-13 08:30:00,0.0018333642280406485
2020-07-14 08:30:00,0.002829417855594392
2020-07-15 08:30:00,0.0011775133777265799
2020-07-16 08:30:00,0.0006893500918907101
2020-07-17 08:30:00,0.0004275562830738603
2020-07-20 08:30:00,0.00048024016655113616
2020-07-21 08:30:00,0.0009674374531327
2020-07-22 08:30:00,0.0007036309577877
2020-07-23 08:30:00,0.0017585327674443003
2020-07-24 08:30:00,0.0011922191167808
2020-07-27 08:30:00,0.0002799097020673657
2020-07-28 08:30:00,0.0005242063559492614
2020-07-29 08:30:00,0.00031840631670363773
2020-07-30 08:30:00,0.0014767768172979534
2020-07-31 08:30:00,0.001293978193372557
2020-08-03 08:30:00,0.0002573753190574726
2020-08-04 08:30:00,0.00040901004978999614
2020-08-05 08:30:00,0.0002619145894198867
2020-08-06 08:30:00,0.0003156490224143674
2020-08-07 08:30:00,0.0009538656651429229
2020-08-10 08:30:00,0.000465548727423087
2020-08-11 08:30:00,0.001524645547995415
2020-08-12 08:30:00,0.0005303298595555948
2020-08-13 08:30:00,0.0008177605015267406
2020-08-14 08:30:00,0.0006233474891941608
2020-08-17 08:30:00,0.00021891960729044152
2020-08-18 08:30:00,0.0005182605794415
2020-08-19 08:30:00,0.0006489456579157
2020-08-20 08:30:00,0.0004993099382855
2020-08-21 08:30:00,0.000527068896799
2020-08-24 08:30:00,0.0005609556869606
2020-08-25 08:30:00,0.000699193309916
2020-08-26 08:30:00,0.0004237602611818
2020-08-27 08:30:00,0.0043608920443568
2020-08-28 08:30:00,0.0015481484127588
2020-08-31 08:30:00,0.0015715258908143
2020-09-01 08:30:00,0.0007873493963973
2020-09-02 08:30:00,0.000970383083581767
2020-09-03 08:30:00,0.008399992799650027
2020-09-04 08:30:00,0.008686830702988415
2020-09-08 08:30:00,0.004327256778579755
2020-09-09 08:30:00,0.001282273089675029
2020-09-10 08:30:00,0.0033896437148654363
2020-09-11 08:30:00,0.002057306359543049
2020-09-14 08:30:00,0.0009047690704828411
2020-09-15 08:30:00,0.00043481421858420006
2020-09-16 08:30:00,0.0008402792871506
2020-09-17 08:30:00,0.0012645594908352
2020-09-18 08:30:00,0.000948890251019
2020-09-21 08:30:00,0.0016451584528241
2020-09-22 08:30:00,0.0006647818391569
2020-09-23 08:30:00,0.0012117213932439
2020-09-24 08:30:00,0.0012917488100334
2020-09-25 08:30:00,0.0005933335297034
2020-09-28 08:30:00,0.0003055244786233
2020-09-29 08:30:00,0.0008110092799508
2020-09-30 08:30:00,0.000540444006282
2020-10-01 08:30:00,0.0007213249234598
2020-10-02 08:30:00,0.0007283948368936
2020-10-05 08:30:00,0.000319163450041
2020-10-06 08:30:00,0.0014735568260638
2020-10-07 08:30:00,0.0003154768402755
2020-10-08 08:30:00,0.00028649917363876234
2020-10-09 08:30:00,0.0003170035072858122
2020-10-12 08:30:00,0.00033914096636788554
2020-10-13 08:30:00,0.0007937599510711273
2020-10-14 08:30:00,0.0007162399167306535
2020-10-15 08:30:00,0.0007415272049706359
2020-10-16 08:30:00,0.00042058399995688876
2020-10-19 08:30:00,0.0007967058680710688
2020-10-20 08:30:00,0.00044065646174860007
2020-10-21 08:30:00,0.0006026125579102
2020-10-22 08:30:00,0.0003463685909944
2020-10-23 08:30:00,0.0004338945873488
2020-10-26 08:30:00,0.0019973671173653
2020-10-27 08:30:00,0.0009242784968670759
2020-10-28 08:30:00,0.0032250814689816954
2020-10-29 08:30:00,0.0020000865418926053
2020-10-30 08:30:00,0.0020308911226383486
2020-11-02 08:30:00,0.0008830371048084087
2020-11-03 08:30:00,0.0006297940156397578
2020-11-04 08:30:00,0.0013851061381233878
2020-11-05 08:30:00,0.0006228848105177062
2020-11-06 08:30:00,0.0008331452348207302
2020-11-09 08:30:00,0.00255180317634123
2020-11-10 08:30:00,0.001763066571683081
2020-11-11 08:30:00,0.0007117313212893149
2020-11-12 08:30:00,0.0028379403952559514
2020-11-13 08:30:00,0.0006449769700308689
2020-11-16 08:30:00,0.001084756169495391
2020-11-17 08:30:00,0.000592417519059
2020-11-18 08:30:00,0.0009081256486045999
2020-11-19 08:30:00,0.0006682450460867
2020-11-20 08:30:00,0.0005454063227633
2020-11-23 08:30:00,0.0007622725179713
2020-11-24 08:30:00,0.0003131788358837
2020-11-25 08:30:00,0.0003692612813836
2020-11-27 08:30:00,0.0002171650290884
2020-11-30 08:30:00,0.0008397695402140001
2020-12-01 08:30:00,0.0004912828764416
2020-12-02 08:30:00,0.0004272302382865
2020-12-03 08:30:00,0.0006729387288969
2020-12-04 08:30:00,0.0002489103376149
2020-12-07 08:30:00,0.0003963488017791
2020-12-08 08:30:00,0.000319911324034
2020-12-09 08:30:00,0.0017888148907476014
2020-12-10 08:30:00,0.0009787349358776351
2020-12-11 08:30:00,0.0013068231436516899
2020-12-14 08:30:00,0.0009824065104923466
2020-12-15 08:30:00,0.0003753598389055
2020-12-16 08:30:00,0.0003319926459925
2020-12-17 08:30:00,0.0003480415824403
2020-12-18 08:30:00,0.0010455873323525
2020-12-21 08:30:00,0.0017260833539153998
2020-12-22 08:30:00,0.0006230923005039
2020-12-23 08:30:00,0.0004304194060737
2020-12-24 08:30:00,0.0002038335110336
2020-12-28 08:30:00,0.0001728145567663
2020-12-29 08:30:00,0.0010189155553205
2020-12-30 08:30:00,0.0005364629752275
2020-12-31 08:30:00,0.0006283256336244001
2021-01-04 08:30:00,0.0031491474005561
2021-01-05 08:30:00,0.0015602584450414001
2021-01-06 08:30:00,0.0038181346061753616
2021-01-07 08:30:00,0.0004048476893543997
2021-01-08 08:30:00,0.0010668445228649522
2021-01-11 08:30:00,0.0011453992875912486
2021-01-12 08:30:00,0.001011163762715243
2021-01-13 08:30:00,0.0003845655323467959
2021-01-14 08:30:00,0.000559665274314266
2021-01-15 08:30:00,0.0018220158865016566
2021-01-19 08:30:00,0.0003378424141142
2021-01-20 08:30:00,0.0002544761802737
2021-01-21 08:30:00,0.0003498089974977
2021-01-22 08:30:00,0.0003722909763413
2021-01-25 08:30:00,0.0020695085539484
2021-01-26 08:30:00,0.0007003853266462
2021-01-27 08:30:00,0.0061004486655751
2021-01-28 08:30:00,0.0040678875415318
2021-01-29 08:30:00,0.0091714043334119
2021-02-01 08:30:00,0.0022106863778433
2021-02-02 08:30:00,0.0011671366945784
2021-02-03 08:30:00,0.000766593372067
2021-02-04 08:30:00,0.0002736608662230745
2021-02-05 08:30:00,0.0004222711522140742
2021-02-08 08:30:00,0.00020491154378685057
2021-02-09 08:30:00,0.00031892261926199256
2021-02-10 08:30:00,0.0023610121849405043
2021-02-11 08:30:00,0.0010849668189702715
2021-02-12 08:30:00,0.0004608349030113717
2021-02-16 08:30:00,0.0007480718923766
2021-02-17 08:30:00,0.0009560535037227
2021-02-18 08:30:00,0.0011230056816827
2021-02-19 08:30:00,0.0010213959263046
2021-02-22 08:30:00,0.0005969499750845999
2021-02-23 08:30:00,0.0017847527742533246
2021-02-24 08:30:00,0.0006085263496564808
2021-02-25 08:30:00,0.0032295230121396658
2021-02-26 08:30:00,0.003509267388399112
2021-03-01 08:30:00,0.0003444963734175655
2021-03-02 08:30:00,0.0008847001968800902
2021-03-03 08:30:00,0.0024845209017318576
2021-03-04 08:30:00,0.00556718172330883
2021-03-05 08:30:00,0.0032060094660692406
2021-03-08 08:30:00,0.001960644067406632
2021-03-09 08:30:00,0.00034626389863244984
2021-03-10 08:30:00,0.0005647448254978303
2021-03-11 08:30:00,0.00017707302380110166
2021-03-12 08:30:00,0.0004506883834605951
2021-03-15 08:30:00,0.0005787335412302397
2021-03-16 08:30:00,0.0005710812630692
2021-03-17 08:30:00,0.0009679881776048
2021-03-18 08:30:00,0.0013838672758517
2021-03-19 08:30:00,0.0012098697546958
2021-03-22 08:30:00,0.000447007467718
2021-03-23 08:30:00,0.0012595817470001
2021-03-24 08:30:00,0.0012156326186906
2021-03-25 08:30:00,0.0021897100020459
2021-03-26 08:30:00,0.0021083622563759
2021-03-29 08:30:00,0.0010887859422478
2021-03-30 08:30:00,0.0007752127231862001
2021-03-31 08:30:00,0.0008188816792377
2021-04-05 08:30:00,0.0003234705073605504
2021-04-06 08:30:00,0.000646420494873
2021-04-07 08:30:00,0.000455107863734767
2021-04-08 08:30:00,0.0003055634265145174
2021-04-09 08:30:00,0.0003061478946277448
2021-04-12 08:30:00,0.0005009892516095832
2021-04-13 08:30:00,0.0004446656856148657
2021-04-14 08:30:00,0.001145159023483168
2021-04-15 08:30:00,0.00036973436234946763
2021-04-16 08:30:00,0.000374929160831104
2021-04-19 08:30:00,0.001574636160662847
2021-04-20 08:30:00,0.001278909860395
2021-04-21 08:30:00,0.0006318788451123
2021-04-22 08:30:00,0.0022970413018736104
2021-04-23 08:30:00,0.0004006939297257733
2021-04-26 08:30:00,0.0005367640198961
2021-04-27 08:30:00,0.0002951062415051859
2021-04-28 08:30:00,0.0007063397436351
2021-04-29 08:30:00,0.0007267380702531196
2021-04-30 08:30:00,0.001071141900298455
2021-05-03 08:30:00,0.000472664687201547
2021-05-04 08:30:00,0.002434613964560934
2021-05-05 08:30:00,0.0009033570680809533
2021-05-06 08:30:00,0.0015657140565568178
2021-05-07 08:30:00,0.0005121677612061256
2021-05-10 08:30:00,0.001195620419174163
2021-05-11 08:30:00,0.0036813397653893123
2021-05-12 08:30:00,0.005536095514482376
2021-05-13 08:30:00,0.004119333216136818
2021-05-14 08:30:00,0.001152143788446324
2021-05-17 08:30:00,0.003689267114954117
2021-05-18 08:30:00,0.0015886255058645288
2021-05-19 08:30:00,0.0064628101979961996
2021-05-20 08:30:00,0.000998957910145
2021-05-21 08:30:00,0.0007862469818523
2021-05-24 08:30:00,0.0004063949036968
2021-05-25 08:30:00,0.0006446828466828
2021-05-26 08:30:00,0.0004343213175743
2021-05-27 08:30:00,0.0007303492699263
2021-05-28 08:30:00,0.0004415086948426
2021-06-01 08:30:00,0.0011215868348986
2021-06-02 08:30:00,0.0008879345127891
2021-06-03 08:30:00,0.0010541043906729
2021-06-04 08:30:00,0.0003804297476649
2021-06-07 08:30:00,0.0003683606908217
2021-06-08 08:30:00,0.0008531168138684
2021-06-09 08:30:00,0.000671687439985
2021-06-10 08:30:00,0.0008141353260204
2021-06-11 08:30:00,0.0006098002373945
2021-06-14 08:30:00,0.0007446671768230414
2021-06-15 08:30:00,0.0007704221389792983
2021-06-16 08:30:00,0.0026459253954096
2021-06-17 08:30:00,0.0019316595239939
2021-06-18 08:30:00,0.0030136804599933
2021-06-21 08:30:00,0.0012077364538253
2021-06-22 08:30:00,0.0006848539102894
2021-06-23 08:30:00,0.0006444436948785
2021-06-24 08:30:00,0.0003350777560406
2021-06-25 08:30:00,0.0003958017205311
2021-06-28 08:30:00,0.0004451883364776
2021-06-29 08:30:00,0.0004024783700179
2021-06-30 08:30:00,0.0005462956680459
2021-07-01 08:30:00,0.0003831579968822
2021-07-02 08:30:00,0.0004047484286159
2021-07-06 08:30:00,0.0011274961009987102
2021-07-07 08:30:00,0.0010006748817896261
2021-07-08 08:30:00,0.0019340748454282188
2021-07-09 08:30:00,0.0004534972956152592
2021-07-12 08:30:00,0.0003283088256039168
2021-07-13 08:30:00,0.0011283585767469684
2021-07-14 08:30:00,0.0010661034935364239
2021-07-15 08:30:00,0.0013171192135148226
2021-07-16 08:30:00,0.0012748474234487643
2021-07-19 08:30:00,0.006742495449654555
2021-07-20 08:30:00,0.0017075047173932408
2021-07-21 08:30:00,0.0004169425789042
2021-07-22 08:30:00,0.0013503805497523
2021-07-23 08:30:00,0.00042129524650619997
2021-07-26 08:30:00,0.0003402631116905
2021-07-27 08:30:00,0.0021679098556726
2021-07-28 08:30:00,0.0014822847354474002
2021-07-29 08:30:00,0.0002944994072219
2021-07-30 08:30:00,0.0008811236828561
2021-08-02 08:30:00,0.0008647653921194
2021-08-03 08:30:00,0.0009032262356935
2021-08-04 08:30:00,0.0007160531562468
2021-08-05 08:30:00,0.000253885670823
2021-08-06 08:30:00,0.0003343067663871
2021-08-09 08:30:00,0.00033405219480303784
2021-08-10 08:30:00,0.00048557772459465826
2021-08-11 08:30:00,0.00039449264958983264
2021-08-12 08:30:00,0.00042202512958355496
2021-08-13 08:30:00,0.0003662355242107821
2021-08-16 08:30:00,0.0007728991098882914
2021-08-17 08:30:00,0.0015238450613207998
2021-08-18 08:30:00,0.0015354503699303
2021-08-19 08:30:00,0.0028868848442736
2021-08-20 08:30:00,0.0011699787806122
2021-08-23 08:30:00,0.000358629044552
2021-08-24 08:30:00,0.000368260421886
2021-08-25 08:30:00,0.0002308461461493
2021-08-26 08:30:00,0.0013086028263062206
2021-08-27 08:30:00,0.0005555534429089303
2021-08-30 08:30:00,0.00029928778163009677
2021-08-31 08:30:00,0.0004114969623624041
2021-09-01 08:30:00,0.00041756247034284276
2021-09-02 08:30:00,0.00041765518909758526
2021-09-03 08:30:00,0.0005704344283687672
2021-09-07 08:30:00,0.0006126367998894761
2021-09-08 08:30:00,0.0009637514676796746
2021-09-09 08:30:00,0.0014277136271372414
2021-09-10 08:30:00,0.001302340659621831
2021-09-13 08:30:00,0.002047946108868644
2021-09-14 08:30:00,0.0010256243692971
2021-09-15 08:30:00,0.0008206552576906
2021-09-16 08:30:00,0.0007430481202651
2021-09-17 08:30:00,0.0013537006447799
2021-09-20 08:30:00,0.0043184093362302
2021-09-21 08:30:00,0.0034848816169259
2021-09-22 08:30:00,0.0018883664226707
2021-09-23 08:30:00,0.00041031038776149993
2021-09-24 08:30:00,0.0008169910026563
2021-09-27 08:30:00,0.0008442569100016
2021-09-28 08:30:00,0.0041412705131711
2021-09-29 08:30:00,0.0020880398359672
2021-09-30 08:30:00,0.0032037549382458
2021-10-01 08:30:00,0.0021262851935759
2021-10-04 08:30:00,0.0032620583331676996
2021-10-05 08:30:00,0.0008427381721675
2021-10-06 08:30:00,0.0026277624473418
2021-10-07 08:30:00,0.00035400114989803826
2021-10-08 08:30:00,0.0006904578338432399
2021-10-11 08:30:00,0.0007623654542984434
2021-10-12 08:30:00,0.0009969533177583202
2021-10-13 08:30:00,0.0007677793559611413
2021-10-14 08:30:00,0.0003128865263027553
2021-10-15 08:30:00,0.0004335004196307298
2021-10-18 08:30:00,0.00046697858845831647
2021-10-19 08:30:00,0.0002053578382542547
2021-10-20 08:30:00,0.0001943821443486506
2021-10-21 08:30:00,0.00018477981605370328
2021-10-22 08:30:00,0.0006094133457492818
2021-10-25 08:30:00,0.00035509438481886175
2021-10-26 08:30:00,0.000665700059133562
2021-10-27 08:30:00,0.0008104713468382468
2021-10-28 08:30:00,0.0003249250822888116
2021-10-29 08:30:00,0.0005140983775920903
2021-11-01 08:30:00,0.0005024582916576181
2021-11-02 08:30:00,0.00020999392264564457
2021-11-03 08:30:00,0.0005280938680693631
2021-11-04 08:30:00,0.0006333368391369087
2021-11-05 08:30:00,0.0009317810370072753
2021-11-08 08:30:00,0.0005607382196836504
2021-11-09 08:30:00,0.0013730747081641102
2021-11-10 08:30:00,0.0019142382776611779
2021-11-11 08:30:00,0.000578205534662556
2021-11-12 08:30:00,0.0005072295310651374
2021-11-15 08:30:00,0.000658940258445871
2021-11-16 08:30:00,0.0002377166600826
2021-11-17 08:30:00,0.0004866063176644
2021-11-18 08:30:00,0.0005876789539837
2021-11-19 08:30:00,0.0005130204029767
2021-11-22 08:30:00,0.0007811350665398
2021-11-23 08:30:00,0.0014689950878377
2021-11-24 08:30:00,0.0009205533158849
2021-11-26 08:30:00,0.0023202063073565
2021-11-29 08:30:00,0.0015529919583102
2021-11-30 08:30:00,0.004585987164494
2021-12-01 08:30:00,0.0052074132628681
2021-12-02 08:30:00,0.0041825669805485
2021-12-03 08:30:00,0.007191899112675199
2021-12-06 08:30:00,0.0033100656166318
2021-12-07 08:30:00,0.0015219001191669
2021-12-08 08:30:00,0.0010896282682043
2021-12-09 08:30:00,0.001588068343077074
2021-12-10 08:30:00,0.0013145583566105397
2021-12-13 08:30:00,0.0015889230261130385
2021-12-14 08:30:00,0.001668343706172589
2021-12-15 08:30:00,0.004303171598112735
2021-12-16 08:30:00,0.0032728757642966396
2021-12-17 08:30:00,0.003943408590021548
2021-12-20 08:30:00,0.003268112848706211
2021-12-21 08:30:00,0.0009501877123027
2021-12-22 08:30:00,0.0005142987320411
2021-12-23 08:30:00,0.0002982718515194
2021-12-27 08:30:00,0.0003517240170015
2021-12-28 08:30:00,0.0007027363572178
2021-12-29 08:30:00,0.0005384105316860572
2021-12-30 08:30:00,0.00034638083508919633
2021-12-31 08:30:00,0.0005698292752260304
2022-01-03 08:30:00,0.0009328022972482421
2022-01-04 08:30:00,0.0006468455974652564
2022-01-05 08:30:00,0.001568776958069053
2022-01-06 08:30:00,0.001975056021391153
2022-01-07 08:30:00,0.0011620166122721205
2022-01-10 08:30:00,0.002397101641760741
2022-01-11 08:30:00,0.0013466120938756868
2022-01-12 08:30:00,0.001231458645096214
2022-01-13 08:30:00,0.0017537851729364127
2022-01-14 08:30:00,0.0020098716939874186
2022-01-18 08:30:00,0.0012222343303849
2022-01-19 08:30:00,0.0011868818470250448
2022-01-20 08:30:00,0.0012131173320316456
2022-01-21 08:30:00,0.003694544477783426
2022-01-24 08:30:00,0.00863824627395177
2022-01-25 08:30:00,0.004903097291418506
2022-01-26 08:30:00,0.007147978910978665
2022-01-27 08:30:00,0.004075427984883161
2022-01-28 08:30:00,0.00285258253014328
2022-01-31 08:30:00,0.0012043490056475857
2022-02-01 08:30:00,0.0015508281785272095
2022-02-02 08:30:00,0.0010908255357884899
2022-02-03 08:30:00,0.0018772912152636336
2022-02-04 08:30:00,0.0022695098090443747
2022-02-07 08:30:00,0.0012540221791583804
2022-02-08 08:30:00,0.0010455475584230883
2022-02-09 08:30:00,0.0003729304659624139
2022-02-10 08:30:00,0.00320305404563553
2022-02-11 08:30:00,0.006801527059449483
2022-02-14 08:30:00,0.004022382394636691
2022-02-15 08:30:00,0.0012616124551703
2022-02-16 08:30:00,0.0012496072226453
2022-02-17 08:30:00,0.0014902318826426
2022-02-18 08:30:00,0.0026006578875126
2022-02-22 08:30:00,0.0026232553377642
2022-02-23 08:30:00,0.0017064485582333
2022-02-24 08:30:00,0.0036352658374268145
2022-02-25 08:30:00,0.0014594597977794685
2022-02-28 08:30:00,0.0019150076157631215
2022-03-01 08:30:00,0.0024034161853759162
2022-03-02 08:30:00,0.0020534350975272256
2022-03-03 08:30:00,0.0021358110891902577
2022-03-04 08:30:00,0.0019148965986586415
2022-03-07 08:30:00,0.001435374603041136
2022-03-08 08:30:00,0.003877373492054478
2022-03-09 08:30:00,0.0010563453928178262
2022-03-10 08:30:00,0.0009408660408436189
2022-03-11 08:30:00,0.0008526613969585712
2022-03-14 08:30:00,0.001395572215120435
2022-03-15 08:30:00,0.0008508762034260597
2022-03-16 08:30:00,0.0022333119538225595
2022-03-17 08:30:00,0.0005418403943854618
2022-03-18 08:30:00,0.0005936139620410652
2022-03-21 08:30:00,0.0013651207611974875
2022-03-22 08:30:00,0.00038848680028619734
2022-03-23 08:30:00,0.0007883771159148393
2022-03-24 08:30:00,0.00048466736014921057
2022-03-25 08:30:00,0.0008479506539611686
2022-03-28 08:30:00,0.0007388089643016281
2022-03-29 08:30:00,0.0005572998711061189
2022-03-30 08:30:00,0.0008192487929946687
2022-03-31 08:30:00,0.0009456042819548695
2022-04-01 08:30:00,0.0010050653088331605
2022-04-04 08:30:00,0.0004246147926545454
2022-04-05 08:30:00,0.0009690012022280857
2022-04-06 08:30:00,0.003273826232097406
2022-04-07 08:30:00,0.0014004868432910666
2022-04-08 08:30:00,0.0011055494072258836
2022-04-11 08:30:00,0.0007724388747301263
2022-04-12 08:30:00,0.0011090747264811578
2022-04-13 08:30:00,0.0007765403556894785
2022-04-14 08:30:00,0.0010247083947794988
2022-04-18 08:30:00,0.0008821567967191079
2022-04-19 08:30:00,0.0004252327833797573
2022-04-20 08:30:00,0.0007050795629528496
2022-04-21 08:30:00,0.0012189960424788947
2022-04-22 08:30:00,0.0019140867008537006
2022-04-25 08:30:00,0.0027855106511528956
2022-04-26 08:30:00,0.0016287650871851895
2022-04-27 08:30:00,0.0024486748243043774
2022-04-28 08:30:00,0.0012887308681232014
2022-04-29 08:30:00,0.0013167163109668739
2022-05-02 08:30:00,0.0022660933361111054
2022-05-03 08:30:00,0.0013667147528243144
2022-05-04 08:30:00,0.0020533784995894057
2022-05-05 08:30:00,0.004028062459832034
2022-05-06 08:30:00,0.004754874503799638
2022-05-09 08:30:00,0.0025285377311135976
2022-05-10 08:30:00,0.0020382776562208665
2022-05-11 08:30:00,0.002395803905212707
2022-05-12 08:30:00,0.0016933542306883649
2022-05-13 08:30:00,0.0010318567495451272
2022-05-16 08:30:00,0.000781710471757268
2022-05-17 08:30:00,0.0006203851596600007
2022-05-18 08:30:00,0.0013157176401784193
2022-05-19 08:30:00,0.0023230188253402727
2022-05-20 08:30:00,0.002620145316374035
2022-05-23 08:30:00,0.0011465169789187225
2022-05-24 08:30:00,0.0015656168774420202
2022-05-25 08:30:00,0.0007234183537273606
2022-05-26 08:30:00,0.00025580979974194364
2022-05-27 08:30:00,0.00021975046082926678
2022-05-31 08:30:00,0.0009154795311991165
2022-06-01 08:30:00,0.0011240458097011455
2022-06-02 08:30:00,0.0006408255739221577
2022-06-03 08:30:00,0.0008799434783451364
2022-06-06 08:30:00,0.0008598119607492664
2022-06-07 08:30:00,0.0003913604333839234
2022-06-08 08:30:00,0.000484887897631492
2022-06-09 08:30:00,0.0008294142108221391
2022-06-10 08:30:00,0.0013612744585441371
2022-06-13 08:30:00,0.0017452865588933168
2022-06-14 08:30:00,0.0013131478879535
2022-06-15 08:30:00,0.0031494231555775
2022-06-16 08:30:00,0.0017639038372747001
2022-06-17 08:30:00,0.0014286196197274997
2022-06-21 08:30:00,0.0007456725210870001
2022-06-22 08:30:00,0.0006182918058563
2022-06-23 08:30:00,0.0006567362530987
2022-06-24 08:30:00,0.00027007332708021585
2022-06-27 08:30:00,0.0005912100058634879
2022-06-28 08:30:00,0.0007927921377641253
2022-06-29 08:30:00,0.0007649511457572952
2022-06-30 08:30:00,0.0010949104951800898
2022-07-01 08:30:00,0.0008944393531213527
2022-07-05 08:30:00,0.0010385511611925025
2022-07-06 08:30:00,0.000612423974011438
2022-07-07 08:30:00,0.0002614244538915433
2022-07-08 08:30:00,0.0006476594902416513
2022-07-11 08:30:00,0.0005338419516968914
2022-07-12 08:30:00,0.0007008147897019086
2022-07-13 08:30:00,0.0008982587952256791
2022-07-14 08:30:00,0.0008086771340300878
2022-07-15 08:30:00,0.00050765974434057
2022-07-18 08:30:00,0.0006660889160951493
2022-07-19 08:30:00,0.00033091303662013326
2022-07-20 08:30:00,0.0004389093858499
2022-07-21 08:30:00,0.0005606448637329
2022-07-22 08:30:00,0.0006899743771025
2022-07-25 08:30:00,0.0005457610189524
2022-07-26 08:30:00,0.0006228173982984001
2022-07-27 08:30:00,0.0005617265593291597
2022-07-28 08:30:00,0.00044769002751804784
2022-07-29 08:30:00,0.0003277388424619932
2022-08-01 08:30:00,0.0004711355027585369
2022-08-02 08:30:00,0.0007810348420658957
2022-08-03 08:30:00,0.00023611557380034812
2022-08-04 08:30:00,0.00036526687269914396
2022-08-05 08:30:00,0.00048008641960772835
2022-08-08 08:30:00,0.0006452244638162571
2022-08-09 08:30:00,0.0006233300375550413
2022-08-10 08:30:00,0.0003125433569305029
2022-08-11 08:30:00,0.000516406936550727
2022-08-12 08:30:00,0.0003477398657683295
2022-08-15 08:30:00,0.0003181554046601966
2022-08-16 08:30:00,0.000338554611756
2022-08-17 08:30:00,0.0006845130025606
2022-08-18 08:30:00,0.0003165568786048
2022-08-19 08:30:00,0.0009437587757514
2022-08-22 08:30:00,0.0007077410236406
2022-08-23 08:30:00,0.000827259576568
2022-08-24 08:30:00,0.00037234525016130004
2022-08-25 08:30:00,0.00035347682712845305
2022-08-26 08:30:00,0.001441016412916164
2022-08-29 08:30:00,0.0007174996127493966
2022-08-30 08:30:00,0.0012025612947704311
2022-08-31 08:30:00,0.0008119016746772472
2022-09-01 08:30:00,0.0008052718141270314
2022-09-02 08:30:00,0.0013028105011042344
2022-09-06 08:30:00,0.0013137021435659355
2022-09-07 08:30:00,0.0005882451972714748
2022-09-08 08:30:00,0.0009809959884801336
2022-09-09 08:30:00,0.0003257787357382725
2022-09-12 08:30:00,0.00045097334202520776
2022-09-13 08:30:00,0.0012189518337403615
2022-09-14 08:30:00,0.0009369017606838185
2022-09-15 08:30:00,0.0008682091311501848
2022-09-16 08:30:00,0.0009737208714864725
2022-09-19 08:30:00,0.0006568813723210228
2022-09-20 08:30:00,0.0006361331827049
2022-09-21 08:30:00,0.0021353200925779
2022-09-22 08:30:00,0.0008878546862041
2022-09-23 08:30:00,0.0016289436914586
2022-09-26 08:30:00,0.0015888246704094003
2022-09-27 08:30:00,0.0018371926741548
2022-09-28 08:30:00,0.0011654313821596
2022-09-29 08:30:00,0.0014931478720505997
2022-09-30 08:30:00,0.0018151690275587
2022-10-03 08:30:00,0.0006610606304601
2022-10-04 08:30:00,0.00026105000677293034
2022-10-05 08:30:00,0.00048754447563161213
2022-10-06 08:30:00,0.0006434618496851006
2022-10-07 08:30:00,0.0007012399332395785
2022-10-10 08:30:00,0.0010524165343536451
2022-10-11 08:30:00,0.0008209148937193241
2022-10-12 08:30:00,0.0005347295135223212
2022-10-13 08:30:00,0.0007333914010435767
2022-10-14 08:30:00,0.0010866167920225392
2022-10-17 08:30:00,0.0003786759094614035
2022-10-18 08:30:00,0.0004676968032841
2022-10-19 08:30:00,0.0004246893265564
2022-10-20 08:30:00,0.0004936105334448
2022-10-21 08:30:00,0.00039187022789595574
2022-10-24 08:30:00,0.0003242186149531245
2022-10-25 08:30:00,0.0002609260682492805
2022-10-26 08:30:00,0.0003943984325668415
2022-10-27 08:30:00,0.00048299879388957094
2022-10-28 08:30:00,0.00027071103370421984
2022-10-31 08:30:00,0.0002628402327857214
2022-11-01 08:30:00,0.0003060566114004744
2022-11-02 08:30:00,0.0009423686648624338
2022-11-03 08:30:00,0.0005467779912598378
2022-11-04 08:30:00,0.0007982563295548451
2022-11-07 08:30:00,0.00028572783950194517
2022-11-08 08:30:00,0.0004663131404846816
2022-11-09 08:30:00,0.0005241342784495614
2022-11-10 08:30:00,0.0005355202839417245
2022-11-11 08:30:00,0.0003237904821774701
2022-11-14 08:30:00,0.0003583741942191939
2022-11-15 08:30:00,0.0012198816160634
2022-11-16 08:30:00,0.0003553963365482
2022-11-17 08:30:00,0.0003076035804651
2022-11-18 08:30:00,0.0003702697119661
2022-11-21 08:30:00,0.0002491136330158
2022-11-22 08:30:00,0.0002060090498562
2022-11-23 08:30:00,0.0003761533942902662
2022-11-25 08:30:00,0.00011250976084048461
2022-11-28 08:30:00,0.0003017741945077135
2022-11-29 08:30:00,0.0004124135469379698
2022-11-30 08:30:00,0.0005216541120659779
2022-12-01 08:30:00,0.000445441451521601
2022-12-02 08:30:00,0.00038710016847897115
2022-12-05 08:30:00,0.0005715479217812548
2022-12-06 08:30:00,0.0007716659759626297
2022-12-07 08:30:00,0.0006902465904320302
2022-12-08 08:30:00,0.0005226092375414484
2022-12-09 08:30:00,0.0005106717416290663
2022-12-12 08:30:00,0.0002534192542656776
2022-12-13 08:30:00,0.00116674512466939
2022-12-14 08:30:00,0.0019993439010899737
2022-12-15 08:30:00,0.0008955178626752736
2022-12-16 08:30:00,0.0011747061213813427
2022-12-19 08:30:00,0.0007492379074460416
2022-12-20 08:30:00,0.000596795336999
2022-12-21 08:30:00,0.0004282108826536
2022-12-22 08:30:00,0.0011964016601946
2022-12-23 08:30:00,0.0006542598107083
2022-12-27 08:30:00,0.0006242442669806
2022-12-28 08:30:00,0.0006458388041263
2022-12-29 08:30:00,0.0002243744795152
2022-12-30 08:30:00,0.0004206285165785999
2023-01-03 08:30:00,0.000775341142868
2023-01-04 08:30:00,0.0009633520235274999
2023-01-05 08:30:00,0.0006073899449793429
2023-01-06 08:30:00,0.0004270168512592778
2023-01-09 08:30:00,0.0003722565945003059
2023-01-10 08:30:00,0.00042267411179426547
2023-01-11 08:30:00,0.0003502381318155442
2023-01-12 08:30:00,0.0007357821116880717
2023-01-13 08:30:00,0.0004403010042377588
2023-01-17 08:30:00,0.0004600981975404
2023-01-18 08:30:00,0.000600296308149
2023-01-19 08:30:00,0.0008854111645155
2023-01-20 08:30:00,0.0004628716522671
2023-01-23 08:30:00,0.0003920744353609
2023-01-24 08:30:00,0.0005667331603354
2023-01-25 08:30:00,0.0010741954234503
2023-01-26 08:30:00,0.0006651771938579
2023-01-27 08:30:00,0.0006367392142058
2023-01-30 08:30:00,0.0008152472179422
2023-01-31 08:30:00,0.0005312132144487
2023-02-01 08:30:00,0.0015376484461122998
2023-02-02 08:30:00,0.0013128607789922
2023-02-03 08:30:00,0.0014158342693744
2023-02-06 08:30:00,0.0008221394634817
2023-02-07 08:30:00,0.0017210217865050001
2023-02-08 08:30:00,0.0014132132565164335
2023-02-09 08:30:00,0.0010304106615155117
2023-02-10 08:30:00,0.0008647330183187568
2023-02-13 08:30:00,0.00040665280124965454
2023-02-14 08:30:00,0.0013493641386688
2023-02-15 08:30:00,0.000486132015113
2023-02-16 08:30:00,0.0010350759813466
2023-02-17 08:30:00,0.0011071760577662
2023-02-21 08:30:00,0.0009257652536036
2023-02-22 08:30:00,0.0011408826774506
2023-02-23 08:30:00,0.0007319507879106999
2023-02-24 08:30:00,0.0013623050181621
2023-02-27 08:30:00,0.0007373999919807
2023-02-28 08:30:00,0.0004895236698061
2023-03-01 08:30:00,0.0011262484396437
2023-03-02 08:30:00,0.0005151951446512
2023-03-03 08:30:00,0.0003175845305138
2023-03-06 08:30:00,0.0003300898919795
2023-03-07 08:30:00,0.0011977431850431
2023-03-08 08:30:00,0.0006864345907149
2023-03-09 08:30:00,0.0019417989151594
2023-03-10 08:30:00,0.01247764251151
2023-03-13 08:30:00,0.0139178487901113
2023-03-14 08:30:00,0.0060400239351386
2023-03-15 08:30:00,0.009695830255187
2023-03-16 08:30:00,0.003179245432654888
2023-03-17 08:30:00,0.004617942027476263
2023-03-20 08:30:00,0.0021657564279627035
2023-03-21 08:30:00,0.0014812765022083
2023-03-22 08:30:00,0.0037756476068661
2023-03-23 08:30:00,0.0029631723208654
2023-03-24 08:30:00,0.0029697913650942
2023-03-27 08:30:00,0.0010182490825326
2023-03-28 08:30:00,0.0010372215411169
2023-03-29 08:30:00,0.0004188925192111
2023-03-30 08:30:00,0.0008279189979085
2023-03-31 08:30:00,0.00040364898162230004
2023-04-03 08:30:00,0.0004267676432633
2023-04-04 08:30:00,0.0012396873731963
2023-04-05 08:30:00,0.0009845580741255
2023-04-10 08:30:00,0.0006239843096367
2023-04-11 08:30:00,0.0005142385306057662
2023-04-12 08:30:00,0.0013185217437682326
2023-04-13 08:30:00,0.00032308014497648725
2023-04-14 08:30:00,0.0006146704416778078
2023-04-17 08:30:00,0.0006205399419358436
2023-04-18 08:30:00,0.0004991892140531632
2023-04-19 08:30:00,0.0003842368522347
2023-04-20 08:30:00,0.0005576644310326
2023-04-21 08:30:00,0.0007127853143995
2023-04-24 08:30:00,0.0003989293154154
2023-04-25 08:30:00,0.0014286068807904998
2023-04-26 08:30:00,0.0014553728414719
2023-04-27 08:30:00,0.0004678309924193
2023-04-28 08:30:00,0.0005975164988370904
2023-05-01 08:30:00,0.0005310546200044374
2023-05-02 08:30:00,0.0021854511158516084
2023-05-03 08:30:00,0.0016731803839037148
2023-05-04 08:30:00,0.002883214323799025
2023-05-05 08:30:00,0.0005274963126143816
2023-05-08 08:30:00,0.0006290000143581041
2023-05-09 08:30:00,0.0005920308193644583
2023-05-10 08:30:00,0.001730961033959237
2023-05-11 08:30:00,0.0011589998307603537
2023-05-12 08:30:00,0.0010538898507418172
2023-05-15 08:30:00,0.0005141839637794647
2023-05-16 08:30:00,0.0006808319671553486
2023-05-17 08:30:00,0.0003737323050073
2023-05-18 08:30:00,0.00047479105075719994
2023-05-19 08:30:00,0.0013629715386435
2023-05-22 08:30:00,0.001086515913882
2023-05-23 08:30:00,0.0010632578669733
2023-05-24 08:30:00,0.0009908750589257
2023-05-25 08:30:00,0.0010086552742046
2023-05-26 08:30:00,0.0006030223305609
2023-05-30 08:30:00,0.0008545830164533
2023-05-31 08:30:00,0.0006756291216221
2023-06-01 08:30:00,0.00044775010720778254
2023-06-02 08:30:00,0.00046876274961748967
2023-06-05 08:30:00,0.0005234614668198927
2023-06-06 08:30:00,0.000536331764269235
2023-06-07 08:30:00,0.000633326530901153
2023-06-08 08:30:00,0.00048714839007213797
2023-06-09 08:30:00,0.000525404647116175
2023-06-12 08:30:00,0.00039767659228120235
2023-06-13 08:30:00,0.000384942299345819
2023-06-14 08:30:00,0.0006683700831249979
2023-06-15 08:30:00,0.0003653713938978535
2023-06-16 08:30:00,0.0005078601787210907
2023-06-20 08:30:00,0.0003755766155025999
2023-06-21 08:30:00,0.0005079627179869
2023-06-22 08:30:00,0.0003667227268492
2023-06-23 08:30:00,0.0006712416214337
2023-06-26 08:30:00,0.0006972328235125
2023-06-27 08:30:00,0.0005398918548593
2023-06-28 08:30:00,0.0006694977565668
2023-06-29 08:30:00,0.0005533769675206
2023-06-30 08:30:00,0.00044378102341630007
2023-07-03 08:30:00,0.0001851849999871
2023-07-05 08:30:00,0.0003793423234482
2023-07-06 08:30:00,0.0023189104945654
2023-07-07 08:30:00,0.0009265910791739509
2023-07-10 08:30:00,0.0005860134711133902
2023-07-11 08:30:00,0.0006016227745921778
2023-07-12 08:30:00,0.0006751907971449238
2023-07-13 08:30:00,0.0004938346662761344
2023-07-14 08:30:00,0.000583253837694169
2023-07-17 08:30:00,0.00042365189845495213
2023-07-18 08:30:00,0.0003446123066043
2023-07-19 08:30:00,0.0005167412316999
2023-07-20 08:30:00,0.0006993140775462
2023-07-21 08:30:00,0.0007043684034708
2023-07-25 08:30:00,0.0006513063393555
2023-07-26 08:30:00,0.0008358630887873
2023-07-27 08:30:00,0.0019887969304588
2023-07-28 08:30:00,0.0009095146409466
2023-07-31 08:30:00,0.0004941900137348
2023-08-01 08:30:00,0.0006485660492624
2023-08-02 08:30:00,0.0021051404468265
2023-08-03 08:30:00,0.0016360426765783
2023-08-04 08:30:00,0.0025527295030957
2023-08-07 08:30:00,0.0014349902298165
2023-08-08 08:30:00,0.0024734288021653
2023-08-09 08:30:00,0.0017874175043398088
2023-08-10 08:30:00,0.003193147097687182
2023-08-11 08:30:00,0.001727022418397834
2023-08-14 08:30:00,0.0008782564938229914
2023-08-15 08:30:00,0.0011263697637472
2023-08-16 08:30:00,0.001323791693837
2023-08-17 08:30:00,0.0011379637787368
2023-08-18 08:30:00,0.001415138996387
2023-08-21 08:30:00,0.0009135846560179
2023-08-22 08:30:00,0.0010290816906973
2023-08-23 08:30:00,0.0004371112002472
2023-08-24 08:30:00,0.0011893828570422
2023-08-25 08:30:00,0.001855368338707
2023-08-28 08:30:00,0.0008802218183477
2023-08-29 08:30:00,0.0007074665059647
2023-08-30 08:30:00,0.0006151956453113
2023-08-31 08:30:00,0.0005990817956374
2023-09-01 08:30:00,0.0007000070158458
2023-09-05 08:30:00,0.000691571957913
2023-09-06 08:30:00,0.0009588102079374
2023-09-07 08:30:00,0.001105612840745954
2023-09-08 08:30:00,0.0009054581290346392
2023-09-11 08:30:00,0.0005423927990496387
2023-09-12 08:30:00,0.000692283647787163
2023-09-13 08:30:00,0.0006281595923728528
2023-09-14 08:30:00,0.0004439612945641688
2023-09-15 08:30:00,0.0009418609164076124
2023-09-18 08:30:00,0.0007688291917350049
2023-09-19 08:30:00,0.0007639695871919
2023-09-20 08:30:00,0.0009314191606041001
2023-09-21 08:30:00,0.0012549045623939
2023-09-22 08:30:00,0.0012036778561996
2023-09-25 08:30:00,0.0013491419138135
2023-09-26 08:30:00,0.0014645902298873
2023-09-27 08:30:00,0.0020650851041735
2023-09-28 08:30:00,0.0018190929261521
2023-09-29 08:30:00,0.002234029033817
2023-10-02 08:30:00,0.0022091469826466
2023-10-03 08:30:00,0.0024080853293254
